"FieldType0","FieldLabel0","FieldOptions0","FieldOptionsScores0","FieldType1","FieldLabel1","FieldOptions1","FieldOptionsScores1","FieldType2","FieldLabel2","FieldOptions2","FieldOptionsScores2","FieldType3","FieldLabel3","FieldOptions3","FieldOptionsScores3","FieldType4","FieldLabel4","FieldOptions4","FieldOptionsScores4","FieldType5","FieldLabel5","FieldOptions5","FieldOptionsScores5","FieldType6","FieldLabel6","FieldOptions6","FieldOptionsScores6","FieldType7","FieldLabel7","FieldOptions7","FieldOptionsScores7","FieldType8","FieldLabel8","FieldOptions8","FieldOptionsScores8","FieldType9","FieldLabel9","FieldOptions9","FieldOptionsScores9","FieldType10","FieldLabel10","FieldOptions10","FieldOptionsScores10","FieldType11","FieldLabel11","FieldOptions11","FieldOptionsScores11","FieldType12","FieldLabel12","FieldOptions12","FieldOptionsScores12","FieldType13","FieldLabel13","FieldOptions13","FieldOptionsScores13","FieldType14","FieldLabel14","FieldOptions14","FieldOptionsScores14","FieldType15","FieldLabel15","FieldOptions15","FieldOptionsScores15","FieldType16","FieldLabel16","FieldOptions16","FieldOptionsScores16","FieldType17","FieldLabel17","FieldOptions17","FieldOptionsScores17","FieldType18","FieldLabel18","FieldOptions18","FieldOptionsScores18","FieldType19","FieldLabel19","FieldOptions19","FieldOptionsScores19","NumberFields","formInfo","formRef","formula","resultUnits","tagLine","title","sections"
"button","Alertness","Normal,Mild sleepiness for <10secs after waking then normal,Clearly abnormal","0,0,4","button","AMT 4: Age / DOB / Place / Year","No mistakes,1 mistake,≥2 mistakes or untestable","0,1,2","button","Attention: list months in reverse order starting December","Lists ≥7 months correctly,Starts but lists <7 months or refuses to start,Untestable","0,1,2","button","Acute change / Fluctuating course: evidence of change or fluctuation in mental status within last 2 weeks and persisting in last 24 hours","Yes,No","4,0","null","null","null","null","null","null","null","null","null","null","null","null","null","null","null","null","null","null","null","null","null","null","null","null","null","null","null","null","null","null","null","null","null","null","null","null","null","null","null","null","null","null","null","null","null","null","null","null","null","null","null","null","null","null","null","null","null","null","null","null","null","null","null","null","4","4ASDELERIUMinfo","Bellelli G, Morandi A, Davis DH, Mazzola P, Turco R, Gentile S, Ryan T, Cash H, Guerini F, Torpilliesi T, Del Santo F.$$Validation of the 4AT, a new instrument for rapid delirium screening: a study in 234 hospitalised older people. Age and ageing. 2014 Mar 2;43(4):496-502.$$https://academic.oup.com/ageing/article-abstract/43/4/496/2812210££De J, Wand AP, Smerdely PI, Hunt GE.$$Validating the 4A's test in screening for delirium in a culturally diverse geriatric inpatient population. International Journal of Geriatric Psychiatry. 2017 Dec;32(12):1322-9.$$https://onlinelibrary.wiley.com/doi/abs/10.1002/gps.4615££Lees R, Corbet S, Johnston C, Moffitt E, Shaw G, Quinn TJ.$$Test accuracy of short screening tests for diagnosis of delirium or cognitive impairment in an acute stroke unit setting. Stroke. 2013 Nov;44(11):3078-83.$$https://www.ahajournals.org/doi/abs/10.1161/strokeaha.113.001724","nil","points","Screening for delirium in older patients","4As DELIRIUM","All,Neuro,Old,Psych"
"button","Age (years)","<50,50-59,60-69,70-79,≥80","0,2,4,6,7","button","Sex","Male,Female","1,0","button","Number of co-morbidities (chronic disease):  Cardiac / Respiratory (excluding asthma) / Renal (eGFR ≤30) / Liver / Dementia / Neurological conditions / Connective tissue / Diabetes / HIV or AIDS / Malignancy","0,1,≥2","0,1,2","button","Respiratory rate (min)","<20,20-29,≥30","0,1,2","button","SaO₂ on room air","≥92%,<92%","0,2","button","GCS","15,<15","0,2","button","Urea","<7mmol/L or <42mg/dL,7-14mmol or 42-84mg/dL,>14mmol or >84mg/dL","0,1,3","button","CRP","<50mg/dL,5-9.9mg/dL,≥10mg/dL","0,1,2","null","null","null","null","null","null","null","null","null","null","null","null","null","null","null","null","null","null","null","null","null","null","null","null","null","null","null","null","null","null","null","null","null","null","null","null","null","null","null","null","null","null","null","null","null","null","null","null","8","4CMORTALITYinfo","Knight SR, Ho A, Pius R, Buchan I, Carson G, Drake TM, Dunning J, Fairfield CJ, Gamble C, Green CA, Gupta R.$$Risk stratification of patients admitted to hospital with covid-19 using the ISARIC WHO Clinical Characterisation Protocol: development and validation of the 4C Mortality Score. bmj. 2020 Sep 9;370.$$https://www.bmj.com/content/370/bmj.m3339.long££Jones A, Pitre T, Junek M, Kapralik J, Patel R, Feng E, Dawson L, Tsang JL, Duong M, Ho T, Beauchamp MK.¬¨‚Ä†$$External validation of the 4C mortality score among COVID-19 patients admitted to hospital in Ontario, Canada: a retrospective study. Scientific reports. 2021 Sep 20;11(1):18638.$$https://www.nature.com/articles/s41598-021-97332-1","nil","points","Predicts in-hospital mortality in patients admitted with COVID-19","4C MORTALITY","All,CriticalCare,Resp"
"button","Age (years)","<50,50-64,>64","-2,-1,0","button","Sex","Male,Female","2,0","button","Chronic respiratory disease","Yes,No","-1,0","button","Heart rate <80","Yes,No","-1,0","button","Chest pain & Acute dyspnea","Yes,No","1,0","button","Current Oestrogen use","Yes,No","2,0","button","PMH of VTE","Yes,No","2,0","button","Syncope","Yes,No","2,0","button","Immobility within the last four weeks","Yes,No","2,0","button","SpO₂ <95%","Yes,No","3,0","button","Calf pain and /or unilateral lower limb oedema","Yes,No","3,0","button","PE most likely diagnosis","Yes,No","5,0","null","null","null","null","null","null","null","null","null","null","null","null","null","null","null","null","null","null","null","null","null","null","null","null","null","null","null","null","null","null","null","null","12","4PEPSinfo","Roy PM, Friou E, Germeau B, Douillet D, Kline JA, Righini M, Le Gal G, Moumneh T, Penaloza A.$$Derivation and validation of a 4-level clinical pretest probability score for suspected pulmonary embolism to safely decrease imaging testing. JAMA cardiology. 2021 Jun 1;6(6):669-77.$$https://jamanetwork.com/journals/jamacardiology/article-abstract/2776853££Chiang P, Robert-Ebadi H, Perrier A, Roy PM, Sanchez O, Righini M, Le Gal G$$Pulmonary Embolism Risk Stratification: External Validation of the 4-Level Clinical Pretest Probability Score (4PEPS). Research and Practice in Thrombosis and Haemostasis. 2024 Feb 15:102348$$https://www.sciencedirect.com/science/article/pii/S2475037924000372","nil","points","4-Level Pulmonary Embolism Clinical Probability Score (4PEPS): Rules out PE based on clinical criteria","4PEPS","All,Emergency,Resp"
"button","Thrombocytopenia","Platelet count fall >50% AND platelet nadir ≥20,Platelet count fall 30-50% OR platelet nadir 10-19,Platelet count fall <30% OR platelet nadir <10","2,1,0","button","Timing of platelet count fall","Clear onset between days 5-10 OR platelet fall ≤1 day (prior heparin exposure within 30 days),Consistent with days 5-10 fall but not clear; onset after day 10 OR fall ≤1 day (prior heparin exposure 30-100 days ago),Platelet count fall <4 days without recent exposure","2,1,0","button","Thrombosis or other sequelae","New thrombosis OR skin necrosis; acute systemic reaction post-IV heparin bolus,Progressive OR recurrent thrombosis; non-necrotizing skin lesions; suspected thrombosis (not proven),None","2,1,0","button","Other causes for thrombocytopenia","None,Possible,Definite","2,1,0","null","null","null","null","null","null","null","null","null","null","null","null","null","null","null","null","null","null","null","null","null","null","null","null","null","null","null","null","null","null","null","null","null","null","null","null","null","null","null","null","null","null","null","null","null","null","null","null","null","null","null","null","null","null","null","null","null","null","null","null","null","null","null","null","4","4Tsinfo","AndersLo GK, Juhl D, Warkentin TE, Sigouin CS, Eichler P, Greinacher A.son M, Andersson RE.$$Evaluation of pretest clinical score (4 T's) for the diagnosis of heparin‚Äö√Ñ√™induced thrombocytopenia in two clinical settings. Journal of Thrombosis and Haemostasis. 2006 Apr 1;4(4):759-65.$$https://www.sciencedirect.com/science/article/pii/S1538783622130849££Vatanparast R, Lantz S, Ward K, Crilley PA, Styler M.$$Vatanparast R, Lantz S, Ward K, Crilley PA, Styler M. Evaluation of a pretest scoring system (4Ts) for the diagnosis of heparin-induced thrombocytopenia in a university hospital setting. Postgraduate medicine. 2012 Nov 1;124(6):36-42.$$https://www.tandfonline.com/doi/abs/10.3810/pgm.2012.11.2611","nil","points","Differentiates patients with Heparin-Induced Thrombocytopenia from those with other causes of thrombocytopenia","4Ts HIT Score","All,Haem"
"button","Sex","Male,Female","1,0","numerical","Height","cm","0","numerical","Age 40-80","years","0","numerical","Weight","kg","0","null","null","null","null","null","null","null","null","null","null","null","null","null","null","null","null","null","null","null","null","null","null","null","null","null","null","null","null","null","null","null","null","null","null","null","null","null","null","null","null","null","null","null","null","null","null","null","null","null","null","null","null","null","null","null","null","null","null","null","null","null","null","null","null","4","6MINUTEWALKDISTANCEinfo","Enright PL, Sherrill DL.$$Reference equations for the six-minute walk in healthy adults. American journal of respiratory and critical care medicine. 1998 Nov 1;158(5):1384-7.$$https://www.atsjournals.org/doi/abs/10.1164/ajrccm.158.5.9710086££Enright PL, McBurnie MA, Bittner V, Tracy RP, McNamara R, Arnold A, Newman AB.$$The 6-min walk test: a quick measure of functional status in elderly adults. Chest. 2003 Feb 1;123(2):387-98.$$https://www.sciencedirect.com/science/article/pii/S0012369215324466££TS Committee on Proficiency Standards for Clinical Pulmonary Function Laboratories.$$ATS statement: guidelines for the six-minute walk test. Am J Respir Crit Care Med. 2002;166:111-7.$$https://www.ncbi.nlm.nih.gov/pubmed/12091180","6minWalk","m","Calculates reference values for distance walked, as a measure of functional status","6 MINUTE WALK DISTANCE","All,GP,MSK,Old"
"button","Age ≥ 60 years","Yes,No","1,0","button","BP ≥ 140/90 mmHg","Yes,No","1,0","button","Clinical features of the TIA","Unilateral weakness,Speech disturbance without weakness,Other symptoms","2,1,0","button","Duration of symptoms","<10 mins,10-59 mins,≥ 60 mins","0,1,2","button","History of diabetes","Yes,No","1,0","null","null","null","null","null","null","null","null","null","null","null","null","null","null","null","null","null","null","null","null","null","null","null","null","null","null","null","null","null","null","null","null","null","null","null","null","null","null","null","null","null","null","null","null","null","null","null","null","null","null","null","null","null","null","null","null","null","null","null","null","5","ABCD2info","Johnston SC, Rothwell PM, Nguyen-Huynh MN, Giles MF, Elkins JS, Bernstein AL, Sidney S.$$Validation and refinement of scores to predict very early stroke risk after transient ischaemic attack. The Lancet. 2007 Jan 27;369(9558):283-92.$$https://www.sciencedirect.com/science/article/pii/S0140673607601500££Josephson SA, Sidney S, Pham TN, Bernstein AL, Johnston SC.$$Higher ABCD2 score predicts patients most likely to have true transient ischemic attack. stroke. 2008 Nov 1;39(11):3096-8.$$https://www.ahajournals.org/doi/abs/10.1161/STROKEAHA.108.514562","nil","points","Estimates the risk of stroke after a suspected transient ischemic attack (TIA)","ABCD2","All,Emergency,GP,Neuro,Old"
"button","Morning stiffness duration",">45 mins,≤45 mins","2,0","button","Hip pain or limited range of motion","Yes,No","1,0","button","Rheumatoid factor (RF) or Anti-cyclic citrullinated peptide antibody (ACPA)","Absent,Present","2,0","button","Other joint pain","Yes,No","1,0","command","Ultrasound criteria","%","0","button","Both shoulders with Sub-deltoid bursitis, Biceps tenosynovitis or Glenohumeral synovitis","Yes,No","1,0","button","One shoulder with Sub-deltoid bursitis and/or Biceps tenosynovitis and/or Glenohumeral synovitis and at least one Hip with synovitis and/or Trochanteric bursitis","Yes,No","1,0","null","null","null","null","null","null","null","null","null","null","null","null","null","null","null","null","null","null","null","null","null","null","null","null","null","null","null","null","null","null","null","null","null","null","null","null","null","null","null","null","null","null","null","null","null","null","null","null","null","null","null","null","7","ACR-EULARPMRinfo","Dasgupta B, Cimmino MA, Kremers HM, Schmidt WA, Schirmer M, Salvarani C, Bachta A, Dejaco C, Duftner C, Jensen HS, Duhaut P$$2012 provisional classification criteria for polymyalgia rheumatica: a European League Against Rheumatism/American College of Rheumatology collaborative initiative. Arthritis & Rheumatism. 2012 Apr;64(4):943-54$$https://onlinelibrary.wiley.com/doi/abs/10.1002/art.34356££Initiative C$$2015 Recommendations for the Management of Polymyalgia Rheumatica$$https://www.rheumguide.ca/uploads/1/2/7/1/127151112/2015_recommendations_for_the_management_of_polymyalgia_rheumatica_a_european_league_against_rheumatismamerican_college_of_rheumatology_collaborative_initiative.pdf.pdf££Macchioni P, Boiardi L, Catanoso M, Pazzola G, Salvarani C$$Performance of the new 2012 EULAR/ACR classification criteria for polymyalgia rheumatica: comparison with the previous criteria in a single-centre study. Annals of the rheumatic diseases. 2014 Jun 1;73(6):1190-3$$https://ard.bmj.com/content/73/6/1190.short","nil","points","Diagnoses polymyalgia rheumatica (PMR) in patients based on 2012 EULAR/ACR criteria","ACR-EULAR PMR","All,GP,MSK"
"button","Joint involvement: Any swollen/tender joint on exam, excluding DIP joints and 1st CMC/MTP joints","1 large joint,2-10 large joints,1-3 small joints (+/- large joint involvement),4-10 small joints (+/- large joint involvement),>10 joints (at least 1 small joint)","0,1,2,3,5","button","Serology result: Low-positive = IU values >ULN but ≤3x ULN / High-positive = IU values >3x ULN / RF = Low-positive if reported only as positive or negative","Negative RF and Anti-CCP,Low positive RF or Anti-CCP,High positive RF or Anti-CCP","0,2,3","button","Acute-phase reactants","Normal CRP/ESR,Raised CRP/ESR","0,1","button","Duration of synovitis symptoms in joints clinically involved at the time of assessment, regardless of treatment status","<6 weeks,≥6 weeks","0,1","null","null","null","null","null","null","null","null","null","null","null","null","null","null","null","null","null","null","null","null","null","null","null","null","null","null","null","null","null","null","null","null","null","null","null","null","null","null","null","null","null","null","null","null","null","null","null","null","null","null","null","null","null","null","null","null","null","null","null","null","null","null","null","null","4","ACR-EULARRAinfo","Kay J, Upchurch KS.$$ACR/EULAR 2010 rheumatoid arthritis classification criteria. Rheumatology. 2012 Dec 1;51(suppl_6):vi5-9.$$https://academic.oup.com/rheumatology/article-abstract/51/suppl_6/vi5/1787592","nil","points","Diagnoses rheumatoid arthritis (RA) in patients with undifferentiated inflammatory synovitis","ACR-EULAR RA","All,GP,MSK"
"button","Male sex","Yes,No","2,0","button","Previous patient-reported arthritis attack","Yes,No","2,0","button","Onset within 1 day","Yes,No","0.5,0","button","Joint redness","Yes,No","1,0","button","1st MTP involvement","Yes,No","2.5,0","button","Hypertension or ≥1 cardiac diseases","Yes,No","1.5,0","button","Serum uric acid > 0.35 mmol/L","Yes,No","3.5,0","null","null","null","null","null","null","null","null","null","null","null","null","null","null","null","null","null","null","null","null","null","null","null","null","null","null","null","null","null","null","null","null","null","null","null","null","null","null","null","null","null","null","null","null","null","null","null","null","null","null","null","null","7","ACUTEGOUTDIAGNOSISinfo","Janssens HJ, Fransen J, Van de Lisdonk EH, van Riel PL, van Weel C, Janssen M.$$A diagnostic rule for acute gouty arthritis in primary care without joint fluid analysis. Archives of Internal Medicine. 2010 Jul 12;170(13):1120-6.$$https://jamanetwork.com/journals/jamainternalmedicine/article-abstract/225738££Kienhorst LB, Janssens HJ, Fransen J, Janssen M.$$The validation of a diagnostic rule for gout without joint fluid analysis: a prospective study. Rheumatology. 2015 Apr 1;54(4):609-14.$$https://academic.oup.com/rheumatology/article-abstract/54/4/609/1799752","nil","points","Risk stratifies for gout vs non-gout arthritis","ACUTE GOUT DIAGNOSIS","All,Emergency,GP,MSK"
"button","How often do you have trouble wrapping up the final details of a project, once the challenging parts have been done?","Never,Rarely,Sometimes,Often,Very often","0,0,1,1,1","button","How often do you have difficulty getting things in order when you have to do a task that requires organisation?","Never,Rarely,Sometimes,Often,Very often","0,0,1,1,1","button","How often do you have problems remembering appointments or obligations?","Never,Rarely,Sometimes,Often,Very often","0,0,1,1,1","button","When you have a task that requires a lot of thought, how often do you avoid or delay getting started?","Never,Rarely,Sometimes,Often,Very often","0,0,0,1,1","button","How often do you fidget or squirm with your hands or feet when you have to sit down for a long time?","Never,Rarely,Sometimes,Often,Very often","0,0,0,1,1","button","How often do you feel overly active and compelled to do things, like you were driven by a motor?","Never,Rarely,Sometimes,Often,Very often","0,0,0,1,1","null","null","null","null","null","null","null","null","null","null","null","null","null","null","null","null","null","null","null","null","null","null","null","null","null","null","null","null","null","null","null","null","null","null","null","null","null","null","null","null","null","null","null","null","null","null","null","null","null","null","null","null","null","null","null","null","6","ADHDinfo","Kessler RC, Adler L, Ames M, Demler O, Faraone S, Hiripi EV, Howes MJ, Jin R, Secnik K, Spencer T, Ustun TB$$The World Health Organization Adult ADHD Self-Report Scale (ASRS): a short screening scale for use in the general population. Psychological medicine. 2005 Feb;35(2):245-56$$https://www.cambridge.org/core/journals/psychological-medicine/article/world-health-organization-adult-adhd-selfreport-scale-asrs-a-short-screening-scale-for-use-in-the-general-population/28DF9AC948CE49D49B42AE9DABA325C1££Adler LA, Spencer T, Faraone SV, Kessler RC, Howes MJ, Biederman J, Secnik K$$Validity of pilot Adult ADHD Self-Report Scale (ASRS) to rate adult ADHD symptoms. Annals of Clinical Psychiatry. 2006 Jan 1;18(3):145-8$$https://www.tandfonline.com/doi/abs/10.3109/10401230600801077","nil","points","Used as diagnostic tool for adult ADHD","ADHD-ADULT SELF-REPORT SCALE","All,GP,Psych"
"button","Sex","Male,Female","50,45.5","numerical","Height: min 153cm","cm","0","numerical","Actual weight","kg","0","null","null","null","null","null","null","null","null","null","null","null","null","null","null","null","null","null","null","null","null","null","null","null","null","null","null","null","null","null","null","null","null","null","null","null","null","null","null","null","null","null","null","null","null","null","null","null","null","null","null","null","null","null","null","null","null","null","null","null","null","null","null","null","null","null","null","null","null","3","ADJUSTEDBODYWEIGHTinfo","Devine BJ.$$Gentamicin therapy. Drug Intell. Clin. Pharm. 1974; 8:650-5.$$@££Pai MP, Paloucek FP.$$The origin of the ‚Äö√Ñ√∫ideal‚Äö√Ñ√π body weight equations. Annals of Pharmacotherapy. 2000 Sep;34(9):1066-9.$$https://journals.sagepub.com/doi/pdf/10.1345/aph.19381","ABW","kg","Calculates adjusted body weight. For use in obese patients where actual > ideal body weight","BODY WEIGHT - ADJUSTED","All,CriticalCare,Gastro,GP"
"button","Sex","Male,Female","1,0","numerical","Age","years","0","null","null","null","null","null","null","null","null","null","null","null","null","null","null","null","null","null","null","null","null","null","null","null","null","null","null","null","null","null","null","null","null","null","null","null","null","null","null","null","null","null","null","null","null","null","null","null","null","null","null","null","null","null","null","null","null","null","null","null","null","null","null","null","null","null","null","null","null","null","null","null","null","2","AGEADJUSTEDCRPESRinfo","Siemons L, Ten Klooster PM, Vonkeman HE, van Riel PL, Glas CA, van de Laar MA$$How age and sex affect the erythrocyte sedimentation rate and C-reactive protein in early rheumatoid arthritis. BMC musculoskeletal disorders. 2014 Dec;15:1-7$$https://link.springer.com/article/10.1186/1471-2474-15-368££Miller A, Green M, Robinson D$$Simple rule for calculating normal erythrocyte sedimentation rate. British medical journal (Clinical research ed.). 1983 Jan 1;286(6361):266$$https://www.ncbi.nlm.nih.gov/pmc/articles/PMC1546487/££Wener MH, Daum PR, McQuillan GM$$The influence of age, sex, and race on the upper reference limit of serum C-reactive protein concentration. The Journal of rheumatology. 2000 Oct 1;27(10):2351-9$$https://europepmc.org/article/med/11036829","AGEESRCRP","points","Calculates age-adjusted ESR and CRP in adult patients","AGE ADJUSTED CRP/ESR","All,MSK,GP"
"numerical","Age ≥50","years","0","null","null","null","null","null","null","null","null","null","null","null","null","null","null","null","null","null","null","null","null","null","null","null","null","null","null","null","null","null","null","null","null","null","null","null","null","null","null","null","null","null","null","null","null","null","null","null","null","null","null","null","null","null","null","null","null","null","null","null","null","null","null","null","null","null","null","null","null","null","null","null","null","null","null","null","null","1","AGE-ADJUSTEDD-DIMERinfo","Schouten HJ, Geersing GJ, Koek HL, Zuithoff NP, Janssen KJ, Douma RA, van Delden JJ, Moons KG, Reitsma JB.¬¨‚Ä†$$Diagnostic accuracy of conventional or age adjusted D-dimer cut-off values in older patients with suspected venous thromboembolism: systematic review and meta-analysis. Bmj. 2013 May 3;346.$$https://www.bmj.com/content/346/bmj.f2492.full££Righini M, Van Es J, Den Exter PL, Roy PM, Verschuren F, Ghuysen A, Rutschmann OT, Sanchez O, Jaffrelot M, Trinh-Duc A, Le Gall C.$$Age-adjusted D-dimer cutoff levels to rule out pulmonary embolism: the ADJUST-PE study. Jama. 2014 Mar 19;311(11):1117-24.$$https://jamanetwork.com/journals/jama/article-abstract/1841967££Sharp AL, Vinson DR, Alamshaw F, Handler J, Gould MK.$$An age-adjusted D-dimer threshold for emergency department patients with suspected pulmonary embolus: accuracy and clinical implications. Annals of emergency medicine. 2016 Feb 1;67(2):249-57.$$https://www.sciencedirect.com/science/article/pii/S0196064415006162££Jaconelli T, Eragat M, Crane S.$$Can an age-adjusted D-dimer level be adopted in managing venous thromboembolism in the emergency department? A retrospective cohort study. European Journal of Emergency Medicine. 2018 Aug 1;25(4):288-94.$$https://www.ingentaconnect.com/content/wk/ejeme/2018/00000025/00000004/art00013","DDIMER","µg/mL","Adjusts D-dimer cutoffs by age to help rule out VTE in patients ≥50 years old","AGE-ADJUSTED D-DIMER","All,Cardio,Emergency"
"button","Vomiting","Yes,No","1,0","button","RIF pain","Yes,No","1,0","button","Rebound tenderness","None,Light,Medium,Strong","0,1,2,3","button","Temp ≥38.5°C","Yes,No","1,0","button","Polymorphonuclear leukocytes","<70%,70-84%,≥85%","0,1,2","button","WBC x 10⁹/L","<10,10-14.9,≥15","0,1,2","button","CRP level, mg/L","<10,10-49,≥50","0,1,2","null","null","null","null","null","null","null","null","null","null","null","null","null","null","null","null","null","null","null","null","null","null","null","null","null","null","null","null","null","null","null","null","null","null","null","null","null","null","null","null","null","null","null","null","null","null","null","null","null","null","null","null","7","AIRinfo","Andersson M, Andersson RE.$$The appendicitis inflammatory response score: a tool for the diagnosis of acute appendicitis that outperforms the Alvarado score. World journal of surgery. 2008 Aug;32:1843-9.$$https://link.springer.com/article/10.1007/s00268-008-9649-y££De Castro SM, ‚àö√∫nl‚àö¬∫ C, Steller EP, Van Wagensveld BA, Vrouenraets BC.$$Evaluation of the appendicitis inflammatory response score for patients with acute appendicitis. World journal of surgery. 2012 Jul;36:1540-5.$$https://link.springer.com/article/10.1007/s00268-012-1521-4","nil","points","Diagnoses appendicitis based on clinical and laboratory findings","AIR SCORE","All,Emergency,GenSurg"
"command","AKI Criteria - at least one of these must be true in last 48 hours","%","0","button","Absolute increase in serum creatinine ≥26.4 µmol/L/ ≥0.3 mg/dL","Yes,No","1,0","button","increase in serum creatinine ≥1.5x above baseline","Yes,No","1,0","button","Oliguria (urine output <0.5 mL/kg per hour) for >6 hours","Yes,No","1,0","command","AKI Severity","%","0","button","Serum Creatinine","Normal creatinine OR <1.5x from baseline,Absolute increase  ≥26.4μmol/L / ≥0.3 mg/dL OR ≥1.5-2x from baseline,Increase to >2-3x from baseline,Increase to >3x from baseline OR ≥4.0 mg/dL (≥354μmol/L) with acute increase ≥44μmol/L / ≥0.5 mg/dL","0,1,2,3","button","Urine output","≥0.5 mL/kg per hour for >6 hours,<0.5 mL/kg per hour for >6 hours,<0.5 mL/kg per hour for >12 hours,<0.3 mL/kg per hour for ≥24 hours OR anuria for 12 hours","0,1,2,3","null","null","null","null","null","null","null","null","null","null","null","null","null","null","null","null","null","null","null","null","null","null","null","null","null","null","null","null","null","null","null","null","null","null","null","null","null","null","null","null","null","null","null","null","null","null","null","null","null","null","null","null","7","AKINCLASSIFICATIONinfo","Mehta RL, Kellum JA, Shah SV, Molitoris BA, Ronco C, Warnock DG, Levin A, Acute Kidney Injury Network$$Acute Kidney Injury Network: report of an initiative to improve outcomes in acute kidney injury. Critical care. 2007 Apr;11:1-8$$https://link.springer.com/article/10.1186/cc5713££Lopes JA, Jorge S$$The RIFLE and AKIN classifications for acute kidney injury: a critical and comprehensive review. Clinical kidney journal. 2013 Feb 1;6(1):8-14$$https://academic.oup.com/ckj/article-abstract/6/1/8/468698££Xiong J, Tang X, Hu Z, Nie L, Wang Y, Zhao J$$The RIFLE versus AKIN classification for incidence and mortality of acute kidney injury in critical ill patients: a meta-analysis. Scientific reports. 2015 Dec 7;5(1):17917$$https://www.nature.com/articles/srep17917","AKIN","points","AKIN Classification for acute kidney injury (AKI)","AKIN CLASSIFICATION","All,Renal"
"numerical","Lymphocytes","%","0","numerical","WBC","WBC","0","null","null","null","null","null","null","null","null","null","null","null","null","null","null","null","null","null","null","null","null","null","null","null","null","null","null","null","null","null","null","null","null","null","null","null","null","null","null","null","null","null","null","null","null","null","null","null","null","null","null","null","null","null","null","null","null","null","null","null","null","null","null","null","null","null","null","null","null","null","null","null","null","2","ALCinfo","Shapiro NI, Karras DJ, Leech SH, Heilpern KL$$Absolute lymphocyte count as a predictor of CD4 count. Annals of emergency medicine. 1998 Sep 1;32(3):323-8$$https://www.sciencedirect.com/science/article/pii/S0196064498700083££Obirikorang C, Quaye L, Acheampong I$$otal lymphocyte count as a surrogate marker for CD4 count in resource-limited settings. BMC Infectious Diseases. 2012 Dec;12:1-5$$https://link.springer.com/article/10.1186/1471-2334-12-128","$/100)*($$*1000)","cells/mm²","Absolute Lymphocyte Count: predicts CD4 count","ABSOLUTE LYMPHOCYTE COUNT","All,Haem"
"button","Asymmetric appearance of lower limbs","Yes,No","3,0","button","Age ≥70 years","Yes,No","2,0","button","WBC ≥10⁹/L","Yes,No","1,0","button","Heart rate ≥90 bpm","Yes,No","1,0","null","null","null","null","null","null","null","null","null","null","null","null","null","null","null","null","null","null","null","null","null","null","null","null","null","null","null","null","null","null","null","null","null","null","null","null","null","null","null","null","null","null","null","null","null","null","null","null","null","null","null","null","null","null","null","null","null","null","null","null","null","null","null","null","4","ALT-70info","Raff AB, Weng QY, Cohen JM, Gunasekera N, Okhovat JP, Vedak P, Joyce C, Kroshinsky D, Mostaghimi A$$A predictive model for diagnosis of lower extremity cellulitis: a cross-sectional study. Journal of the American Academy of Dermatology. 2017 Apr 1;76(4):618-25$$https://www.sciencedirect.com/science/article/pii/S019096221730018X££Li DG, Dewan AK, Di Xia F, Khosravi H, Joyce C, Mostaghimi A$$The ALT-70 predictive model outperforms thermal imaging for the diagnosis of lower extremity cellulitis: a prospective evaluation. Journal of the American Academy of Dermatology. 2018 Dec 1;79(6):1076-80$$https://www.sciencedirect.com/science/article/pii/S0190962218322217££Singer S, Li DG, Gunasekera N, Okhovat JP, Vedak P, Weng C, Cohen J, Joyce C, Raff A, Kroshinsky D, Mostaghimi A$$The ALT-70 cellulitis model maintains predictive value at 24 and 48 hours after presentation. Journal of the American Academy of Dermatology. 2019 Dec 1;81(6):1252-6$$https://www.sciencedirect.com/science/article/pii/S0190962219304682","nil","points","Predicts likelihood of lower limb cellulitis","ALT-70 CELLULITIS","All,Emergency,GP"
"button","Patient's age","Correct,Incorrect","1,0","button","Time to nearest hour","Correct,Incorrect","1,0","command","Give the patient the address ""42 West Street"". Ask the patient to repeat it back to you and remember it","%","0","button","Patient's home address","Correct,Incorrect","1,0","button","Current year","Both correct,One correct / Incorrect","1,0","button","What jobs do these people do (2 people)","Correct,Incorrect","1,0","button","Patient's DOB","Correct,Incorrect","1,0","button","Year World War 2 started","Correct,Incorrect","1,0","button","Current Prime minister / Monarch","Correct,Incorrect","1,0","button","Count backwards from 20 to 1","Correct,Incorrect","1,0","button","Recall address ""42 West Street""","Correct,Incorrect","1,0","null","null","null","null","null","null","null","null","null","null","null","null","null","null","null","null","null","null","null","null","null","null","null","null","null","null","null","null","null","null","null","null","null","null","null","null","11","AMT-10info","Hodkinson HM.$$Evaluation of a mental test score for assessment of mental impairment in the elderly. Age and ageing. 1972 Nov 1;1(4):233-8.$$https://academic.oup.com/ageing/article-abstract/1/4/233/14334££Williams EI, Wallace P.$$Health checks for people aged 75 and over. Occasional Paper (Royal College of General Practitioners). 1993 Apr(59):iv.$$https://www.ncbi.nlm.nih.gov/pmc/articles/PMC2560933/££Bonaiuto S, Rocca WA, Lippi A, Luciani P, Giannandrea E, Cavarzeran F, Amaducci L.$$Study on the validity of the Hodkinson Abbreviated Mental Test Score (AMTS) in detecting dementia of elderly subjects in appignano (Macerata province), Italy. Archives of Gerontology and Geriatrics. 1992 Jan 1;15:75-85.$$https://www.sciencedirect.com/science/article/pii/S016749430580007X","nil","points","Assesses mental impairment in elderly patients, screening for delirium or dementia","AMT-10","All,Emergency,GP,Neuro,Old,Psych"
"button","Age","Correct,Incorrect","1,0","button","Date of birth","Correct,Incorrect","1,0","button","Place","Correct,Incorrect","1,0","button","Year","Correct,Incorrect","1,0","null","null","null","null","null","null","null","null","null","null","null","null","null","null","null","null","null","null","null","null","null","null","null","null","null","null","null","null","null","null","null","null","null","null","null","null","null","null","null","null","null","null","null","null","null","null","null","null","null","null","null","null","null","null","null","null","null","null","null","null","null","null","null","null","4","AMT-4info","Swain DG, Nightingale PG.$$Evaluation of a shortened version of the Abbreviated Mental Test in a series of elderly patients. Clinical rehabilitation. 1997 Aug;11(3):243-8.$$https://journals.sagepub.com/doi/abs/10.1177/026921559701100308££Locke T, Keat S, Tate M, Bown A, Hart A, Ghosh R$$Assessing the performance of the four question abbreviated mental test in the acute geriatric setting. Acute Med. 2013 Jan 1;12:13-7.$$https://www.researchgate.net/profile/Anthony-Hart-3/publication/236090794_Assessing_the_performance_of_the_four_question_abbreviated_mental_test_in_the_acute_geriatric_setting/links/60be8a00299bf10dffa62d15/Assessing-the-performance-of-the-four-question-abbreviated-mental-test-in-the-acute-geriatric-setting.pdf££Hodkinson HM.$$Evaluation of a mental test score for assessment of mental impairment in the elderly. Age and ageing. 1972 Nov 1;1(4):233-8.$$https://academic.oup.com/ageing/article-abstract/1/4/233/14334","nil","points","Assesses mental impairment in elderly patients, screening for delirium or dementia","AMT-4","All,Emergency,GP,Neuro,Old,Psych"
"numerical","Neutrophils","%","0","numerical","Bands","%","0","numerical","WBC","WBC","0","null","null","null","null","null","null","null","null","null","null","null","null","null","null","null","null","null","null","null","null","null","null","null","null","null","null","null","null","null","null","null","null","null","null","null","null","null","null","null","null","null","null","null","null","null","null","null","null","null","null","null","null","null","null","null","null","null","null","null","null","null","null","null","null","null","null","null","null","3","ANCinfo","Al-Gwaiz LA, Babay HH$$The diagnostic value of absolute neutrophil count, band count and morphologic changes of neutrophils in predicting bacterial infections. Medical Principles and Practice. 2007 Aug 17;16(5):344-7$$https://karger.com/mpp/article-abstract/16/5/344/203779££Rivera E, Haim Erder M, Fridman M, Frye D, Hortobagyi GN$$First-cycle absolute neutrophil count can be used to improve chemotherapy-dose delivery and reduce the risk of febrile neutropenia in patients receiving adjuvant therapy: a validation study. Breast Cancer Research. 2003 Oct;5:1-7$$https://link.springer.com/article/10.1186/bcr618","$+$$)*($$)*10","cells/mm²","Absolute Neutrophil Count: used to determine potential neutropenia in immunocompromised patients","ABSOLUTE NEUTROPHIL COUNT","All,Haem"
"numerical","Sodium","mmol/L","0","numerical","Chloride","mmol/L","0","numerical","Bicarbonate","mmol/L","0","null","null","null","null","null","null","null","null","null","null","null","null","null","null","null","null","null","null","null","null","null","null","null","null","null","null","null","null","null","null","null","null","null","null","null","null","null","null","null","null","null","null","null","null","null","null","null","null","null","null","null","null","null","null","null","null","null","null","null","null","null","null","null","null","null","null","null","null","3","ANIONinfo","Oh MS, Carroll HJ.$$The anion gap. New England Journal of Medicine. 1977 Oct 13;297(15):814-7.$$https://www.nejm.org/doi/pdf/10.1056/NEJM197710132971507","$ - ( $$ + $$))","mmol/L","Evaluates states of metabolic acidosis","ANION GAP","All,CriticalCare,Endo,Gastro,Renal,Resp"
"numerical","Sodium","mmol/L","0","numerical","Chloride","mmol/L","0","numerical","Bicarbonate","mmol/L","0","numerical","Albumin","g/L","0","null","null","null","null","null","null","null","null","null","null","null","null","null","null","null","null","null","null","null","null","null","null","null","null","null","null","null","null","null","null","null","null","null","null","null","null","null","null","null","null","null","null","null","null","null","null","null","null","null","null","null","null","null","null","null","null","null","null","null","null","null","null","null","null","4","ANIONCorrectedinfo","Oh MS, Carroll HJ.$$The anion gap. New England Journal of Medicine. 1977 Oct 13;297(15):814-7.$$https://www.nejm.org/doi/pdf/10.1056/NEJM197710132971507££Feldman M, Soni N, Dickson B.$$Influence of hypoalbuminemia or hyperalbuminemia on the serum anion gap. Journal of Laboratory and Clinical Medicine. 2005 Dec 1;146(6):317-20.$$https://www.sciencedirect.com/science/article/pii/S002221430500260X","$ - ( $$ + $$)+ ((0.25*(40-$$))))","mmol/L","Evaluates states of metabolic acidosis. Includes correction for Albumin.","ANION GAP ALBUMIN","All,CriticalCare,Endo,Gastro,Renal,Resp"
"button","History of severe organ failure or immunocompromise","Yes and non-operative or emergency post-operative patient,Yes and elective postoperative patient,No","5,2,0","button","Age (years)","≤44,45-54,55-64,65-74,≥75","0,2,3,5,6","button","Rectal temperature (°C)","≥41,39-40.9,38.5-38.9,36-38.4,34-35.9,32-33.9,30-31.9,≤29.9","4,3,1,0,1,2,3,4","button","MAP (mmHg)",">159,130-159,110-129,70-109,50-69,≤49","4,3,2,0,2,4","button","pH","≥7.70,7.60-7.69,7.50-7.59,7.33-7.49,7.25-7.32,7.15-7.24,≤7.14","4,3,1,0,2,3,4","button","Heart rate (bpm)","≥180,140-179,110-139,70-109,55-69,40-54,≤39","4,3,2,0,2,3,4","button","Respiratory rate (min)","≥50,35-49,25-34,12-24,10-11,6-9,≤5","4,3,1,0,1,2,4","button","Sodium (mmol/L)","≥180,160-179,155-159,150-154,130-149,120-129,111-119,≤110","4,3,2,1,0,2,3,4","button","Potassium (mmol/L)","≥7,6.0-6.9,5.5-5.9,3.5-5.4,3.0-3.4,2.5-2.9,≤2.4","4,3,1,0,1,2,4","button","Creatinine (µmol/L) +/- Renal failure status","≥310 + ACUTE renal failure,177-309 + ACUTE renal failure,≥310 + CHRONIC renal failure,132-176 + ACUTE renal failure,177-309 + CHRONIC renal failure,132-176 + CHRONIC renal failure,53-131,≤52","8,6,4,4,3,2,0,2","button","PaO₂ / A-a gradient: Use PaO₂ if FiO₂ <50%","PaO₂ < 55 / A-a >499,PaO₂ 55-60 / A-a 350-499,A-a 200-349,PaO₂ 61-70 / A-a 200-349,PaO₂ >70 / A-a <200","4,3,2,1,0","button","Hematocrit (%)","≥60,50-59,46-49,40-45,20-29,≤19","4,2,1,0,2,4","button","WBC (x 10⁹/L)","≥40,20-39,15-19,3-14,1-2,≤1","4,2,1,0,2,4","numerical","GCS","points","0","null","null","null","null","null","null","null","null","null","null","null","null","null","null","null","null","null","null","null","null","null","null","null","null","14","APACHEIISCOREinfo","Knaus WA, Draper EA, Wagner DP, Zimmerman JE.$$APACHE II: a severity of disease classification system. Critical care medicine. 1985 Oct 1;13(10):818-29.$$https://europepmc.org/article/med/3928249?utm_campaign=share&utm_medium=email&utm_source=email_share_mailer&client=bot&client=bot££Headley J, Theriault R, Smith TL.$$Independent validation of APACHE II severity of illness score for predicting mortality in patients with breast cancer admitted to the intensive care unit. Cancer. 1992 Jul 15;70(2):497-503.$$https://acsjournals.onlinelibrary.wiley.com/doi/abs/10.1002/1097-0142(19920715)70:2%3C497::AID-CNCR2820700220%3E3.0.CO;2-H££Capuzzo M, Valpondi V, Sgarbi A, Bortolazzi S, Pavoni V, Gilli G, Candini G, Gritti G, Alvisi R.$$Validation of severity scoring systems SAPS II and APACHE II in a single-center population. Intensive care medicine. 2000 Dec;26:1779-85.$$https://link.springer.com/article/10.1007/s001340000715","$+$$+$$+$$+$$+$$+$$+$$+$$+$$+$$+$$+$$+(15-$$))","points","Estimates ICU mortality","APACHE II SCORE","All,CriticalCare"
"button","Activity / Muscle tone","Active,Some extremity flexion,Limp","2,1,0","button","Pulse","≥100 bpm,<100 bpm,Absent","2,1,0","button","Grimace","Sneeze / Cough,Grimace,None","2,1,0","button","Appearance / Colour","All pink,Blue extremities,Blue / Pale","2,1,0","button","Respirations","Good / Crying,Irregular / Slow,Absent","2,1,0","null","null","null","null","null","null","null","null","null","null","null","null","null","null","null","null","null","null","null","null","null","null","null","null","null","null","null","null","null","null","null","null","null","null","null","null","null","null","null","null","null","null","null","null","null","null","null","null","null","null","null","null","null","null","null","null","null","null","null","null","5","APGARSCOREinfo","Apgar V.$$A proposal for a new method of evaluation of the newborn. Classic Papers in Critical Care. 1952;32(449):97.$$https://journals.lww.com/surveyanesthesiology/citation/1975/08000/a_proposal_for_a_new_method_of_evaluation_of_the.63.aspx££Finster M, Wood M, Raja SN.$$The Apgar score has survived the test of time. The Journal of the American Society of Anesthesiologists. 2005 Apr 1;102(4):855-7.$$https://pubs.asahq.org/anesthesiology/article-abstract/102/4/855/7394","nil","points","Assesses neonates 1 and 5 minutes after birth","APGAR SCORE","All,Paeds"
"numerical","AST","U/L","0","numerical","Platelets","× 10⁹/L","0","null","null","null","null","null","null","null","null","null","null","null","null","null","null","null","null","null","null","null","null","null","null","null","null","null","null","null","null","null","null","null","null","null","null","null","null","null","null","null","null","null","null","null","null","null","null","null","null","null","null","null","null","null","null","null","null","null","null","null","null","null","null","null","null","null","null","null","null","null","null","null","null","2","APRIinfo","Wai CT, Greenson JK, Fontana RJ, Kalbfleisch JD, Marrero JA, Conjeevaram HS, Lok AS.$$A simple noninvasive index can predict both significant fibrosis and cirrhosis in patients with chronic hepatitis C. Hepatology. 2003 Aug 1;38(2):518-26.$$https://www.sciencedirect.com/science/article/pii/S0270913903005822££Dilshad Ahmad K, Zuhra FT, Farooq Ahmad K, Azhar M.¬¨‚Ä†$$Evaluation of diagnostic accuracy of APRI for prediction of fibrosis in hepatitis C patients.$$https://pesquisa.bvsalud.org/portal/resource/pt/emr-101911££Lin ZH, Xin YN, Dong QJ, Wang Q, Jiang XJ, Zhan SH, Sun Y, Xuan SY.$$Performance of the aspartate aminotransferase‚Äö√Ñ√™to‚Äö√Ñ√™platelet ratio index for the staging of hepatitis C‚Äö√Ñ√™related fibrosis: an updated meta‚Äö√Ñ√™analysis. Hepatology. 2011 Mar;53(3):726-36.$$https://aasldpubs.onlinelibrary.wiley.com/doi/abs/10.1002/hep.24105","$/(40)/($$)) * 100","points","AST to Platelet Ratio Index.
Determines the likelihood of hepatic fibrosis and cirrhosis in patients with hepatitis C","APRI","All,Gastro"
"button","Patient status","Normal healthy patient,Patient with mild systemic disease,Patient with severe systemic disease, Patient with severe systemic disease that is a constant threat to life,Moribund patient not expected to survive without the operation,Declared brain-dead patient whose organs are being removed for donor purposes","1,2,3,4,5,6","null","null","null","null","null","null","null","null","null","null","null","null","null","null","null","null","null","null","null","null","null","null","null","null","null","null","null","null","null","null","null","null","null","null","null","null","null","null","null","null","null","null","null","null","null","null","null","null","null","null","null","null","null","null","null","null","null","null","null","null","null","null","null","null","null","null","null","null","null","null","null","null","null","null","null","null","1","ASAinfo","Kannan T.$$ASA grading: a step forward. Journal of Perioperative Practice. 2017 Mar;27(3):54-9.$$https://journals.sagepub.com/doi/abs/10.1177/175045891702700304££Haynes SR, Lawler PG.$$An assessment of the consistency of ASA physical status classification allocation. Anaesthesia. 1995 Mar;50(3):195-9.$$https://associationofanaesthetists-publications.onlinelibrary.wiley.com/doi/abs/10.1111/j.1365-2044.1995.tb04554.x££Fitz-Henry J.$$The ASA classification and peri-operative risk. The Annals of The Royal College of Surgeons of England. 2011 Apr;93(3):185-7.$$https://publishing.rcseng.ac.uk/doi/full/10.1308/rcsann.2011.93.3.185a","nil","class","Classifies health of patients prior to surgery","ASA CLASSIFICATION","All"
"button","Back pain ≥3 months and age at onset <45 years","Yes,No","1,0","button","Sacroiliitis on imaging","Yes,No","1,0","button","HLA-B27","Yes,No","1,0","button","Inflammatory back pain
At least 4/5 present: (1) age at onset <40 years, (2) insidious onset, (3) improvement with exercise, (4) no improvement with rest, (5) pain at night with improvement upon getting up","Yes,No","1,0","button","Arthritis
Current / previous active synovitis (peripheral)","Yes,No","1,0","button","Enthesitis: heel (current / previous)","Yes,No","1,0","button","Uveitis (current / previous)","Yes,No","1,0","button","Dactylitis (current / previous)","Yes,No","1,0","button","Psoriasis (current / previous)","Yes,No","1,0","button","Crohn's or Ulcerative colitis","Yes,No","1,0","button","Back pain improved with NSAIDs (24-48 hours)","Yes,No","1,0","button","Family history (1st or 2nd degree relative) with any: Ankylosing spondylitis, Psoriasis, Acute uveitis, Reactive arthritis, IBD","Yes,No","1,0","button","Elevated CRP: excluding current infection","Yes,No","1,0","null","null","null","null","null","null","null","null","null","null","null","null","null","null","null","null","null","null","null","null","null","null","null","null","null","null","null","null","13","ASASCRITERIAinfo","Ward MM, Deodhar A, Gensler LS, Dubreuil M, Yu D, Khan MA, Haroon N, Borenstein D, Wang R, Biehl A, Fang MA$$2019 update of the American College of Rheumatology/Spondylitis Association of America/Spondyloarthritis Research and Treatment Network recommendations for the treatment of ankylosing spondylitis and nonradiographic axial spondyloarthritis. Arthritis & rheumatology. 2019 Oct;71(10):1599-613$$https://acrjournals.onlinelibrary.wiley.com/doi/abs/10.1002/art.41042££Rudwaleit MV, Van Der Heijde D, Landew‚àö¬© R, Listing J, Akkoc N, Brandt J, Braun J, Chou CT, Collantes-Estevez E, Dougados M, Huang F$$The development of Assessment of SpondyloArthritis international Society classification criteria for axial spondyloarthritis (part II): validation and final selection. Annals of the rheumatic diseases. 2009 Jun 1;68(6):777-83$$https://ard.bmj.com/content/68/6/777.short","ASAS","points","Classifies Axial spondyloarthritis according to Assessment of Spondyloarthritis International Society (ASAS) criteria","ASAS AXIAL CRITERIA","All,GP,MSK,Ophth"
"button","Peripheral arthritis: mainly lower limb / asymmetrical","Yes,No","1,0","button","Enthesitis (current / previous)","Yes,No","1,0","button","Dactylitis (current / previous)","Yes,No","1,0","button","Uveitis (current / previous)","Yes,No","1,0","button","Psoriasis (current / previous)","Yes,No","1,0","button","Crohn's or Ulcerative colitis","Yes,No","1,0","button","HLA-B27 +ve","Yes,No","1,0","button","Sacroiliitis on imaging","Yes,No","1,0","button","Preceding infection","Yes,No","1,0","button","History of inflammatory back pain","Yes,No","1,0","button","Family history (1st or 2nd degree relative) with SpA","Yes,No","1,0","button","Arthritis (axial or peripheral)","Yes,No","1,0","null","null","null","null","null","null","null","null","null","null","null","null","null","null","null","null","null","null","null","null","null","null","null","null","null","null","null","null","null","null","null","null","12","ASASCRITERIAPinfo","Rudwaleit MV, van der Heijde D, Landew‚àö¬© R, Akkoc N, Brandt J, Chou CT, Dougados M, Huang F, Gu J, Kirazli Y, Van den Bosch F$$The Assessment of SpondyloArthritis International Society classification criteria for peripheral spondyloarthritis and for spondyloarthritis in general. Annals of the rheumatic diseases. 2011 Jan 1;70(1):25-31$$https://ard.bmj.com/content/70/1/25.short££Smolen JS, Sch‚àö‚àÇls M, Braun J, Dougados M, FitzGerald O, Gladman DD, Kavanaugh A, Landew‚àö¬© R, Mease P, Sieper J, Stamm T$$Treating axial spondyloarthritis and peripheral spondyloarthritis, especially psoriatic arthritis, to target: 2017 update of recommendations by an international task force. Annals of the rheumatic diseases. 2018 Jan 1;77(1):3-17$$https://ard.bmj.com/content/77/1/3.abstract","ASASP","points","Classifies Peripheral spondyloarthritis according to Assessment of Spondyloarthritis International Society (ASAS) criteria","ASAS PERIPHERAL CRITERIA","All,GP,MSK,Ophth"
"button","Patient reported level of Neck / Back / Hip pain","0: least severe,1,2,3,4,5,6,7,8,9,10: most severe","0,1,2,3,4,5,6,7,8,9,10","button","Patient reported level of pain / swelling in other joints","0: least severe,1,2,3,4,5,6,7,8,9,10: most severe","0,1,2,3,4,5,6,7,8,9,10","button","Patient reported level of morning stiffness","0: least severe,1,2,3,4,5,6,7,8,9,10: most severe","0,1,2,3,4,5,6,7,8,9,10","button","Patient reported level of disease activity in last week","0: least severe,1,2,3,4,5,6,7,8,9,10: most severe","0,1,2,3,4,5,6,7,8,9,10","numerical","CRP","mg/L","0","null","null","null","null","null","null","null","null","null","null","null","null","null","null","null","null","null","null","null","null","null","null","null","null","null","null","null","null","null","null","null","null","null","null","null","null","null","null","null","null","null","null","null","null","null","null","null","null","null","null","null","null","null","null","null","null","null","null","null","null","5","ASDAS-CRPinfo","Lukas C, Landew‚àö¬© R, Sieper J, Dougados M, Davis J, Braun J, Van der Linden S, Van der Heijde D$$Assessment of SpondyloArthritis international Society. Development of an ASAS-endorsed disease activity score (ASDAS) in patients with ankylosing spondylitis. Annals of the rheumatic diseases. 2009 Jan 1;68(1):18-24$$https://ard.bmj.com/content/68/1/18.short££Ramiro S, Nikiphorou E, Sepriano A, Ortolan A, Webers C, Baraliakos X, Landew‚àö¬© RB, Van den Bosch FE, Boteva B, Bremander A, Carron P$$ASAS-EULAR recommendations for the management of axial spondyloarthritis: 2022 update. Annals of the rheumatic diseases. 2023 Jan 1;82(1):19-34$$https://ard.bmj.com/content/82/1/19.abstract","$*0.12)+(0.07*$$)+(0.06*$$)+(0.11*$$)+(ln(($$)+1)*0.58)","points","Ankylosing Spondylitis Disease Activity Score with CRP: stratifies disease severity","ASDAS-CRP","All,MSK"
"button","Patient reported level of Neck / Back / Hip pain","0: least severe,1,2,3,4,5,6,7,8,9,10: most severe","0,1,2,3,4,5,6,7,8,9,10","button","Patient reported level of pain / swelling in other joints","0: least severe,1,2,3,4,5,6,7,8,9,10: most severe","0,1,2,3,4,5,6,7,8,9,10","button","Patient reported level of morning stiffness","0: least severe,1,2,3,4,5,6,7,8,9,10: most severe","0,1,2,3,4,5,6,7,8,9,10","button","Patient reported level of disease activity in last week","0: least severe,1,2,3,4,5,6,7,8,9,10: most severe","0,1,2,3,4,5,6,7,8,9,10","numerical","ESR","mg/L","0","null","null","null","null","null","null","null","null","null","null","null","null","null","null","null","null","null","null","null","null","null","null","null","null","null","null","null","null","null","null","null","null","null","null","null","null","null","null","null","null","null","null","null","null","null","null","null","null","null","null","null","null","null","null","null","null","null","null","null","null","5","ASDAS-ESRinfo","Lukas C, Landew‚àö¬© R, Sieper J, Dougados M, Davis J, Braun J, Van der Linden S, Van der Heijde D$$Assessment of SpondyloArthritis international Society. Development of an ASAS-endorsed disease activity score (ASDAS) in patients with ankylosing spondylitis. Annals of the rheumatic diseases. 2009 Jan 1;68(1):18-24$$https://ard.bmj.com/content/68/1/18.short££Ramiro S, Nikiphorou E, Sepriano A, Ortolan A, Webers C, Baraliakos X, Landew‚àö¬© RB, Van den Bosch FE, Boteva B, Bremander A, Carron P$$ASAS-EULAR recommendations for the management of axial spondyloarthritis: 2022 update. Annals of the rheumatic diseases. 2023 Jan 1;82(1):19-34$$https://ard.bmj.com/content/82/1/19.abstract","$*0.08)+(0.09*$$)+(0.07*$$)+(0.11*$$)+(sqrt($$)*0.29)","points","Ankylosing Spondylitis Disease Activity Score with ESR: stratifies disease severity","ASDAS-ESR","All,MSK"
"button","Wheezing episodes per year","<3,≥3","0,1","button","Parent with asthma","Yes,No","1,0","button","Patient with eczema","Yes,No","1,0","button","Patient with allergic rhinitis","Yes,No","1,0","button","Wheezing apart from colds","Yes,No","1,0","button","Eosinophilia (≥4% on FBC)","Yes,No","1,0","null","null","null","null","null","null","null","null","null","null","null","null","null","null","null","null","null","null","null","null","null","null","null","null","null","null","null","null","null","null","null","null","null","null","null","null","null","null","null","null","null","null","null","null","null","null","null","null","null","null","null","null","null","null","null","null","6","ASTHMAPREDICTIVEINDEXinfo","Castro-Rodr‚àö‚â†guez JA, Holberg CJ, Wright AL, Martinez FD$$A clinical index to define risk of asthma in young children with recurrent wheezing. American journal of respiratory and critical care medicine. 2000 Oct 1;162(4):1403-6$$https://www.atsjournals.org/doi/abs/10.1164/ajrccm.162.4.9912111££Leonardi NA, Spycher BD, Strippoli MP, Frey U, Silverman M, Kuehni CE$$Validation of the Asthma Predictive Index and comparison with simpler clinical prediction rules. Journal of Allergy and Clinical Immunology. 2011 Jun 1;127(6):1466-72$$https://www.sciencedirect.com/science/article/pii/S009167491100368X","ASTHMAAPI","points","Determines likelihood of paediatric patients (≤3 years age) developing childhood asthma","ASTHMA PREDICTIVE INDEX","All,GP,Paeds,Resp"
"button","Age","<60,60-79,≥80","0,1,2","button","≥ 1 day treatment with systemic antibiotics during C. diff infection","Yes,No","2,0","button","WBC 10⁹/L","<16,16-25,>25","0,1,2","button","Serum albumin g/L",">35,26-35,<26","0,1,2","button","Serum creatinine ≈í¬∫mol/L","≤120,121-179,≥180","0,1,2","null","null","null","null","null","null","null","null","null","null","null","null","null","null","null","null","null","null","null","null","null","null","null","null","null","null","null","null","null","null","null","null","null","null","null","null","null","null","null","null","null","null","null","null","null","null","null","null","null","null","null","null","null","null","null","null","null","null","null","null","5","ATLASSCORECDIFFinfo","Miller MA, Louie T, Mullane K, Weiss K, Lentnek A, Golan Y, Kean Y, Sears P.$$Derivation and validation of a simple clinical bedside score (ATLAS) for Clostridium difficile infection which predicts response to therapy. BMC infectious diseases. 2013 Dec;13:1-7.$$https://link.springer.com/article/10.1186/1471-2334-13-148","nil","points","Predicts response to therapy in patients with C. diff","ATLAS SCORE C.DIFF","All,Gastro"
"button","How often did you have a drink containing alcohol in the past year?","Never,Monthly or less,2 to 4 times a month,2 to 3 times a week, 4 or more times a week","0,1,2,3,4","button","How many drinks containing alcohol did you have on a typical day when you were drinking in the past year?","1 or 2,3 or 4,5 or 6,7 to 9,10 or more","0,1,2,3,4","button","How often did you have six or more drinks on one occasion in the past year?","Never, Less than monthly,Monthly,Weekly,Daily or almost daily","0,1,2,3,4","null","null","null","null","null","null","null","null","null","null","null","null","null","null","null","null","null","null","null","null","null","null","null","null","null","null","null","null","null","null","null","null","null","null","null","null","null","null","null","null","null","null","null","null","null","null","null","null","null","null","null","null","null","null","null","null","null","null","null","null","null","null","null","null","null","null","null","null","3","AUDIT-Cinfo","Bush K, Kivlahan DR, McDonell MB, Fihn SD, Bradley KA,$$Ambulatory Care Quality Improvement Project (ACQUIP. The AUDIT alcohol consumption questions (AUDIT-C): an effective brief screening test for problem drinking. Archives of internal medicine. 1998 Sep 14;158(16):1789-95.$$https://jamanetwork.com/journals/jamainternalmedicine/article-abstract/208954££Babor TF, Higgins-Biddle JC, Saunders JB, Monteiro MG.$$The alcohol use disorders identification test. Geneva: World Health Organization; 2001.$$https://www.mirecc.va.gov/cih-visn2/Documents/Provider_Education_Handouts/AUDIT_Test_Manual.pdf","nil","points","Identifies at risk drinkers who may not be alcohol dependent","AUDIT-C","All,Emergency,Gastro,GP,Psych"
"button","Age","<80 years,≥80 years","0,1","button","Able to correctly spell ""WORLD' backwards","Yes,No","0,1","button","Orientated to: Country  / County / City / Hospital / Ward","Yes,No","0,1","button","Illness severity level","Not ill, Mildly ill,Moderately ill,Severely ill,Moribund","0,0,1,1,1","null","null","null","null","null","null","null","null","null","null","null","null","null","null","null","null","null","null","null","null","null","null","null","null","null","null","null","null","null","null","null","null","null","null","null","null","null","null","null","null","null","null","null","null","null","null","null","null","null","null","null","null","null","null","null","null","null","null","null","null","null","null","null","null","4","AWOLSCOREinfo","Douglas VC, Hessler CS, Dhaliwal G, Betjemann JP, Fukuda KA, Alameddine LR, Lucatorto R, Johnston SC, Josephson SA$$The AWOL tool: derivation and validation of a delirium prediction rule. Journal of hospital medicine. 2013 Sep;8(9):493-9$$https://shmpublications.onlinelibrary.wiley.com/doi/abs/10.1002/jhm.2062££Brown EG, Josephson SA, Anderson N, Reid M, Lee M, Douglas VC$$Predicting inpatient delirium: the AWOL delirium risk-stratification score in clinical practice. Geriatric Nursing. 2017 Nov 1;38(6):567-72$$https://www.sciencedirect.com/science/article/pii/S0197457217301106","nil","points","Predicts risk of delirium during hospital admission","AWOL DELIRIUM SCORE","All,Old,Psych"
"button","Vocalisation: whimpering, crying","Absent,Mild,Moderate,Severe","0,1,2,3","button","Facial expression:
tense, frowning, grimacing, frightened","Absent,Mild,Moderate,Severe","0,1,2,3","button","Body language:
fidgeting, rocking, guarding, withdrawn","Absent,Mild,Moderate,Severe","0,1,2,3","button","Physiological changes:
temperature, pulse or BP elevations, sweating, flushing/pallor","Absent,Mild,Moderate,Severe","0,1,2,3","button","Physical changes:
skin tears, pressure sores, arthritis, contractures, previous injuries","Absent,Mild,Moderate,Severe","0,1,2,3","null","null","null","null","null","null","null","null","null","null","null","null","null","null","null","null","null","null","null","null","null","null","null","null","null","null","null","null","null","null","null","null","null","null","null","null","null","null","null","null","null","null","null","null","null","null","null","null","null","null","null","null","null","null","null","null","null","null","null","null","5","AbbeyPainScaleinfo","Abbey J, Piller N, Bellis AD, Esterman A, Parker D, Giles L, Lowcay B.$$The Abbey pain scale: a 1-minute numerical indicator for people with end-stage dementia. International journal of palliative nursing. 2004 Jan;10(1):6-13.$$https://www.magonlinelibrary.com/doi/abs/10.12968/ijpn.2004.10.1.12013££Liu JY, Briggs M, Closs SJ.$$The psychometric qualities of four observational pain tools (OPTs) for the assessment of pain in elderly people with osteoarthritic pain. Journal of pain and symptom management. 2010 Oct 1;40(4):582-98.$$https://www.sciencedirect.com/science/article/pii/S0885392410004665","nil","points","Assesses pain in patients with advanced dementia","ABBEY PAIN SCALE","All,Old,Psych"
"button","Right lower quadrant tenderness","Yes,No","2,0","button","Elevated temperature (37.3°C or 99.1°F)","Yes,No","1,0","button","Rebound tenderness","Yes,No","1,0","button","Migration of pain to the right lower quadrant","Yes,No","1,0","button","Anorexia","Yes,No","1,0","button","Nausea or vomiting","Yes,No","1,0","button","WCC >10 x 10⁹/L","Yes,No","2,0","button","Leukocyte left shift
>75% neutrophils","Yes,No","1,0","null","null","null","null","null","null","null","null","null","null","null","null","null","null","null","null","null","null","null","null","null","null","null","null","null","null","null","null","null","null","null","null","null","null","null","null","null","null","null","null","null","null","null","null","null","null","null","null","8","AlvaradoScoreinfo","Alvarado A.$$A practical score for the early diagnosis of acute appendicitis. Annals of emergency medicine. 1986 May 1;15(5):557-64.$$https://www.sciencedirect.com/science/article/pii/S0196064486809933££McKay R, Shepherd J.$$The use of the clinical scoring system by Alvarado in the decision to perform computed tomography for acute appendicitis in the ED. The American journal of emergency medicine. 2007 Jun 1;25(5):489-93.$$https://www.sciencedirect.com/science/article/pii/S0735675706004153££Pogorelic Z, Rak S, Mrklic I, Juric I.$$Prospective validation of Alvarado score and Pediatric Appendicitis Score for the diagnosis of acute appendicitis in children. Pediatric emergency care. 2015 Mar 1;31(3):164-8.$$https://journals.lww.com/pec-online/FullText/2015/03000/Prospective_Validation_of_Alvarado_Score_and.2.aspx££Coleman JJ, Carr BW, Rogers T, Field MS, Zarzaur BL, Savage SA, Hammer PM, Brewer BL, Feliciano DV, Rozycki GS.$$The Alvarado score should be used to reduce emergency department length of stay and radiation exposure in select patients with abdominal pain. Journal of Trauma and Acute Care Surgery. 2018 Jun 1;84(6):946-50.$$https://journals.lww.com/jtrauma/FullText/2018/06000/The_Alvarado_score_should_be_used_to_reduce.15.aspx","nil","points","Predicts likelihood of acute appendicitis","ALVARADO SCORE","All,Emergency,GenSurg"
"button","Age","41-64,≥65","1,0","button","BUN ≥8.9 mmol/L","Yes,No","1,0","button","Altered mental status (GCS <14)","Yes,No","1,0","button","Pulse ≥109 beats/min","Yes,No","1,0","null","null","null","null","null","null","null","null","null","null","null","null","null","null","null","null","null","null","null","null","null","null","null","null","null","null","null","null","null","null","null","null","null","null","null","null","null","null","null","null","null","null","null","null","null","null","null","null","null","null","null","null","null","null","null","null","null","null","null","null","null","null","null","null","4","BAP-65SCOREinfo","Tabak YP, Sun X, Johannes RS, Gupta V, Shorr AF.$$Mortality and need for mechanical ventilation in acute exacerbations of chronic obstructive pulmonary disease: development and validation of a simple risk score. Archives of internal medicine. 2009 Sep 28;169(17):1595-602.$$https://jamanetwork.com/journals/jamainternalmedicine/article-abstract/224759££Shorr AF, Sun X, Johannes RS, Yaitanes A, Tabak YP.$$Validation of a novel risk score for severity of illness in acute exacerbations of COPD. Chest. 2011 Nov 1;140(5):1177-83.$$https://www.sciencedirect.com/science/article/pii/S0012369211605837","BAP","points","Predicts mortality in acute COPD exacerbation","BAP-65 SCORE","All,Emergency,GP,Resp"
"image","Beighton","None","0","button","A: 5th MCP > 90°","No,One side, Both sides","0,1,2","button","B: Thumb touch forearm","No,One side, Both sides","0,1,2","button","C: Elbow >10° hyperextension","No,One side, Both sides","0,1,2","button","D: Knee >10° hyperextension","No,One side, Both sides","0,1,2","button","E: Spine - hands touch floor with knees straight","No,Yes","0,1","null","null","null","null","null","null","null","null","null","null","null","null","null","null","null","null","null","null","null","null","null","null","null","null","null","null","null","null","null","null","null","null","null","null","null","null","null","null","null","null","null","null","null","null","null","null","null","null","null","null","null","null","null","null","null","null","6","BEIGHTONinfo","Malek S, Reinhold EJ, Pearce GS.$$The Beighton Score as a measure of generalised joint hypermobility. Rheumatology International. 2021 Oct;41(10):1707-16.$$https://link.springer.com/article/10.1007/s00296-021-04832-4££Bockhorn LN, Vera AM, Dong D, Delgado DA, Varner KE, Harris JD.$$Interrater and intrarater reliability of the beighton score: a systematic review. Orthopaedic Journal of Sports Medicine. 2021 Jan 20;9(1):2325967120968099.$$https://journals.sagepub.com/doi/abs/10.1177/2325967120968099","nil","points","Measures joint hypermobility on a 9-point scale","BEIGHTON SCORE","All,GP,MSK"
"command","Based on first 24 hours of patient presentation","%","0","button","BUN >8.92 mmol/L (25 mg/dL)","Yes,No","1,0","button","Impaired mental status","Yes,No","1,0","button","≥2 SIRS Criteria: Temp>38°C / HR>90 / RR>20 or PaCO₂ <32 mmHg / WBC > 12 or <4 x 10⁹/L","Yes,No","1,0","button","Age >60 years","Yes,No","1,0","button","Pleural effusion present","Yes,No","1,0","null","null","null","null","null","null","null","null","null","null","null","null","null","null","null","null","null","null","null","null","null","null","null","null","null","null","null","null","null","null","null","null","null","null","null","null","null","null","null","null","null","null","null","null","null","null","null","null","null","null","null","null","null","null","null","null","6","BISAPSCOREinfo","Wu BU, Johannes RS, Sun X, Tabak Y, Conwell DL, Banks PA$$The early prediction of mortality in acute pancreatitis: a large population-based study. Gut. 2008 Dec 1;57(12):1698-703$$https://gut.bmj.com/content/57/12/1698.short££Papachristou GI, Muddana V, Yadav D, O'connell M, Sanders MK, Slivka A, Whitcomb DC$$Comparison of BISAP, Ranson's, APACHE-II, and CTSI scores in predicting organ failure, complications, and mortality in acute pancreatitis. Official journal of the American College of Gastroenterology| ACG. 2010 Feb 1;105(2):435-41$$https://journals.lww.com/ajg/fulltext/2010/02000/Comparison_of_BISAP,_Ranson_s,_APACHE_II,_and_CTSI.28.aspx££Gompertz M, Fernandez L, Lara I, Miranda JP, Mancilla C, Berger Z$$Bedside index for severity in acute pancreatitis (BISAP) score as predictor of clinical outcome in acute pancreatitis: retrospective review of 128 patients. Revista medica de Chile. 2012 Aug 1;140(8):977-83$$https://europepmc.org/article/med/23282769","nil","points","Predicts mortality risk in pancreatitis: similar to Ranson's criteria with less variables","BISAP SCORE","All,Gastro,GenSurg"
"button","Cervical dilation","Closed,1-2cm,3-4cm,≥5cm","0,1,2,3","button","Effacement","0-30%,40-50%,60-70%,≥80%","0,1,2,3","button","Station","-3,-2,-1 to 0,1 to 2","0,1,2,3","button","Position","Posterior,Mid-position,Anterior","0,1,2","button","Consistency","Firm,Moderately firm,Soft","0,1,2","null","null","null","null","null","null","null","null","null","null","null","null","null","null","null","null","null","null","null","null","null","null","null","null","null","null","null","null","null","null","null","null","null","null","null","null","null","null","null","null","null","null","null","null","null","null","null","null","null","null","null","null","null","null","null","null","null","null","null","null","5","BISHOPSCOREinfo","Laughon SK, Zhang J, Troendle J, Sun L, Reddy UM$$Using a simplified Bishop score to predict vaginal delivery. Obstetrics & Gynecology. 2011 Apr 1;117(4):805-11.$$https://journals.lww.com/greenjournal/fulltext/2011/04000/using_a_simplified_bishop_score_to_predict_vaginal.7.aspx££Newman RB, Goldenberg RL, Iams JD, Meis PJ, Mercer BM, Moawad AH, Thom E, Miodovnik M, Caritis SN, Dombrowski M$$Preterm prediction study: comparison of the cervical score and Bishop score for prediction of spontaneous preterm delivery. Obstetrics & Gynecology. 2008 Sep 1;112(3):508-15.$$https://journals.lww.com/greenjournal/fulltext/2008/09000/Genital_Herpes_Complicating_Pregnancy.3.aspx££Bishop EH$$Pelvic scoring for elective induction¬¨‚Ä†(Doctoral dissertation).$$https://books.google.com/books?hl=en&lr=&id=QBIeEAAAQBAJ&oi=fnd&pg=PA60&dq=PELVIC+SCORING+FOR+ELECTIVE+INDUCTION&ots=Bx0oAKr1uv&sig=gW0fv4LARIJGpU7xVxJdqNM0UOY","nil","points","Predicts likelihood of successful vaginal delivery","BISHOP SCORE","All,Gynae"
"numerical","Weight","kg","0","numerical","Height","cm","0","null","null","null","null","null","null","null","null","null","null","null","null","null","null","null","null","null","null","null","null","null","null","null","null","null","null","null","null","null","null","null","null","null","null","null","null","null","null","null","null","null","null","null","null","null","null","null","null","null","null","null","null","null","null","null","null","null","null","null","null","null","null","null","null","null","null","null","null","null","null","null","null","2","BMIinfo","Gadzik J.$$""How much should I weigh?""--Quetelet's equation, upper weight limits, and BMI prime. Connecticut medicine. 2006 Feb 1;70(2):81-8.$$https://europepmc.org/article/med/16768059","BMI","kg/m²","Calculates body mass index","BMI","All,Gastro,GP,MSK"
"button","Facial expression","Neutral / Positive facial expression: composed calm,Negative facial expression: concerned,Negative facial expression: grimace / distorted face","0,1,2","button","Verbalisation","Normal conversation: laugh / crow,Completely quiet / sobbing and/or complaining but not because of pain,Crying / screaming and/or complaining about pain","0,1,2","button","Body position","Inactive: laying / relaxed with all extremities or sitting / walking,Restless movements: shifting fashion and/or touching wound or wound area,Lying rigid and/or drawn up with arms and legs to the body","0,1,2","null","null","null","null","null","null","null","null","null","null","null","null","null","null","null","null","null","null","null","null","null","null","null","null","null","null","null","null","null","null","null","null","null","null","null","null","null","null","null","null","null","null","null","null","null","null","null","null","null","null","null","null","null","null","null","null","null","null","null","null","null","null","null","null","null","null","null","null","3","BOPSinfo","Anand KJ, Craig KD$$New perspectives on the definition of pain. Pain-Journal of the International Association for the Study of Pain. 1996 Sep 1;67(1):3-6$$https://journals.lww.com/pain/citation/1996/09000/editorial.2.aspx££Hesselgard K, Larsson S, Romner B, Str‚àö‚àÇmblad LG, Reinstrup P$$Validity and reliability of the behavioural observational pain scale for postoperative pain measurement in children 1‚Äö√Ñ√¨7 years of age. Pediatric Critical Care Medicine. 2007 Mar 1;8(2):102-8$$https://journals.lww.com/pccmjournal/fulltext/2007/03000/Validity_and_reliability_of_the_Behavioural.3.aspx","nil","points","Behavioural Observational Pain Scale: Quantifies post-operative pain for children aged 1-7 years","BOPS POST-OP PAEDIATRIC PAIN","All,Paeds"
"button","Facial expression","Relaxed,Partially tightened (brow lowering),Fully tightened (eyelid closing),Grimacing","1,2,3,4","button","Upper limb movements","No movement,Partially bent,Fully bent with finger flexion,Permanently retracted","1,2,3,4","button","Compliance with mechanical ventilation","Tolerating movement,Coughing but tolerating ventilation for most of the time,Fighting ventilator,Unable to control ventilation","1,2,3,4","null","null","null","null","null","null","null","null","null","null","null","null","null","null","null","null","null","null","null","null","null","null","null","null","null","null","null","null","null","null","null","null","null","null","null","null","null","null","null","null","null","null","null","null","null","null","null","null","null","null","null","null","null","null","null","null","null","null","null","null","null","null","null","null","null","null","null","null","3","BPSinfo","Payen JF, Bru O, Bosson JL, Lagrasta A, Novel E, Deschaux I, Lavagne P, Jacquot C$$Assessing pain in critically ill sedated patients by using a behavioral pain scale. Critical care medicine. 2001 Dec 1;29(12):2258-63$$https://journals.lww.com/ccmjournal/fulltext/2001/12000/assessing_pain_in_critically_ill_sedated_patients.4.aspx££Ahlers SJ, van der Veen AM, van Dijk M, Tibboel D, Knibbe CA$$The use of the Behavioral Pain Scale to assess pain in conscious sedated patients. Anesthesia & analgesia. 2010 Jan 1;110(1):127-33$$https://journals.lww.com/anesthesia-analgesia/fulltext/2010/01000/The_Use_of_the_Behavioral_Pain_Scale_to_Assess.23.aspx","nil","points","Behavioural Pain Scale: Quantifies pain in intubated patients","BPS PAIN INTUBATED PATIENTS","All,CriticalCare"
"numerical","Weight","kg","0","numerical","Height","cm","0","null","null","null","null","null","null","null","null","null","null","null","null","null","null","null","null","null","null","null","null","null","null","null","null","null","null","null","null","null","null","null","null","null","null","null","null","null","null","null","null","null","null","null","null","null","null","null","null","null","null","null","null","null","null","null","null","null","null","null","null","null","null","null","null","null","null","null","null","null","null","null","null","2","BSAinfo","Gadzik J.$$""How much should I weigh?""--Quetelet's equation, upper weight limits, and BMI prime. Connecticut medicine. 2006 Feb 1;70(2):81-8.$$https://europepmc.org/article/med/16768059","BSA","m²","Calculates body surface area","BSA","All,CriticalCare"
"numerical","BUN","mmol/L","0","numerical","Creatinine","µmol/L","0","null","null","null","null","null","null","null","null","null","null","null","null","null","null","null","null","null","null","null","null","null","null","null","null","null","null","null","null","null","null","null","null","null","null","null","null","null","null","null","null","null","null","null","null","null","null","null","null","null","null","null","null","null","null","null","null","null","null","null","null","null","null","null","null","null","null","null","null","null","null","null","null","2","BUNinfo","Levin A, Stevens PE, Bilous RW, Coresh J, De Francisco AL, De Jong PE, Griffith KE, Hemmelgarn BR, Iseki K, Lamb EJ, Levey AS$$Kidney Disease: Improving Global Outcomes (KDIGO) CKD Work Group. KDIGO 2012 clinical practice guideline for the evaluation and management of chronic kidney disease. Kidney international supplements. 2013 Jan 1;3(1):1-50$$https://pure.johnshopkins.edu/en/publications/kidney-disease-improving-global-outcomes-kdigo-ckd-work-group-kdi-4££Khwaja A$$KDIGO clinical practice guidelines for acute kidney injury. Nephron Clinical Practice. 2012 Oct 1;120(4):c179-84$$https://karger.com/nec/article/120/4/c179/830716","$*2.8)/($$*0.0113)","ratio","Renal function measurement","BUN CREATININE RATIO","All,CriticalCare,Renal"
"button","Temperature","<37.2°C / <99°F,37.2-37.7°C / 99-99.9°F,37.8-38.2°C / 100-100.9°F,38.3-38.8°C / 101-101.9°F,38.9-39.2°C / 102-102.9°F,39.3-39.9°C / 103-103.9°F,≥40°C / ≥104°F","0,5,10,15,20,25,30","button","CNS effects","Absent,Mild (agitation),Moderate (delirium / psychosis),Severe (coma / seizures)","0,10,20,30","button","Gastrointestinal-hepatic dysfunction","Absent,Moderate (nausea + vomiting / abdominal pain / loose stools),Severe (unexplained jaundice)","0,10,20","button","Heart rate (bpm)","<90,90-109,110-119,120-129,130-139,≥140","0,5,10,15,20,25","button","Congestive Heart Failure","Absent,Mild (pedal oedema),Moderate (bibasilar creps),Severe (pulmonary oedema)","0,5,10,15","button","Atrial fibrillation","Yes,No","10,0","button","Precipitating event","Yes,No","10,0","null","null","null","null","null","null","null","null","null","null","null","null","null","null","null","null","null","null","null","null","null","null","null","null","null","null","null","null","null","null","null","null","null","null","null","null","null","null","null","null","null","null","null","null","null","null","null","null","null","null","null","null","7","BWPSinfo","Burch HB, Wartofsky L$$Life-threatening thyrotoxicosis: thyroid storm. Endocrinology and metabolism clinics of North America. 1993 Jun 1;22(2):263-77$$https://www.sciencedirect.com/science/article/pii/S0889852918301658££Nayak B, Burman K$$Thyrotoxicosis and thyroid storm. Endocrinology and Metabolism Clinics. 2006 Dec 1;35(4):663-86$$https://www.endo.theclinics.com/article/S0889-8529(06)00071-5/abstract££Kahaly GJ, Bartalena L, Heged‚àö¬∫s L$$The American Thyroid Association/American Association of Clinical Endocrinologists guidelines for hyperthyroidism and other causes of thyrotoxicosis: a European perspective. Thyroid. 2011 Jun 1;21(6):585-91$$https://www.liebertpub.com/doi/full/10.1089/thy.2011.2106.ed3££Garcia ML, Szuman G, Scoscia MF, Bacigaluppi S, Panebianco MV, Rella N$$The challenge of diagnosing thyroid storm: a comparison of the Japanese Thyroid Association Criteria to de Burch Wartofsky Point Scale. InEndocrine Abstracts 2017 May 3 (Vol. 49). Bioscientifica$$https://www.endocrine-abstracts.org/ea/0049/ea0049ep1251££Vennard H, Duvieusart Y, McNeilly J, Kernohan A$$Use of Burch-Wartofsky score when assessing the severity of hyperthyroidism, a retrospective study. InEndocrine Abstracts 2022 Oct 27 (Vol. 86). Bioscientifica$$https://www.endocrine-abstracts.org/ea/0086/ea0086p366","nil","points","BWPS: Predicts likelihood that biochemical thyrotoxicosis is thyroid storm","BURCH-WARTOFSKY SCALE","All,Endo"
"button","Absence of an RS complex in all precordial leads","Yes,No","1,0","button","R to S interval >100 ms in one precordial lead","Yes,No","1,0","button","Atrioventricular dissociation","Yes,No","1,0","button","Morphology criteria for VT present in both precordial leads V1-2 and V6","Yes,No","1,0","null","null","null","null","null","null","null","null","null","null","null","null","null","null","null","null","null","null","null","null","null","null","null","null","null","null","null","null","null","null","null","null","null","null","null","null","null","null","null","null","null","null","null","null","null","null","null","null","null","null","null","null","null","null","null","null","null","null","null","null","null","null","null","null","4","BRUGADACRITERIAinfo","Brugada P, Brugada J, Mont L, Smeets JL, Andries EW$$A new approach to the differential diagnosis of a regular tachycardia with a wide QRS complex. Circulation. 1991 May;83(5):1649-59$$https://www.ahajournals.org/doi/abs/10.1161/01.CIR.83.5.1649££Isenhour JL, Craig S, Gibbs M, Littmann L, Rose G, Risch R$$Wide‚Äö√Ñ√™complex tachycardia: continued evaluation of diagnostic criteria. Academic Emergency Medicine. 2000 Jul;7(7):769-73$$https://onlinelibrary.wiley.com/doi/abs/10.1111/j.1553-2712.2000.tb02267.x","Brugada","points","Distinguishes ventricular tachycardia from supraventricular tachycardia","BRUGADA CRITERIA","All,Cardio,Emergency"
"button","Have you ever felt you needed to 'cut down' on your drinking?","Yes,No","1,0","button","Have people annoyed you by criticising your drinking?","Yes,No","1,0","button","Have you ever felt guilty about drinking?","Yes,No","1,0","button","Have you ever felt you needed a drink first thing in the morning to steady your nerves or to get rid of a hangover?","Yes,No","1,0","null","null","null","null","null","null","null","null","null","null","null","null","null","null","null","null","null","null","null","null","null","null","null","null","null","null","null","null","null","null","null","null","null","null","null","null","null","null","null","null","null","null","null","null","null","null","null","null","null","null","null","null","null","null","null","null","null","null","null","null","null","null","null","null","4","CAGEQUESTIONNAIREinfo","Ewing JA.$$Detecting alcoholism: the CAGE questionnaire. Jama. 1984 Oct 12;252(14):1905-7.$$https://jamanetwork.com/journals/jama/article-abstract/394693££Williams N.$$The CAGE questionnaire. Occupational Medicine. 2014 Sep 1;64(6):473-4.$$https://academic.oup.com/occmed/article-abstract/64/6/473/1432970££Bernadt MW, Taylor C, Mumford J, Smith B, Murray RM.$$Comparison of questionnaire and laboratory tests in the detection of excessive drinking and alcoholism. The Lancet. 1982 Feb 6;319(8267):325-8.$$https://www.sciencedirect.com/science/article/pii/S0140673682915793££Fiellin DA, Reid MC, O'Connor PG.$$Screening for alcohol problems in primary care: a systematic review. Archives of internal medicine. 2000 Jul 10;160(13):1977-89.$$https://jamanetwork.com/journals/jamainternalmedicine/article-abstract/485393","nil","points","Screens for excessive drinking and alcoholism","CAGE QUESTIONNAIRE","All,Emergency,Gastro,GP,Psych"
"button","Inflammatory articular disease: Peripheral joint, spine, or entheseal","Yes,No","1,0","button","Current psoriasis, personal or family history of psoriasis","None,Current psoriasis: psoriatic skin or scalp disease present,Personal history of psoriasis,Family history of psoriasis: 1st or 2nd degree relative","0,2,1,1","button","Psoriatic nail dystrophy: Onycholysis, pitting or hyperkeratosis","Yes,No","1,0","button","Rheumatoid factor negative","Yes,No","1,0","button","Current or previous dactylitis: swelling of an entire digit","Yes,No","1,0","button","Juxtaarticular new bone formation on hand or foot x-ray","Yes,No","1,0","null","null","null","null","null","null","null","null","null","null","null","null","null","null","null","null","null","null","null","null","null","null","null","null","null","null","null","null","null","null","null","null","null","null","null","null","null","null","null","null","null","null","null","null","null","null","null","null","null","null","null","null","null","null","null","null","6","CASPARCRITERIAinfo","Taylor W, Gladman D, Helliwell P, Marchesoni A, Mease P, Mielants H$$Classification criteria for psoriatic arthritis: development of new criteria from a large international study. Arthritis & Rheumatism: Official Journal of the American College of Rheumatology. 2006 Aug;54(8):2665-73$$https://onlinelibrary.wiley.com/doi/abs/10.1002/art.21972££Helliwell PS, Taylor W$$Classification and diagnostic criteria for psoriatic arthritis. Annals of the rheumatic diseases. 2005 Mar 1;64(suppl 2):ii3-8$$https://ard.bmj.com/content/64/suppl_2/ii3.short££Coates LC, Conaghan PG, Emery P, Green MJ, Ibrahim G, MacIver H, Helliwell PS$$Sensitivity and specificity of the classification of psoriatic arthritis criteria in early psoriatic arthritis. Arthritis & Rheumatism. 2012 Oct;64(10):3150-5$$https://acrjournals.onlinelibrary.wiley.com/doi/abs/10.1002/art.34536","CASPAR","points","Criteria for psoriatic arthritis diagnosis","CASPAR CRITERIA","All,MSK"
"button","Age","3-14 years,15-44 years,≥45 years","1,0,-1","button","Exudate or swelling on tonsils","Yes,No","1,0","button","Tender/swollen anterior cervical lymph nodes","Yes,No","1,0","button","Temp >38°C (100.4°F)","Yes,No","1,0","button","Cough","Present,Absent","0,1","null","null","null","null","null","null","null","null","null","null","null","null","null","null","null","null","null","null","null","null","null","null","null","null","null","null","null","null","null","null","null","null","null","null","null","null","null","null","null","null","null","null","null","null","null","null","null","null","null","null","null","null","null","null","null","null","null","null","null","null","5","CENTORinfo","Centor RM, Witherspoon JM, Dalton HP, Brody CE, Link K$$The diagnosis of strep throat in adults in the emergency room. Medical Decision Making. 1981 Aug;1(3):239-46$$https://journals.sagepub.com/doi/abs/10.1177/0272989x8100100304££McIsaac WJ, White D, Tannenbaum D, Low DE$$A clinical score to reduce unnecessary antibiotic use in patients with sore throat. Cmaj. 1998 Jan 13;158(1):75-83$$https://www.cmaj.ca/content/158/1/75.short££Fine AM, Nizet V, Mandl KD$$Large-scale validation of the Centor and McIsaac scores to predict group A streptococcal pharyngitis. Archives of internal medicine. 2012 Jun 11;172(11):847-52$$https://jamanetwork.com/journals/jamainternalmedicine/article-abstract/1157417","nil","points","Estimates probability that acute pharyngitis is streptococcal in nature","CENTOR SCORE","All,GP,ENT"
"button","Age","<65,65-74,≥75","0,1,2","button","Sex","Female,Male","1,0","button","Congestive heart failure Hx","Yes,No","1,0","button","Hypertension Hx","Yes,No","1,0","button","Stroke / TIA / Thromboembolism Hx","Yes,No","2,0","button","Vascular disease (MI / PAD) Hx","Yes,No","1,0","button","Diabetes Hx","Yes,No","1,0","null","null","null","null","null","null","null","null","null","null","null","null","null","null","null","null","null","null","null","null","null","null","null","null","null","null","null","null","null","null","null","null","null","null","null","null","null","null","null","null","null","null","null","null","null","null","null","null","null","null","null","null","7","CHA2DS2-VAScScoreinfo","Lip GY, Nieuwlaat R, Pisters R, Lane DA, Crijns HJ.$$Refining clinical risk stratification for predicting stroke and thromboembolism in atrial fibrillation using a novel risk factor-based approach: the euro heart survey on atrial fibrillation. Chest. 2010 Feb 1;137(2):263-72.$$https://www.sciencedirect.com/science/article/pii/S0012369210600670££Friberg L, Rosenqvist M, Lip GY.$$Evaluation of risk stratification schemes for ischaemic stroke and bleeding in 182 678 patients with atrial fibrillation: the Swedish Atrial Fibrillation cohort study. European heart journal. 2012 Jun 1;33(12):1500-10.$$https://academic.oup.com/eurheartj/article-abstract/33/12/1500/473502££Okumura K, Inoue H, Atarashi H, Yamashita T, Tomita H, Origasa H, J-Rhythm Registry Investigators.$$Validation of CHA2DS2-VASc and HAS-BLED Scores in Japanese Patients With Nonvalvular Atrial Fibrillation‚Äö√Ñ√¨An Analysis of the J-RHYTHM Registry‚Äö√Ñ√¨. Circulation Journal. 2014;78(7):1593-9.$$https://www.jstage.jst.go.jp/article/circj/78/7/78_CJ-14-0144/_article/-char/ja/","nil","points","Calculates stroke risk for patients with AF","CHA2DS2-VASc Score","All,Cardio,GP,Neuro,Old"
"numerical","Bilirubin","µmol/L","0","numerical","INR","ratio","0","button","Albumin",">35g/L,28-35g/L,<28g/L","1,2,3","button","Ascites","Absent,Slight,Moderate","1,2,3","button","Encephalopathy - see info for grades","None,Grade 1-2,Grade 3-4","1,2,3","null","null","null","null","null","null","null","null","null","null","null","null","null","null","null","null","null","null","null","null","null","null","null","null","null","null","null","null","null","null","null","null","null","null","null","null","null","null","null","null","null","null","null","null","null","null","null","null","null","null","null","null","null","null","null","null","null","null","null","null","5","CHILD-PUGHinfo","Child CG, Turcotte JG.$$Surgery and portal hypertension. Major Probl Clin Surg. 1964;1:1-85. PMID: 4950264.$$@££Pugh RN, Murray‚Äö√Ñ√™Lyon IM, Dawson JL, Pietroni MC, Williams R.$$Transection of the oesophagus for bleeding oesophageal varices. British journal of surgery. 1973 Aug;60(8):646-9.$$https://bjssjournals.onlinelibrary.wiley.com/doi/abs/10.1002/bjs.1800600817££Durand F, Valla D$$Assessment of the prognosis of cirrhosis: Child‚Äö√Ñ√¨Pugh versus MELD. Journal of hepatology. 2005 Apr$$https://www.journal-of-hepatology.eu/article/S0168-8278(04)00533-1/abstract","CHILD","points","Estimates liver cirrhosis severity","CHILD-PUGH","All,Gastro"
"button","Nausea / vomiting","None,Mild nausea,(more severe),(more severe),Intermittent + dry heaves,(more severe),(more severe),Constant + vomiting / heaves","0,1,2,3,4,5,6,7","button","Tremor - upper limb","None,Not visible but felt,(more severe),(more severe),Moderate arms extended,(more severe),(more severe),Severe","0,1,2,3,4,5,6,7","button","Paroxysmal sweats","None,Barely sweating,(more severe),(more severe),Beads sweat,(more severe),(more severe),Drenching sweats","0,1,2,3,4,5,6,7","button","Anxiety","None,Mild,(more severe),(more severe),Moderate or guarded,(more severe),(more severe),Acute panic state","0,1,2,3,4,5,6,7","button","Agitation","Normal activity,Somewhat > normal,(more severe),(more severe),Moderate fidgety/restless,(more severe),(more severe),Pacing / thrashing","0,1,2,3,4,5,6,7","button","Tactile disturbances - itching / P&N's / burning / numbness","None,Very mild sensations,Mild sensations,Moderate sensations,Moderate/severe hallucinations,Severe halluncinations,Extremely severe hallucinations,Continous hallucinations","0,1,2,3,4,5,6,7","button","Auditory disturbances","None,Very mild,Mild,Moderate,Moderate/severe hallucinations,Severe hallucinations,Extremely severe hallucinations,Continous hallucinations","0,1,2,3,4,5,6,7","button","Visual disturbances","None,Very mild,Mild,Moderate,Moderate/severe hallucinations,Severe hallucinations,Extremely severe hallucinations,Continous hallucinations","0,1,2,3,4,5,6,7","button","Headache / Fullness in head","None,Very mild,Mild,Moderate,Moderate/severe,Severe,Very severe,Extremely severe","0,1,2,3,4,5,6,7","button","Orientation / Clouding of senses","Orientated + serial additions,Can't do serial additions / uncertain about date,Disorientated for date no more than 2 days,Disorientated for date by more 2 days,Disorientated to place or person","0,1,2,3,4","null","null","null","null","null","null","null","null","null","null","null","null","null","null","null","null","null","null","null","null","null","null","null","null","null","null","null","null","null","null","null","null","null","null","null","null","null","null","null","null","10","CIWA-Arinfo","Sullivan JT, Sykora K, Schneiderman J, Naranjo CA, Sellers EM.$$Assessment of alcohol withdrawal: the revised clinical institute withdrawal assessment for alcohol scale (CIWA‚Äö√Ñ√™Ar). British journal of addiction. 1989 Nov;84(11):1353-7.$$https://onlinelibrary.wiley.com/doi/abs/10.1111/j.1360-0443.1989.tb00737.x££Miller JP.$$Routine hospital alcohol detoxification practice compared to symptom triggered management with an Objective Withdrawal Scale (CIWA-Ar). American Journal on Addictions. 2000 Jan 1;9(2):135-44.$$https://www.tandfonline.com/doi/abs/10.1080/10550490050173208","nil","points","Assessment severity of alcohol withdrawal","CIWA-Ar","All,Emergency,Gastro,GP"
"button","Sex","Male,Female","1,0","numerical","Age","Years","0","numerical","Serum Creatinine","µmol/L","0","null","null","null","null","null","null","null","null","null","null","null","null","null","null","null","null","null","null","null","null","null","null","null","null","null","null","null","null","null","null","null","null","null","null","null","null","null","null","null","null","null","null","null","null","null","null","null","null","null","null","null","null","null","null","null","null","null","null","null","null","null","null","null","null","null","null","null","null","3","CKD-EPIinfo","Inker LA, Eneanya ND, Coresh J, Tighiouart H, Wang D, Sang Y, Crews DC, Doria A, Estrella MM, Froissart M, Grams ME$$New creatinine-and cystatin C‚Äö√Ñ√¨based equations to estimate GFR without race. New England Journal of Medicine. 2021 Nov 4;385(19):1737-49$$https://www.nejm.org/doi/full/10.1056/NEJMoa2102953££Rossing P, Caramori ML, Chan JC, Heerspink HJ, Hurst C, Khunti K, Liew A, Michos ED, Navaneethan SD, Olowu WA, Sadusky T$$Executive summary of the KDIGO 2022 Clinical Practice Guideline for Diabetes Management in Chronic Kidney Disease: an update based on rapidly emerging new evidence. Kidney international. 2022 Nov 1;102(5):990-9$$https://www.sciencedirect.com/science/article/pii/S008525382200518X","CKD-EPI","ml/min/1.73 m²","Estimates GFR based on serum creatinine based on CKD-EPI Creatinine 2021 equation","CKD-EPI CREATININE 2021","All,Renal"
"button","MAP (mmHg)","≥70,<70,Any MAP with Vasopressors","1,2,3","button","Sp0₂/Fi0₂ or Pa0₂/Fi0₂ ratio",">357 or >300,215-357 or 201-300, ≤214 or ≤200 or Intubated","1,2,3","button","Bilirubin","<102.6¬µmol/L or <6mg/dL,102.6-205.1µmol/L or 6-11mg/dL,≥205.2µmol/L or ≥12mg/dL","1,2,3","button","Creatinine","<176.8¬µmol/L or <2mg/dL,176.8-309.3¬µmol/L or 2-3.4mg/dL,<309.4¬µmol/L or ≥3.5mg/dL","1,2,3","button","West-Haven hepatic encephalopathy grade (score 3-4 if intubated due to hepatic encephalopathy)","0,1-2,3-4","1,2,3","button","INR","<2.0,2.0-2.4,≥2.5","1,2,3","numerical","Age","years","0","numerical","WCC","x10^9","0","null","null","null","null","null","null","null","null","null","null","null","null","null","null","null","null","null","null","null","null","null","null","null","null","null","null","null","null","null","null","null","null","null","null","null","null","null","null","null","null","null","null","null","null","null","null","null","null","8","CLIF-CACLFinfo","Jalan R, Saliba F, Pavesi M, Amoros A, Moreau R, Gin‚àö¬Æs P, Levesque E, Durand F, Angeli P, Caraceni P, Hopf C.¬¨‚Ä†$$Development and validation of a prognostic score to predict mortality in patients with acute-on-chronic liver failure. Journal of hepatology. 2014 Nov 1;61(5):1038-47.$$https://www.sciencedirect.com/science/article/pii/S0168827814004085££Lee M, Lee JH, Oh S, Jang Y, Lee W, Lee HJ, Yoo JJ, Choi WM, Cho YY, Cho Y, Lee DH.$$CLIF‚Äö√Ñ√™SOFA scoring system accurately predicts short‚Äö√Ñ√™term mortality in acutely decompensated patients with alcoholic cirrhosis: a retrospective analysis. Liver International. 2015 Jan;35(1):46-57.$$https://onlinelibrary.wiley.com/doi/abs/10.1111/liv.12683££Engelmann C, Thomsen KL, Zakeri N, Sheikh M, Agarwal B, Jalan R, Mookerjee RP.$$Validation of CLIF-C ACLF score to define a threshold for futility of intensive care support for patients with acute-on-chronic liver failure. Critical Care. 2018 Dec;22:1-8.$$https://link.springer.com/article/10.1186/s13054-018-2156-0££Moreau R, Jalan R, Gines P, Pavesi M, Angeli P, Cordoba J, Durand F, Gustot T, Saliba F, Domenicali M, Gerbes A.$$Acute-on-chronic liver failure is a distinct syndrome that develops in patients with acute decompensation of cirrhosis. Gastroenterology. 2013 Jun 1;144(7):1426-37.$$https://www.sciencedirect.com/science/article/pii/S0016508513002916","CLIF","points","Predicts mortality in acute-on-chronic liver failure.","CLIF-C ACLF","All,Gastro"
"button","Symptom burden: mMRC / CAT score (see info document)","Lower (mMRC <2 or CAT Score <10),Higher (mMRC ≥2 or CAT Score ≥10)","0,1","button","Exacerbation history","0 exacerbation,1 exacerbation without hospital admission,≥1 exacerbation with hospital admission,≥2 exacerbations","0,1,2,3","button","Predicted FEV %","≥80,50-79,30-49,<30","0,1,2,3","null","null","null","null","null","null","null","null","null","null","null","null","null","null","null","null","null","null","null","null","null","null","null","null","null","null","null","null","null","null","null","null","null","null","null","null","null","null","null","null","null","null","null","null","null","null","null","null","null","null","null","null","null","null","null","null","null","null","null","null","null","null","null","null","null","null","null","null","3","GOLDinfo","Duckworth C, Boniface MJ, Kirk A, Wilkinson TM$$Exploring the Validity of GOLD 2023 Guidelines: Should GOLD C and D Be Combined?. International Journal of Chronic Obstructive Pulmonary Disease. 2023 Dec 31:2335-9$$https://www.tandfonline.com/doi/abs/10.2147/COPD.S430344££Parums DV.$$Global Initiative for Chronic Obstructive Lung Disease (GOLD) 2023 Guidelines for COPD, Including COVID-19, Climate Change, and Air Pollution. Medical Science Monitor: International Medical Journal of Experimental and Clinical Research. 2023;29:e942672-1$$https://www.ncbi.nlm.nih.gov/pmc/articles/PMC10552569/££Brat K, Svoboda M, Zatloukal J, Plutinsky M, Volakova E, Popelkova P, Novotna B, Dvorak T, Koblizek V$$Prognostic properties of the GOLD 2023 classification system. International Journal of Chronic Obstructive Pulmonary Disease. 2023 Dec 31:661-7$$https://www.tandfonline.com/doi/abs/10.2147/COPD.S410372","GOLD","points","Global Initiative for Obstructive Lung Disease: Stratifies levels of COPD and provides recommendation on treatment","COPD GOLD CRITERIA","All,Resp,GP"
"numerical","Heart rate","bpm","0","button","Paper speed (mm/sec)","25,50","40,20","numerical","QT interval (small boxes)","no.","0","button","Formula","Bazett,Fridericia,Framingham,Hodges,Rautaharju","0,1,2,3,4","null","null","null","null","null","null","null","null","null","null","null","null","null","null","null","null","null","null","null","null","null","null","null","null","null","null","null","null","null","null","null","null","null","null","null","null","null","null","null","null","null","null","null","null","null","null","null","null","null","null","null","null","null","null","null","null","null","null","null","null","null","null","null","null","4","CORRECTEDQTinfo","Bazett HC$$AN ANALYSIS OF THE TIME‚Äö√Ñ√™RELATIONS OF ELECTROCARDIOGRAMS. Annals of noninvasive electrocardiology. 1997 Apr;2(2):177-94$$https://onlinelibrary.wiley.com/doi/abs/10.1111/j.1542-474X.1997.tb00325.x££Fridericia LS$$The duration of systole in an electrocardiogram in normal humans and in patients with heart disease. Annals of Noninvasive Electrocardiology. 2003 Oct;8(4):343$$https://www.ncbi.nlm.nih.gov/pmc/articles/PMC7328879/££Luo S, Michler K, Johnston P, Macfarlane PW$$A comparison of commonly used QT correction formulae: the effect of heart rate on the QTc of normal ECGs. Journal of electrocardiology. 2004 Oct 1;37:81-90$$https://www.sciencedirect.com/science/article/pii/S0022073604001001££Vandenberk B, Vandael E, Robyns T, Vandenberghe J, Garweg C, Foulon V, Ector J, Willems R$$Which QT correction formulae to use for QT monitoring?. Journal of the American Heart Association. 2016 Jun 17;5(6):e003264$$https://www.ahajournals.org/doi/abs/10.1161/jaha.116.003264££Sagie A, Larson MG, Goldberg RJ, Bengtson JR, Levy¬¨‚Ä†$$An improved method for adjusting the QT interval for heart rate (the Framingham Heart Study). The American journal of cardiology. 1992 Sep 15;70(7):797-801$$https://www.sciencedirect.com/science/article/pii/000291499290562D££Rautaharju PM, Mason JW, Akiyama T$$New age-and sex-specific criteria for QT prolongation based on rate correction formulas that minimize bias at the upper normal limits. International journal of cardiology. 2014 Jul 1;174(3):535-40$$https://www.sciencedirect.com/science/article/pii/S0167527314008134","QTC","millisecs","Corrects the QT interval for heart rate - QTc","CORRECTED QT","All,Cardio"
"button","Sex","Male,Female","1,0.85","numerical","Weight - Actual vs Ideal (see info page)","kg","0","numerical","Age","years","0","numerical","Creatinine","µmol/L","0","null","null","null","null","null","null","null","null","null","null","null","null","null","null","null","null","null","null","null","null","null","null","null","null","null","null","null","null","null","null","null","null","null","null","null","null","null","null","null","null","null","null","null","null","null","null","null","null","null","null","null","null","null","null","null","null","null","null","null","null","null","null","null","null","4","CREATININECLEARANCEinfo","Eknoyan G, Lameire N, Eckardt K, Kasiske B, Wheeler D, Levin A, Stevens PE, Bilous RW, Lamb EJ, Coresh JJ.$$KDIGO 2012 clinical practice guideline for the evaluation and management of chronic kidney disease. Kidney int. 2013 Jan 1;3(1):5-14.$$https://kdigo.org/wp-content/uploads/2017/02/KDIGO_2012_CKD_GL.pdf££Cockcroft DW, Gault H.$$Prediction of creatinine clearance from serum creatinine. Nephron. 1976;16(1):31-41.$$https://www.karger.com/Article/Abstract/180580££Brown DL, Masselink AJ, Lalla CD.$$Functional range of creatinine clearance for renal drug dosing: a practical solution to the controversy of which weight to use in the Cockcroft-Gault equation. Annals of Pharmacotherapy. 2013 Jul;47(7-8):1039-44.$$https://journals.sagepub.com/doi/pdf/10.1345/aph.1S176","$ * $$ * (140 - $$)) / (0.814 * $$)","mL/min","Calculates Creatinine Clearance according to the Cockcroft-Gault equation","CREATININE CLEARANCE","All,Old,Renal"
"numerical","Weight","kg","0","numerical","Ideal body weight","kg","0","button","Sex","Male,Female","1,0","numerical","Haematocrit","%","0","numerical","Total number of soft / liquid stools in the last 7 days","stools","0","button","Abdominal pain: average daily rating for 7 days","None,Mild,Moderate,Severe","0,1,2,3","button","General well-being: average daily rating for 7 days","Well,Slightly poor,Poor,Very poor,Terrible","0,1,2,3,4","button","Anti-diarrhoea medication use in last 7 days","Yes,No","1,0","button","Abdominal mass","None,Questionable,Definite","0,2,5","button","Arthritis / Arthralgia","Yes,No","1,0","button","Iritis / Uveitis","Yes,No","1,0","button","Erythema nodosum / Pyoderma gangrenosum / Apthous stomatitis","Yes,No","1,0","button","Anal fissure / Fistula / Abscess","Yes,No","1,0","button","Other Fistula","Yes,No","1,0","button","Temperature >37.8°C / 100°F","Yes,No","1,0","null","null","null","null","null","null","null","null","null","null","null","null","null","null","null","null","null","null","null","null","15","CDAIinfo","Best WR, Becktel JM, Singleton JW, Kern Jr F$$Development of a Crohn's disease activity index: National Cooperative Crohn's Disease Study. Gastroenterology. 1976 Mar 1;70(3):439-44$$https://www.sciencedirect.com/science/article/pii/S0016508576801631££J‚àö‚àèrgensen LG, Fredholm L, Hyltoft Petersen P, Hey H, Munkholm P, Brandslund I$$How accurate are clinical activity indices for scoring of disease activity in inflammatory bowel disease (IBD)?. Clinical Chemistry and Laboratory Medicine (CCLM). 2005 Apr 1;43(4):403-11$$https://www.degruyter.com/document/doi/10.1515/CCLM.2005.073/html££Yoshida EM$$The Crohn‚Äö√Ñ√¥s Disease Activity Index, its derivatives and the inflammatory bowel disease questionnaire: A review of instruments to assess in Crohn‚Äö√Ñ√¥s disease. Canadian Journal of Gastroenterology and Hepatology. 1999 Jan 1;13:65-73$$https://www.hindawi.com/journals/cjgh/1999/506915/abs/","CDAI","points","Crohn's Disease Activity Index: current severity of Crohn's disease","CDAI","All,Gastro"
"button","Confusion","Yes,No","1,0","button","BUN >19 mg/dL (>7 mmol/L urea)","Yes,No","1,0","button","Respiratory Rate ≥30","Yes,No","1,0","button","Systolic BP <90 mmHg or Diastolic BP ≤60 mmHg","Yes,No","1,0","button","Age ≥65","Yes,No","1,0","null","null","null","null","null","null","null","null","null","null","null","null","null","null","null","null","null","null","null","null","null","null","null","null","null","null","null","null","null","null","null","null","null","null","null","null","null","null","null","null","null","null","null","null","null","null","null","null","null","null","null","null","null","null","null","null","null","null","null","null","5","CURB-65info","Lim WS, Van der Eerden MM, Laing R, Boersma WG, Karalus N, Town GI, Lewis SA, Macfarlane J.$$Defining community acquired pneumonia severity on presentation to hospital: an international derivation and validation study. Thorax. 2003 May 1;58(5):377-82.$$https://thorax.bmj.com/content/58/5/377.short££Shah NN, Shah BA, Ahmed W, Dhobi GN, Haq I.$$Validity of pneumonia severity index and curb-65 severity scoring systems in community-acquired pneumonia in a third world country. Chest. 2009 Oct 1;136(4):5S.$$https://journal.chestnet.org/article/S0012-3692(16)47639-7/abstract££Aujesky D, Auble TE, Yealy DM, Stone RA, Obrosky DS, Meehan TP, Graff LG, Fine JM, Fine MJ.$$Prospective comparison of three validated prediction rules for prognosis in community-acquired pneumonia. The American journal of medicine. 2005 Apr 1;118(4):384-92.$$https://www.sciencedirect.com/science/article/pii/S0002934305000070££Myint PK, Kamath AV, Vowler SL, Maisey DN, Harrison BD.$$Severity assessment criteria recommended by the British Thoracic Society (BTS) for community-acquired pneumonia (CAP) and older patients. Should SOAR (systolic blood pressure, oxygenation, age and respiratory rate) criteria be used in older people? A compilation study of two prospective cohorts. Age and ageing. 2006 May 1;35(3):286-91.$$https://academic.oup.com/ageing/article-abstract/35/3/286/40423","nil","points","Estimates mortality of community-acquired pneumonia","CURB-65","All,Emergency,GP,Resp"
"numerical","Number of tender joints","joints","0","numerical","Number of swollen joints","joints","0","numerical","CRP","mg/L","0","button","Patient reported global health","0.0: Very well,0.5,1.0,1.5,2.0,2.5,3.0,3.5,4.0,4.5,5.0,5.5,6.0,6.5,7.0,7.5,8.0,8.5,9.0,9.5,10: Very poor","0,0.5,1,1.5,2,2.5,3,3.5,4,4.5,5,5.5,6,6.5,7,7.5,8,8.5,9,9.5,10","null","null","null","null","null","null","null","null","null","null","null","null","null","null","null","null","null","null","null","null","null","null","null","null","null","null","null","null","null","null","null","null","null","null","null","null","null","null","null","null","null","null","null","null","null","null","null","null","null","null","null","null","null","null","null","null","null","null","null","null","null","null","null","null","4","DAS28-CRPinfo","Van der Heijde DM, van't Hof MA, Van Riel PL, Theunisse LA, Lubberts EW, van Leeuwen MA, van Rijswijk MH, Van de Putte LB$$Judging disease activity in clinical practice in rheumatoid arthritis: first step in the development of a disease activity score. Annals of the rheumatic diseases. 1990 Nov 1;49(11):916-20$$https://ard.bmj.com/content/49/11/916.short££Tamhane A, Redden DT, McGwin G, Brown EE, Westfall AO, Reynolds RJ, Hughes LB, Conn DL, Callahan LF, Jonas BL, Smith EA$$Comparison of the disease activity score using erythrocyte sedimentation rate and C-reactive protein in African Americans with rheumatoid arthritis. The Journal of rheumatology. 2013 Nov 1;40(11):1812-22$$https://www.jrheum.org/content/40/11/1812.short££Inoue E, Yamanaka H, Hara M, Tomatsu T, Kamatani N$$Comparison of Disease Activity Score (DAS) 28-erythrocyte sedimentation rate and DAS28-C-reactive protein threshold values. Annals of the rheumatic diseases. 2007 Mar 1;66(3):407-9$$https://ard.bmj.com/content/66/3/407.short","DAS28-CRP","points","Disease Activity Score-28 for Rheumatoid Arthritis with CRP","DAS28-CRP","All,MSK"
"numerical","Number of tender joints","joints","0","numerical","Number of swollen joints","joints","0","numerical","ESR","mm/hr","0","button","Patient reported global health","0.0: Very well,0.5,1.0,1.5,2.0,2.5,3.0,3.5,4.0,4.5,5.0,5.5,6.0,6.5,7.0,7.5,8.0,8.5,9.0,9.5,10: Very poor","0,0.5,1,1.5,2,2.5,3,3.5,4,4.5,5,5.5,6,6.5,7,7.5,8,8.5,9,9.5,10","null","null","null","null","null","null","null","null","null","null","null","null","null","null","null","null","null","null","null","null","null","null","null","null","null","null","null","null","null","null","null","null","null","null","null","null","null","null","null","null","null","null","null","null","null","null","null","null","null","null","null","null","null","null","null","null","null","null","null","null","null","null","null","null","4","DAS28-ESRinfo","Van der Heijde DM, van't Hof MA, Van Riel PL, Theunisse LA, Lubberts EW, van Leeuwen MA, van Rijswijk MH, Van de Putte LB$$Judging disease activity in clinical practice in rheumatoid arthritis: first step in the development of a disease activity score. Annals of the rheumatic diseases. 1990 Nov 1;49(11):916-20$$https://ard.bmj.com/content/49/11/916.short££Tamhane A, Redden DT, McGwin G, Brown EE, Westfall AO, Reynolds RJ, Hughes LB, Conn DL, Callahan LF, Jonas BL, Smith EA$$Comparison of the disease activity score using erythrocyte sedimentation rate and C-reactive protein in African Americans with rheumatoid arthritis. The Journal of rheumatology. 2013 Nov 1;40(11):1812-22$$https://www.jrheum.org/content/40/11/1812.short££Inoue E, Yamanaka H, Hara M, Tomatsu T, Kamatani N$$Comparison of Disease Activity Score (DAS) 28-erythrocyte sedimentation rate and DAS28-C-reactive protein threshold values. Annals of the rheumatic diseases. 2007 Mar 1;66(3):407-9$$https://ard.bmj.com/content/66/3/407.short","DAS28-ESR","points","Disease Activity Score-28 for Rheumatoid Arthritis with ESR","DAS28-ESR","All,MSK"
"button","D-dimer raised 1 month after stopping anticoagulation","Yes,No","2,0","button","Age ≤50 years","Yes,No","1,0","button","Sex","Male,Female","1,0","button","Hormone use at VTE onset (if female)","Yes,No or Male","-2,0","null","null","null","null","null","null","null","null","null","null","null","null","null","null","null","null","null","null","null","null","null","null","null","null","null","null","null","null","null","null","null","null","null","null","null","null","null","null","null","null","null","null","null","null","null","null","null","null","null","null","null","null","null","null","null","null","null","null","null","null","null","null","null","null","4","DASHinfo","Tosetto A, Testa S, Martinelli I, Poli D, Cosmi B, Lodigiani C, Ageno W, De Stefano V, Falanga A, Nichele I, Paoletti O$$External validation of the DASH prediction rule: a retrospective cohort study. Journal of Thrombosis and Haemostasis. 2017 Oct 1;15(10):1963-70$$https://www.sciencedirect.com/science/article/pii/S1538783622043537££Tosetto A, Iorio A, Marcucci M, Baglin T, Cushman M, Eichinger S, Palareti G, Poli D, Tait RC, Douketis J$$Predicting disease recurrence in patients with previous unprovoked venous thromboembolism: a proposed prediction score (DASH). Journal of thrombosis and haemostasis. 2012 Jun 1;10(6):1019-25$$https://www.sciencedirect.com/science/article/pii/S153878362206319X","nil","points","Predicts likelihood of recurrent VTE after first VTE","DASH","All,Haem"
"button","Limbal involvement","0 clock hours,≤3 clock hours,>3-6 clock hours,>6-9 clock hours,>9-11.9 clock hours,Total limbus / 12 clock hours","1,2,3,4,5,6","button","Conjunctival involvement %: involvement of the bulbar conjunctiva up to and including the conjunctival fornices only","0%,≤30%,>30-50%,>50%-75%,>75-99.9%,Total conjunctiva / 100%","1,2,3,4,5,6","null","null","null","null","null","null","null","null","null","null","null","null","null","null","null","null","null","null","null","null","null","null","null","null","null","null","null","null","null","null","null","null","null","null","null","null","null","null","null","null","null","null","null","null","null","null","null","null","null","null","null","null","null","null","null","null","null","null","null","null","null","null","null","null","null","null","null","null","null","null","null","null","2","DUAinfo","Gupta N, Kalaivani M, Tandon R$$Comparison of prognostic value of Roper Hall and Dua classification systems in acute ocular burns. British journal of ophthalmology. 2011 Feb 1;95(2):194-8$$https://bjo.bmj.com/content/95/2/194.short££Dua HS, King AJ, Joseph A$$A new classification of ocular surface burns. British Journal of Ophthalmology. 2001 Nov 1;85(11):1379-83$$https://bjo.bmj.com/content/85/11/1379.short££Singh P, Tyagi M, Kumar Y, Gupta KK, Sharma PD$$Ocular chemical injuries and their management. Oman journal of ophthalmology. 2013 May 1;6(2):83-6$$https://journals.lww.com/ojoo/fulltext/2013/06020/ocular_chemical_injuries_and_their_management.3.aspx££Merle H, Gerard M, Schrage N$$Severe ocular burns. Eur Ophthalmic Rev. 2011;5(2):130-3$$https://www.prevor.com/app/uploads/sites/4/2020/09/severe-ocular-burns-h.-merle-eur-ophthal.pdf","DUA","grade","Dua classification of ocular chemical injuries","DUA CLASSIFICATION","All,Ophth"
"numerical","Age","years","0","numerical","AST","U/L","0","numerical","ALT","U/L","0","numerical","Platelets","× 10⁹/L","0","null","null","null","null","null","null","null","null","null","null","null","null","null","null","null","null","null","null","null","null","null","null","null","null","null","null","null","null","null","null","null","null","null","null","null","null","null","null","null","null","null","null","null","null","null","null","null","null","null","null","null","null","null","null","null","null","null","null","null","null","null","null","null","null","4","FIB-4info","Sterling RK, Lissen E, Clumeck N, Sola R, Correa MC, Montaner J, Sulkowski MS, Torriani FJ, Dieterich DT, Thomas DL, Messinger D$$Development of a simple noninvasive index to predict significant fibrosis in patients with HIV/HCV coinfection. Hepatology. 2006 Jun 1;43(6):1317-25.$$https://journals.lww.com/hep/fulltext/2006/06000/Development_of_a_simple_noninvasive_index_to.19.aspx££Kim BK, Kim DY, Park JY, Ahn SH, Chon CY, Kim JK, Paik YH, Lee KS, Park YN, Han KH$$Validation of FIB‚Äö√Ñ√™4 and comparison with other simple noninvasive indices for predicting liver fibrosis and cirrhosis in hepatitis B virus‚Äö√Ñ√™infected patients. Liver International. 2010 Apr;30(4):546-53.$$https://onlinelibrary.wiley.com/doi/abs/10.1111/j.1478-3231.2009.02192.x?casa_token=ny41EGyrf_kAAAAA:7nL5ZKe3R4bUMu4li0zl1SBkfS1xk1mTpGR_xZlL6T76v72NqdmQGFZwT5TQfYBuvBzzgxxlZcBC2Go££McPherson S, Hardy T, Dufour JF, Petta S, Romero-Gomez M, Allison M, Oliveira CP, Francque S, Van Gaal L, Schattenberg JM, Tiniakos D$$Age as a confounding factor for the accurate non-invasive diagnosis of advanced NAFLD fibrosis. Official journal of the American College of Gastroenterology| ACG. 2017 May 1;112(5):740-51.$$https://journals.lww.com/ajg/fulltext/2017/05000/age_as_a_confounding_factor_for_the_accurate.21.aspx","$*$$)/(sqrt($$)*$$)","points","Index for Liver Fibrosis. Non-invasive estimate of liver fibrosis in HCV & HBV patients to assess need for biopsy.","FIB-4","All,Gastro"
"button","Endoscopy findings","Active spurting,Active oozing,Non-bleeding visible vessel,Adherent clot,Flat pigmented spot,Clean ulcer base","0,1,2,3,4,5","null","null","null","null","null","null","null","null","null","null","null","null","null","null","null","null","null","null","null","null","null","null","null","null","null","null","null","null","null","null","null","null","null","null","null","null","null","null","null","null","null","null","null","null","null","null","null","null","null","null","null","null","null","null","null","null","null","null","null","null","null","null","null","null","null","null","null","null","null","null","null","null","null","null","null","null","1","FORRESTinfo","Forrest JH, Finlayson ND, Shearman DJ$$Endoscopy in gastrointestinal bleeding. The Lancet. 1974 Aug 17;304(7877):394-7$$https://www.sciencedirect.com/science/article/pii/S014067367491770X££de Groot NL, van Oijen MG, Kessels K, Hemmink M, Weusten BL, Timmer R, Hazen WL, van Lelyveld N, Vermeijden RR, Curvers WL, Baak BC$$Reassessment of the predictive value of the Forrest classification for peptic ulcer rebleeding and mortality: can classification be simplified?. Endoscopy. 2014 Jan;46(01):46-52$$https://www.thieme-connect.com/products/ejournals/html/10.1055/s-0033-1344884","FORREST","points","Forrest Classification of Upper GI Bleeding: severity based on endoscopic finding","FORREST CLASSIFICATION","All,Gastro,GenSurg"
"button","Sex","Male,Female","1,0","numerical","Age","years","0","button","Smoker","Yes,No","1,0","numerical","Total cholesterol","mmol/L","0","numerical","HDL cholesterol","mmol/L","0","numerical","Systolic BP","mmHg","0","button","Blood pressure medication","Yes,No","1,0","null","null","null","null","null","null","null","null","null","null","null","null","null","null","null","null","null","null","null","null","null","null","null","null","null","null","null","null","null","null","null","null","null","null","null","null","null","null","null","null","null","null","null","null","null","null","null","null","null","null","null","null","7","FRAMINGHAMRISKSCOREinfo","Benjamin EJ, Levy D, Vaziri SM, D'Agostino RB, Belanger AJ, Wolf PA$$Independent risk factors for atrial fibrillation in a population-based cohort: the Framingham Heart Study. Jama. 1994 Mar 16;271(11):840-4$$https://jamanetwork.com/journals/jama/article-abstract/367563££Sytkowski PA, Kannel WB, D'Agostino RB$$Changes in risk factors and the decline in mortality from cardiovascular disease: the Framingham Heart Study. New England Journal of Medicine. 1990 Jun 7;322(23):1635-41$$https://www.nejm.org/doi/full/10.1056/NEJM199006073222304££Wilson PW, D‚Äö√Ñ√¥Agostino RB, Levy D, Belanger AM, Silbershatz H, Kannel WB$$Prediction of coronary heart disease using risk factor categories. Circulation. 1998 May 12;97(18):1837-47$$https://www.ahajournals.org/doi/abs/10.1161/01.CIR.97.18.1837","Framingham","%","Estimates 10-year risk of heart attack","$$VOID$$FRAMINGHAM RISK SCORE","All,Cardio,GP"
"button","Fever in past 24 hours","Yes,No","1,0","button","Absence of cough or coryza","Yes,No","1,0","button","Symptom onset ≤3 days","Yes,No","1,0","button","Purulent tonsils","Yes,No","1,0","button","Severe tonsil inflammation","Yes,No","1,0","null","null","null","null","null","null","null","null","null","null","null","null","null","null","null","null","null","null","null","null","null","null","null","null","null","null","null","null","null","null","null","null","null","null","null","null","null","null","null","null","null","null","null","null","null","null","null","null","null","null","null","null","null","null","null","null","null","null","null","null","5","FeverPAINinfo","Little P, Hobbs FR, Mant D, McNulty CA, Mullee M$$Incidence and clinical variables associated with streptococcal throat infections: a prospective diagnostic cohort study. British Journal of General Practice. 2012 Nov 1;62(604):e787-94$$https://bjgp.org/content/62/604/e787.short££Little P, Moore M, Hobbs FD, Mant D, McNulty C, Williamson I, Cheng E, Stuart B, Kelly J, Barnett J, Mullee M$$PRImary care Streptococcal Management (PRISM) study: identifying clinical variables associated with Lancefield group A ≈í≤-haemolytic streptococci and Lancefield non-Group A streptococcal throat infections from two cohorts of patients presenting with an acute sore throat. BMJ open. 2013 Oct 1;3(10):e003943$$https://bmjopen.bmj.com/content/3/10/e003943.short","nil","points","Estimates probability that acute pharyngitis is streptococcal in nature","FeverPAIN SCORE","All,GP,ENT"
"button","Sex & Age range","Child,Adult Male,Adult Female,Elderly Male,Elderly Female","0.6,0.6,0.5,0.5,0.45","numerical","Weight","kg","0","numerical","Sodium","mmol/L","0","numerical","Target Sodium","mmol/L","0","null","null","null","null","null","null","null","null","null","null","null","null","null","null","null","null","null","null","null","null","null","null","null","null","null","null","null","null","null","null","null","null","null","null","null","null","null","null","null","null","null","null","null","null","null","null","null","null","null","null","null","null","null","null","null","null","null","null","null","null","null","null","null","null","4","FREEWATERDEFICITinfo","Adrogu‚àö¬© HJ, Madias NE.$$Hypernatremia. New England Journal of Medicine. 2000 May 18;342(20):1493-9.$$https://www.nejm.org/doi/full/10.1056/nejm¬≤00005183422006££Barsoum NR, Levine BS.$$Current prescriptions for the correction of hyponatraemia and hypernatraemia: are they too simple?. Nephrology Dialysis Transplantation. 2002 Jul 1;17(7):1176-80.$$https://academic.oup.com/ndt/article-abstract/17/7/1176/1813135","$*$$)*(($$/$$)-1)","litres","Calculates free water deficit in hypernatremiaby estimated total body water","FREE WATER DEFICIT","All,CriticalCare,Endo"
"button","Feeling nervous, anxious, or on edge","Not at all,Several days,More than half the days,Nearly every day","0,1,2,3","button","Not being able to stop or control worrying","Not at all,Several days,More than half the days,Nearly every day","0,1,2,3","button","Worrying too much about different things","Not at all,Several days,More than half the days,Nearly every day","0,1,2,3","button","Trouble relaxing","Not at all,Several days,More than half the days,Nearly every day","0,1,2,3","button","Being so restless that it's hard to sit still","Not at all,Several days,More than half the days,Nearly every day","0,1,2,3","button","Becoming easily annoyed or irritable","Not at all,Several days,More than half the days,Nearly every day","0,1,2,3","button","Feeling afraid as if something awful might happen","Not at all,Several days,More than half the days,Nearly every day","0,1,2,3","null","null","null","null","null","null","null","null","null","null","null","null","null","null","null","null","null","null","null","null","null","null","null","null","null","null","null","null","null","null","null","null","null","null","null","null","null","null","null","null","null","null","null","null","null","null","null","null","null","null","null","null","7","GAD-7info","Spitzer RL, Kroenke K, Williams JB, L‚àö‚àÇwe B$$A brief measure for assessing generalized anxiety disorder: the GAD-7. Archives of internal medicine. 2006 May 22;166(10):1092-7$$https://jamanetwork.com/journals/jamainternalmedicine/fullarticle/410326/££Ruiz MA, Zamorano E, Garc‚àö‚â†a-Campayo J, Pardo A, Freire O, Rejas J$$Validity of the GAD-7 scale as an outcome measure of disability in patients with generalized anxiety disorders in primary care. Journal of affective disorders. 2011 Feb 1;128(3):277-86$$https://www.sciencedirect.com/science/article/pii/S016503271000491X££Kroenke K, Spitzer RL, Williams JB, Monahan PO, L‚àö‚àÇwe B$$Anxiety disorders in primary care: prevalence, impairment, comorbidity, and detection. Annals of internal medicine. 2007 Mar 6;146(5):317-25$$https://www.acpjournals.org/doi/abs/10.7326/0003-4819-146-5-200703060-00004","nil","points","General Anxiety Disorder-7: measures severity of anxiety","GAD-7","All,GP,Psych"
"button","Age (years)","≤49,50-60,61-65,≥66","0,1,2,3","button","Sex","Male,Female","1,0","button","Onset symptoms",">24 weeks,12-24 weeks,6-11 weeks,<6 weeks","0,1,2,3","button","CRP (mg/L)","0-5,6-10,11-24,≥25","0,1,2,3","command","PATIENT SYMPTOMS","%","0","button","Head / Scalp pain","Yes,No","1,0","button","Constitutional symptoms: weight loss / night sweats / fever","Combination,Single,None","3,1,0","button","Polymyaliga","Yes,No","2,0","button","Ischaemic symptoms: : Jaw or tongue pain / Uiocular blurring / Diplopia / Amaurosis fugax","Yes,No","3,0","command","SIGNS","%","0","button","Visual: AION / CRAO / RAPD / Field loss","Yes,No","3,0","button","Temporal artery abnormality","Loss of pulse,Thickening,Tenderness,None","3,2,1,0","button","Extra-cranial artery abnormality","Loss of pulse,Bruit,Thickening,None","3,2,1,0","button","Cranial nerve III / IV / VI palsy","Yes,No","3,0","command","ALTERNATIVE DIAGNOSIS","%","0","button","Active infection","Yes,No","-3,0","button","Active cancer","Yes,No","-3,0","button","Systemic rheumatic disease","Yes,No","-3,0","button","Head and Neck pathology","Yes,No","-3,0","button","Other","Yes,No","-3,0","20","GCAinfo","Melville AR, Donaldson K, Dale J, Ciechomska A$$Validation of the Southend giant cell arteritis probability score in a Scottish single-centre fast-track pathway. Rheumatology advances in practice. 2022;6(1):rkab102$$https://academic.oup.com/rheumap/article-abstract/6/1/rkab102/6462437££Sebastian A, van der Geest KS, Tomelleri A, Macchioni P, Klinowski G, Salvarani C, Prieto-Pe‚àö¬±a D, Conticini E, Khurshid M, Dagna L, Brouwer E$$Development of a diagnostic prediction model for giant cell arteritis by sequential application of Southend Giant Cell Arteritis Probability Score and ultrasonography: a prospective multicentre study. The Lancet Rheumatology. 2024 May 1;6(5):e291-9$$https://www.thelancet.com/journals/lanrhe/article/PIIS2665-9913(24)00027-4/abstract","nil","points","Risk stratification of patients with potential GCA","GCA PROBABILITY SCORE","All,Ophth,MSK"
"button","Best eye response - opening","Spontaneously,To verbal command,To pain, No eye opening","4,3,2,1","button","Best verbal response","Orientated,Confused,Inappropriate words,Incomprehensible sounds,No verbal response","5,4,3,2,1","button","Best motor response","Obeys commands,Localises to pain,Withdrawal from pain,Flexion to pain,Extension to pain,No motor response","6,5,4,3,2,1","null","null","null","null","null","null","null","null","null","null","null","null","null","null","null","null","null","null","null","null","null","null","null","null","null","null","null","null","null","null","null","null","null","null","null","null","null","null","null","null","null","null","null","null","null","null","null","null","null","null","null","null","null","null","null","null","null","null","null","null","null","null","null","null","null","null","null","null","3","GCSinfo","Teasdale G, Jennett B.$$Assessment of coma and impaired consciousness: a practical scale. The Lancet. 1974 Jul 13;304(7872):81-4.$$https://www.sciencedirect.com/science/article/pii/S0140673674916390££Moore L, Lavoie A, Camden S, Le Sage N, Sampalis JS, Bergeron E, Abdous B.$$Statistical validation of the Glasgow coma score. Journal of Trauma and Acute Care Surgery. 2006 Jun 1;60(6):1238-44.$$https://journals.lww.com/jtrauma/Fulltext/2006/06000/Improving_the_Glasgow_Coma_Scale_Score__Motor.12.aspx££Reith FC, Van den Brande R, Synnot A, Gruen R, Maas AI.$$The reliability of the Glasgow Coma Scale: a systematic review. Intensive care medicine. 2016 Jan;42:3-15.$$https://link.springer.com/article/10.1007/s00134-015-4124-3","nil","points","Coma severity based on Eye, Verbal, and Motor criteria","GCS","All,CriticalCare,Emergency,GP,Neuro"
"button","Best eye response - opening","Spontaneously,To verbal command,To pain, No eye opening, Not assessable (trauma / oedema)","4,3,2,1,1","button","Best verbal response","Orientated,Confused,Inappropriate words,Incomprehensible sounds,No verbal response, Intubated","5,4,3,2,1,1","button","Best motor response","Obeys commands,Localises to pain,Withdrawal from pain,Flexion to pain,Extension to pain,No motor response","6,5,4,3,2,1","button","Pupil response to light","Both pupils unreactive,One pupil unreactive,Both pupils reactive (normal)","-2,-1,0","null","null","null","null","null","null","null","null","null","null","null","null","null","null","null","null","null","null","null","null","null","null","null","null","null","null","null","null","null","null","null","null","null","null","null","null","null","null","null","null","null","null","null","null","null","null","null","null","null","null","null","null","null","null","null","null","null","null","null","null","null","null","null","null","4","GCSinfo%GCSPUPILinfo","Brennan PM, Murray GD, Teasdale GM.$$Simplifying the use of prognostic information in traumatic brain injury. Part 1: The GCS-Pupils score: an extended index of clinical severity. Journal of neurosurgery. 2018 Apr 10;128(6):1612-20.$$https://thejns.org/view/journals/j-neurosurg/128/6/article-p1612.xml","GCSCOMBINED","points%points","GCS and GCS Pupil combined calculator","GCS Combined","All,CriticalCare,Emergency,GP,Neuro"
"button","Best eye response - opening","Spontaneously,To verbal command,To pain, No eye opening, Not assessable (trauma / oedema)","4,3,2,1,1","button","Best verbal response","Orientated,Confused,Inappropriate words,Incomprehensible sounds,No verbal response, Intubated","5,4,3,2,1,1","button","Best motor response","Obeys commands,Localises to pain,Withdrawal from pain,Flexion to pain,Extension to pain,No motor response","6,5,4,3,2,1","button","Pupil response to light","Both pupils unreactive,One pupil unreactive,Both pupils reactive (normal)","-2,-1,0","null","null","null","null","null","null","null","null","null","null","null","null","null","null","null","null","null","null","null","null","null","null","null","null","null","null","null","null","null","null","null","null","null","null","null","null","null","null","null","null","null","null","null","null","null","null","null","null","null","null","null","null","null","null","null","null","null","null","null","null","null","null","null","null","4","GCSPUPILinfo","Brennan PM, Murray GD, Teasdale GM.$$Simplifying the use of prognostic information in traumatic brain injury. Part 1: The GCS-Pupils score: an extended index of clinical severity. Journal of neurosurgery. 2018 Apr 10;128(6):1612-20.$$https://thejns.org/view/journals/j-neurosurg/128/6/article-p1612.xml","nil","points","Combines GCS and pupil reactivity for greater accuracy at low GCS","GCS + PUPIL","All,CriticalCare,Emergency,GP,Neuro"
"button","Sex","Male,Female","1,0","numerical","Haemoglobin","g/L","0","button","Urea (mmol/L)","≤6.4,6.5-7.9,8.0-9.9,10.0-25.0,>25.0","0,2,3,4,6","button","Systolic Blood pressure (mmHg)","≥110,100-109,90-99,<90","0,1,3,6","button","Heart rate ≥ 100","Yes,No","1,0","button","Melena","Yes,No","1,0","button","Recent syncope","Yes,No","2,0","button","History of Liver disease","Yes,No","2,0","button","Cardiac failure present","Yes,No","2,0","button","null","null","null","null","null","null","null","null","null","null","null","null","null","null","null","null","null","null","null","null","null","null","null","null","null","null","null","null","null","null","null","null","null","null","null","null","null","null","null","null","null","null","null","9","GLASGOWBLATCHFORDinfo","Blatchford O, Murray WR, Blatchford M.$$A risk score to predict need for treatment for upper gastrointestinal haemorrhage. The Lancet. 2000 Oct 14;356(9238):1318-21.$$https://www.sciencedirect.com/science/article/pii/S0140673600028166££Chen IC, Hung MS, Chiu TF, Chen JC, Hsiao CT.$$Risk scoring systems to predict need for clinical intervention for patients with nonvariceal upper gastrointestinal tract bleeding. The American journal of emergency medicine. 2007 Sep 1;25(7):774-9.$$https://www.sciencedirect.com/science/article/pii/S0735675707000034","GBS","points","Stratifies upper GI bleeding patient risk status","GLASGOW BLATCHFORD","All,Emergency,Gastro,GenSurg,GP"
"button","PaO₂ <7.9 kPa","Yes,No","1,0","button","Age >55 years","Yes,No","1,0","button","WBC >15 x 10‚Äö√ÖœÄ/L","Yes,No","1,0","button","Calcium <2 mmol/L","Yes,No","1,0","button","Urea >16 mmol/L","Yes,No","1,0","button","LDH >600 IU/L","Yes,No","1,0","button","Albumin <32 g/L","Yes,No","1,0","button","Glucose >10 mmol/L","Yes,No","1,0","null","null","null","null","null","null","null","null","null","null","null","null","null","null","null","null","null","null","null","null","null","null","null","null","null","null","null","null","null","null","null","null","null","null","null","null","null","null","null","null","null","null","null","null","null","null","null","null","8","GLASGOW-IMRIEinfo","Blamey SL, Imrie CW, O'neill J, Gilmour WH, Carter DC.$$Prognostic factors in acute pancreatitis. Gut. 1984 Dec 1;25(12):1340-6.$$https://gut.bmj.com/content/25/12/1340.abstract££Mounzer R, Langmead CJ, Wu BU, Evans AC, Bishehsari F, Muddana V, Singh VK, Slivka A, Whitcomb DC, Yadav D, Banks PA.$$Comparison of existing clinical scoring systems to predict persistent organ failure in patients with acute pancreatitis. Gastroenterology. 2012 Jun 1;142(7):1476-82.$$https://www.sciencedirect.com/science/article/pii/S0016508512003381","nil","points","Determines severity of acute pancreatitis","GLASGOW-IMRIE","All,Emergency,Gastro,GenSurg"
"numerical","Age","years","0","numerical","Heart rate","bpm","0","numerical","Systolic BP","mmHg","0","numerical","Creatinine","μmol/L","0","button","Killip Class - signs & symptoms","No congestive heart failure,Rales +/- raised JVP,Pulmonary oedema,Cardiogenic shock","0,20,39,59","button","Cardiac arrest at admission","Yes,No","39,0","button","ST segment deviation ECG","Yes,No","28,0","button","Abnormal cardiac enzymes","Yes,No","14,0","null","null","null","null","null","null","null","null","null","null","null","null","null","null","null","null","null","null","null","null","null","null","null","null","null","null","null","null","null","null","null","null","null","null","null","null","null","null","null","null","null","null","null","null","null","null","null","null","8","GRACEACSinfo","Fox KA, FitzGerald G, Puymirat E, Huang W, Carruthers K, Simon T, Coste P, Monsegu J, Steg PG, Danchin N, Anderson F$$Should patients with acute coronary disease be stratified for management according to their risk? Derivation, external validation and outcomes using the updated GRACE risk score. BMJ open. 2014 Feb 1;4(2):e004425$$https://bmjopen.bmj.com/content/4/2/e004425.short££Fox KA, Dabbous OH, Goldberg RJ, Pieper KS, Eagle KA, Van de Werf F, Avezum ‚àö√Ö, Goodman SG, Flather MD, Anderson FA, Granger CB.$$Prediction of risk of death and myocardial infarction in the six months after presentation with acute coronary syndrome: prospective multinational observational study (GRACE). bmj. 2006 Nov 23;333(7578):1091.$$https://www.bmj.com/content/333/7578/1091.pdf+html££Elbarouni B, Goodman SG, Yan RT, Welsh RC, Kornder JM, DeYoung JP, Wong GC, Rose B, Grondin FR, Gallo R, Tan M.$$Validation of the Global Registry of Acute Coronary Event (GRACE) risk score for in-hospital mortality in patients with acute coronary syndrome in Canada. American heart journal. 2009 Sep 1;158(3):392-9.$$https://www.sciencedirect.com/science/article/pii/S0002870309004529","GRACE","points","Estimates admission to 6 month mortality for patients with ACS","$$VOID$$GRACE ACS","All,Cardio,Emergency"
"button","Age","<50,≥50","1,2","button","WBC (× 10⁹/L)","<15,≥15","1,2","button","BUN (mmol/L)","<5,≥5","1,2","button","Bilirubin (μmol/L)","<125,125-250,>250","1,2,3","button","Prothrombin time ratio (patient PT compared to lab normal PT)","<1.5,1.5-2.0,>2.0","1,2,3","null","null","null","null","null","null","null","null","null","null","null","null","null","null","null","null","null","null","null","null","null","null","null","null","null","null","null","null","null","null","null","null","null","null","null","null","null","null","null","null","null","null","null","null","null","null","null","null","null","null","null","null","null","null","null","null","null","null","null","null","5","GLASGOWALCOHOLICHEPATITISinfo","Forrest EH, Evans CD, Stewart S, Phillips M, Oo YH, McAvoy NC, Fisher NC, Singhal S, Brind A, Haydon G, O‚Äö√Ñ√∂‚àö√ë‚àö¬•grady J.®‚Äö√Ñ‚Ä†$$Analysis of factors predictive of mortality in alcoholic hepatitis and derivation and validation of the Glasgow alcoholic hepatitis score. Gut. 2005 Aug 1;54(8):1174-9.$$https://gut.bmj.com/content/54/8/1174.short","nil","points","Predicts mortality in patients with alcoholic hepatitis by lab results and age","GLASGOW ALCOHOLIC HEPATITIS","All,Gastro"
"button","Anxious mood: Worries, anticipation of the worst, fearful anticipation, irritability","Not Present,Mild,Moderate,Severe,Very Severe","0,1,2,3,4","button","Tension: Feelings of tension, fatigability, startle response, moved to tears easily, trembling, feelings of restlessness, inability to relax","Not Present,Mild,Moderate,Severe,Very Severe","0,1,2,3,4","button","Fears: Of dark, of strangers, of being left alone, of animals, of traffic, of crowds","Not Present,Mild,Moderate,Severe,Very Severe","0,1,2,3,4","button","Insomnia: Difficulty in falling asleep, broken sleep, unsatisfying sleep and fatigue on waking, dreams, nightmares, night terrors","Not Present,Mild,Moderate,Severe,Very Severe","0,1,2,3,4","button","Intellectual: Difficulty in concentration, poor memory","Not Present,Mild,Moderate,Severe,Very Severe","0,1,2,3,4","button","Depressed mood: Loss of interest, lack of pleasure in hobbies, depression, early waking, diurnal swing","Not Present,Mild,Moderate,Severe,Very Severe","0,1,2,3,4","button","Somatic (muscular): Pains and aches, twitching, stiffness, myoclonic jerks, grinding of teeth, unsteady voice, increased muscular tone","Not Present,Mild,Moderate,Severe,Very Severe","0,1,2,3,4","button","Somatic (sensory): Tinnitus, blurring of vision, hot and cold flushes, feelings of weakness, pricking sensation","Not Present,Mild,Moderate,Severe,Very Severe","0,1,2,3,4","button","Cardiovascular symptoms: Tachycardia, palpitations, pain in chest, throbbing of vessels, fainting feelings, missing beat","Not Present,Mild,Moderate,Severe,Very Severe","0,1,2,3,4","button","Respiratory symptoms: Pressure or constriction in chest, choking feelings, sighing, dyspnea","Not Present,Mild,Moderate,Severe,Very Severe","0,1,2,3,4","button","Gastrointestinal symptoms: Difficulty in swallowing, wind abdominal pain, burning sensations, abdominal fullness, nausea, vomiting, borborygmi, looseness of bowels, loss of weight, constipation","Not Present,Mild,Moderate,Severe,Very Severe","0,1,2,3,4","button","Genitourinary symptoms: Frequency of micturition, urgency of micturition, amenorrhea, menorrhagia, development of frigidity, premature ejaculation,loss of libido, impotence","Not Present,Mild,Moderate,Severe,Very Severe","0,1,2,3,4","button","Autonomic symptoms: Dry mouth, flushing, pallor, tendency to sweat, giddiness, tension headache, raising of hair","Not Present,Mild,Moderate,Severe,Very Severe","0,1,2,3,4","button","Behavior at interview: Fidgeting, restlessness or pacing, tremor of hands, furrowed brow, strained face, sighing or rapid respiration, facial pallor, swallowing, etc","Not Present,Mild,Moderate,Severe,Very Severe","0,1,2,3,4","null","null","null","null","null","null","null","null","null","null","null","null","null","null","null","null","null","null","null","null","null","null","null","null","14","HAMILTONANXIETYSCALEinfo","Hamilton MA$$The assessment of anxiety states by rating. British journal of medical psychology. 1959$$https://psycnet.apa.org/record/1960-03316-001££Maier W, Buller R, Philipp M, Heuser I$$The Hamilton Anxiety Scale: reliability, validity and sensitivity to change in anxiety and depressive disorders. Journal of affective disorders. 1988 Jan 1;14(1):61-8$$https://www.sciencedirect.com/science/article/pii/0165032788900729££Bech P$$Measuring states of anxiety with clinician-rated and patient-rated scales. Different views of anxiety disorders. Rijeka, New York, Shanghai: InTech. 2011 Sep 12;4(2):169-84$$https://books.google.com/books?hl=en&lr=&id=ToqfDwAAQBAJ&oi=fnd&pg=PA169&dq=Measuring+States+of+Anxiety+with+Clinician-Rated+and+Patient-Rated+Scales&ots=YB3muzBkhc&sig=H4qrJQrLW0x8xcqhs-DrD3nCxz0","nil","points","Assesses level of anxiety based on clinical questions","HAMILTON ANXIETY SCALE","All,Psych,GP"
"button","General well-being
For the previous day, as reported by the patient","Very well,Below par,Poor,Very poor,Terrible","0,1,2,3,4","button","Abdominal pain
For the previous day, as reported by the patient","None,Mild,Moderate,Severe","0,1,2,3","numerical","Number of liquid/soft stools
For the previous day","stools","0","button","Abdominal mass","None,Dubious,Definite,Definite and tender","0,1,2,3","button","Arthralgia","Yes,No","1,0","button","Uveitis","Yes,No","1,0","button","Erythema nodosum","Yes,No","1,0","button","Aphthous ulcers","Yes,No","1,0","button","Pyoderma gangrenosum","Yes,No","1,0","button","Anal fissures","Yes,No","1,0","button","New fistula","Yes,No","1,0","button","Abscess","Yes,No","1,0","null","null","null","null","null","null","null","null","null","null","null","null","null","null","null","null","null","null","null","null","null","null","null","null","null","null","null","null","null","null","null","null","12","HARVEY-BRADSHAWinfo","Harvey RF, Bradshaw JM.$$A simple index of Crohn's-disease activity. The Lancet. 1980 Mar 8;315(8167):514.$$https://www.academia.edu/download/54004653/S0140-6736_2880_2992767-120170728-23808-1veyigh.pdf££Gomes P, du Boulay C, Smith CL, Holdstock G.$$Relationship between disease activity indices and colonoscopic findings in patients with colonic inflammatory bowel disease. Gut. 1986 Jan 1;27(1):92-5.$$https://gut.bmj.com/content/27/1/92.abstract££Tun GS, Cripps S, Lobo AJ.$$Crohn's disease: management in adults, children and young people‚Äö√Ñ√¨concise guidance. Clinical Medicine. 2018 Jun;18(3):231.$$https://www.ncbi.nlm.nih.gov/pmc/articles/PMC6334085/","nil","points","Index stratifies severity of Crohn's disease","HARVEY-BRADSHAW","All,Gastro"
"button","Hypertension >160 mmHg systolic","Yes,No","1,0","button","Renal disease Dialysis / transplant / Cr >200 µmol/L","Yes,No","1,0","button","Liver disease Cirrhosis or bilirubin >2x normal + AST/ALT/ALP >3x normal","Yes,No","1,0","button","Stroke Hx","Yes,No","1,0","button","Prior major bleeding or predisposition to bleeding","Yes,No","1,0","button","Labile INR Unstable/high INRs, time in therapeutic range <60%","Yes,No","1,0","button","Age >65","Yes,No","1,0","button","Medication predisposing to bleeding Aspirin, Clopidogrel, NSAIDs","Yes,No","1,0","button","Alcohol use ≥8 drinks/week","Yes,No","1,0","null","null","null","null","null","null","null","null","null","null","null","null","null","null","null","null","null","null","null","null","null","null","null","null","null","null","null","null","null","null","null","null","null","null","null","null","null","null","null","null","null","null","null","null","9","HAS-BLEDScoreinfo","Pisters R, Lane DA, Nieuwlaat R, De Vos CB, Crijns HJ, Lip GY.$$A novel user-friendly score (HAS-BLED) to assess 1-year risk of major bleeding in patients with atrial fibrillation: the Euro Heart Survey. Chest. 2010 Nov 1;138(5):1093-100.$$https://www.sciencedirect.com/science/article/pii/S0012369210605855££Lip GY, Frison L, Halperin JL, Lane DA.$$Comparative validation of a novel risk score for predicting bleeding risk in anticoagulated patients with atrial fibrillation: the HAS-BLED (Hypertension, Abnormal Renal/Liver Function, Stroke, Bleeding History or Predisposition, Labile INR, Elderly, Drugs/Alcohol Concomitantly) score. Journal of the American College of Cardiology. 2011 Jan 11;57(2):173-80.$$https://www.jacc.org/doi/abs/10.1016/j.jacc.2010.09.024","nil","points","Estimates risk of major bleeding for patients on anticoagulation","HAS-BLED Score","All,Cardio,GP"
"button","Immunosuppression: HIV / Immunosuppressive therapy","Yes,No","18,0","button","Temperature","<38.4°C / <101.1°F,38.4-39.4°C / 101.1-102.9°F,>39.4°C / >102.9°F","0,33,49","button","Organomegaly","None,Hepatomegaly or Splenomegaly,Hepatomegaly AND Splenomegaly","0,23,38","button","Number of Cytopenias: Haem ≤92g/L or WBC ≤5 × 10⁹/L or Plt ≤110 × 10⁹/L","1 lineage,2 lineages,3 lineages","0,24,34","button","Ferritin (μg/L or ng/mL)","<2000,2000-6000,>6000","0,35,50","button","Triglyceride","<1.5mmol/L / <132.7mg/dL,1.5-4mmol/L / 132.7-354mg/dL,>4mmol/L / >354mg/dL","0,44,64","button","Fibrinogen",">2.5g/L,>250mg/dL,≤2.5g/L,≤250mg/dL","0,30","button","AST (U/L)","<30,≥30","0,19","button","Haemophagocytosis features on bone marrow aspirate","Yes,No","35,0","null","null","null","null","null","null","null","null","null","null","null","null","null","null","null","null","null","null","null","null","null","null","null","null","null","null","null","null","null","null","null","null","null","null","null","null","null","null","null","null","null","null","null","null","9","HLHinfo","Fardet L, Galicier L, Lambotte O, Marzac C, Aumont C, Chahwan D, Coppo P, Hejblum G$$Development and validation of the HScore, a score for the diagnosis of reactive hemophagocytic syndrome. Arthritis & rheumatology. 2014 Sep;66(9):2613-20$$https://onlinelibrary.wiley.com/doi/pdf/10.1002/art.38690££Debaugnies F, Mahadeb B, Ferster A, Meuleman N, Rozen L, Demulder A, Corazza F$$Performances of the H-score for diagnosis of hemophagocytic lymphohistiocytosis in adult and pediatric patients. American journal of clinical pathology. 2016 Jun 1;145(6):862-70$$https://academic.oup.com/ajcp/article-abstract/145/6/862/2836762","nil","points","Provides probability of reactive haemophagocytic syndrome","HSCORE","All"
"numerical","Calcium","mmol/L","0","numerical","Albumin","g/L","0","null","null","null","null","null","null","null","null","null","null","null","null","null","null","null","null","null","null","null","null","null","null","null","null","null","null","null","null","null","null","null","null","null","null","null","null","null","null","null","null","null","null","null","null","null","null","null","null","null","null","null","null","null","null","null","null","null","null","null","null","null","null","null","null","null","null","null","null","null","null","null","null","2","CALCIUMCORRECTIONHYPOALBUMINinfo","Payne RB, Little AJ, Williams RB, Milner JR$$Interpretation of serum calcium in patients with abnormal serum proteins. Br Med J. 1973 Dec 15;4(5893):643-6$$https://www.bmj.com/content/4/5893/643.abstract","$+0.02 * (40-($$)))","mmol/L","Calculates a corrected calcium level for patients with hypoalbuminemia","HYPOALBUMINEMIA CA CORRECTION","All,CriticalCare,Endo,Gastro"
"button","Sex","Male,Female","1,0","numerical","Age","years","0","numerical","Height","cm","0","numerical","Weight","kg","0","numerical","Sodium","mmol/L","0","numerical","Target Sodium","mmol/L","0","numerical","null","null","0","null","null","null","null","null","null","null","null","null","null","null","null","null","null","null","null","null","null","null","null","null","null","null","null","null","null","null","null","null","null","null","null","null","null","null","null","null","null","null","null","null","null","null","null","null","null","null","null","null","null","null","null","6","HYPONATRAEMIANADEFICIT-ADULTinfo","Adrogu‚àö¬© HJ, Madias NE$$Hyponatremia. New England Journal of Medicine. 2000 May 25;342(21):1581-9.$$https://www.nejm.org/doi/full/10.1056/nejm¬≤00005253422107££Oh MS, Uribarri J, Barrido D, Landman E, Choi KC, Carroll HJ$$Case Report: Danger of Central Pontine Myelinoysis in Hypotonic Dehydration and Recommendation for Treatment. The American journal of the medical sciences. 1989 Jul 1;298(1):41-3.$$https://www.sciencedirect.com/science/article/pii/S0002962915362807££Mohmand HK, Issa D, Ahmad Z, Cappuccio JD, Kouides RW, Sterns RH$$Hypertonic saline for hyponatremia: risk of inadvertent overcorrection. Clinical Journal of the American Society of Nephrology. 2007 Nov 1;2(6):1110-7.$$https://journals.lww.com/cjasn/fulltext/2007/11000/hypertonic_saline_for_hyponatremia__risk_of.7.aspx","HYPONA-ADULT","mmol/L","Calculates sodium quantity deficit in hyponatraemia for adults","HYPONATRAEMIA NA DEFICIT - ADULT","All,Endo"
"numerical","Weight","kg","0","numerical","Sodium","mmol/L","0","numerical","Target Sodium","mmol/L","0","null","null","null","null","null","null","null","null","null","null","null","null","null","null","null","null","null","null","null","null","null","null","null","null","null","null","null","null","null","null","null","null","null","null","null","null","null","null","null","null","null","null","null","null","null","null","null","null","null","null","null","null","null","null","null","null","null","null","null","null","null","null","null","null","null","null","null","null","3","HYPONATRAEMIANADEFICIT-CHILDinfo","Adrogu‚àö¬© HJ, Madias NE$$Hyponatremia. New England Journal of Medicine. 2000 May 25;342(21):1581-9.$$https://www.nejm.org/doi/full/10.1056/nejm¬≤00005253422107££Oh MS, Uribarri J, Barrido D, Landman E, Choi KC, Carroll HJ$$Case Report: Danger of Central Pontine Myelinoysis in Hypotonic Dehydration and Recommendation for Treatment. The American journal of the medical sciences. 1989 Jul 1;298(1):41-3.$$https://www.sciencedirect.com/science/article/pii/S0002962915362807££Mohmand HK, Issa D, Ahmad Z, Cappuccio JD, Kouides RW, Sterns RH$$Hypertonic saline for hyponatremia: risk of inadvertent overcorrection. Clinical Journal of the American Society of Nephrology. 2007 Nov 1;2(6):1110-7.$$https://journals.lww.com/cjasn/fulltext/2007/11000/hypertonic_saline_for_hyponatremia__risk_of.7.aspx","HYPONA-CHILD","mmol/L","Calculates sodium quantity deficit in hyponatraemia for children","HYPONATRAEMIA NA DEFICIT - CHILD","All,Endo,Paeds"
"button","Sex","Male,Female","50,45.5","numerical","Height: min 153cm","cm","0","null","null","null","null","null","null","null","null","null","null","null","null","null","null","null","null","null","null","null","null","null","null","null","null","null","null","null","null","null","null","null","null","null","null","null","null","null","null","null","null","null","null","null","null","null","null","null","null","null","null","null","null","null","null","null","null","null","null","null","null","null","null","null","null","null","null","null","null","null","null","null","null","2","IDEALBODYWEIGHTinfo","Devine BJ.$$Gentamicin therapy. Drug Intell. Clin. Pharm. 1974; 8:650-5.$$@££Pai MP, Paloucek FP.$$The origin of the ‚Äö√Ñ√∫ideal‚Äö√Ñ√π body weight equations. Annals of Pharmacotherapy. 2000 Sep;34(9):1066-9.$$https://journals.sagepub.com/doi/pdf/10.1345/aph.19381","$ + 2.3 * ( ($$/2.54) - 60 ))","kg","Calculates ideal body weight using Devine formula","BODY WEIGHT - IDEAL","All,CriticalCare,Gastro,GP"
"button","Platelet count × 10⁹/L","≥100,50-99,<50","0,1,2","button","Elevated levels of a fibrin-related marker (e.g. D-dimer, fibrin degradation products)","No increase,Moderate increase,Severe increase","0,2,3","button","Prolonged PT (secs)","<3,3-5,≥6","0,1,2","button","Fibrinogen level (g/L)","≥1,<1","0,1","null","null","null","null","null","null","null","null","null","null","null","null","null","null","null","null","null","null","null","null","null","null","null","null","null","null","null","null","null","null","null","null","null","null","null","null","null","null","null","null","null","null","null","null","null","null","null","null","null","null","null","null","null","null","null","null","null","null","null","null","null","null","null","null","4","ISTHCRITERIAinfo","Taylor Jr FB, Toh CH, Hoots KW, Wada H, Levi M.$$Towards definition, clinical and laboratory criteria, and a scoring system for disseminated intravascular coagulation. Thrombosis and haemostasis. 2001;86(11):1327-30.$$https://www.thieme-connect.com/products/ejournals/html/10.1055/s-0037-1616068££Toh CH, Hoots WK, ISTH T.$$The scoring system of the Scientific and Standardisation Committee on Disseminated Intravascular Coagulation of the International Society on Thrombosis and Haemostasis: a 5‚Äö√Ñ√™year overview. Journal of Thrombosis and Haemostasis. 2007 Mar 1;5(3):604-6.$$https://www.sciencedirect.com/science/article/pii/S153878362210108X££Bakhtiari K, Meijers JC, de Jonge E, Levi M.$$Prospective validation of the International Society of Thrombosis and Haemostasis scoring system for disseminated intravascular coagulation. Critical care medicine. 2004 Dec 1;32(12):2416-21.$$https://journals.lww.com/ccmjournal/Fulltext/2004/12000/Sensitivity_of_routine_intensive_care_unit.8.aspx","nil","points","Criteria for overt Disseminated Intravascular Coagulation (DIC)","ISTH CRITERIA","All,CriticalCare,Emergency,Haem"
"button","Fever for ≥5 days","Yes,No,Day 4 of illness","1,0,2","button","Acute change in extremities: Erythema of palms and soles, or oedema of hands and feet","Yes,No","1,0","button","Subacute change in extremities: Periungual peeling of fingers and toes in weeks 2 and 3","Yes,No","1,0","button","Polymorphous exanthem","Yes,No","1,0","button","Bilateral bulbar conjunctival injection without exudate","Yes,No","1,0","button","Changes in lips and oral cavity: Erythema, lips cracking, strawberry tongue, diffuse injection of oral/pharyngeal mucosae","Yes,No","1,0","button","Cervical lymphadenopathy: >1.5 cm diameter, usually unilateral","Yes,No","1,0","button","Coronary artery disease detected by 2D echo or coronary angiogram","Yes,No","1,0","null","null","null","null","null","null","null","null","null","null","null","null","null","null","null","null","null","null","null","null","null","null","null","null","null","null","null","null","null","null","null","null","null","null","null","null","null","null","null","null","null","null","null","null","null","null","null","null","8","KAWASAKIDISEASECRITERIAinfo","Hao S, Jin B, Tan Z, Li Z, Ji J, Hu G, Wang Y, Deng X, Kanegaye JT, Tremoulet AH, Burns JC$$A classification tool for differentiation of Kawasaki disease from other febrile illnesses. The Journal of pediatrics. 2016 Sep 1;176:114-20$$https://www.sciencedirect.com/science/article/pii/S0022347616303341££Newburger JW, Takahashi M, Gerber MA, Gewitz MH, Tani LY, Burns JC, Shulman ST, Bolger AF, Ferrieri P, Baltimore RS, Wilson WR$$Diagnosis, treatment, and long-term management of Kawasaki disease: a statement for health professionals from the Committee on Rheumatic Fever, Endocarditis and Kawasaki Disease, Council on Cardiovascular Disease in the Young, American Heart Association. Circulation. 2004 Oct 26;110(17):2747-71$$https://www.ahajournals.org/doi/abs/10.1161/01.CIR.0000145143.19711.78","KAWASAKI","points","Diagnoses Kawasaki Disease","KAWASAKI DISEASE CRITERIA","All,GP,Paeds"
"button","eGFR (mL/min/1.73m²)","10-14,15-19,20-24,25-29,30-34,35-39,40-44,45-49,50-54,55-59","-35,-30,-25,-20,-15,-10,-5,0,5,10","button","Sex","Male,Female","-2,0","button","Urine Albumin to Urine Creatinine ratio (mg/g)","<30,30-300,>300","0,-14,-22","button","Age (years)","<30,30-39,40-49,50-59,60-69,70-79,80-89,≥90","-4,-2,0,2,4,6,8,10","button","Serum Albumin","≤25g/L / ≤2.5g/dL,26-30g/L / 2.6-3.0g/dL,31-35g/L /  3.1-3.5g/dL,≥36g/L / ≥3.6g/dL","-5,0,-3,-5","button","Serum Phosphorus","≤1.13mmol/L / ≤3.5mg/dL,1.13-1.45mmol/L / 3.5-4.5mg/dL,1.46-1.78mmol/L / 4.6-5.5mg/dL,≥1.79mmol/L / ≥5.6mg/dL","3,0,-3,-5","button","Serum Bicarbonate: mmol/L = mEq/L","≤17mmol/L,18-22mmol/L,23-25mmol/L,≥26mmol/L","-7,-4,-1,0","button","Serum Calcium","≤2.12mmol/L / ≤8.5mg/dL,2.13-2.37mmol/L / 8.6-8.9mg/dL,≥2.38mmol/L / ≥9.6mg/dL","-3,0,2","null","null","null","null","null","null","null","null","null","null","null","null","null","null","null","null","null","null","null","null","null","null","null","null","null","null","null","null","null","null","null","null","null","null","null","null","null","null","null","null","null","null","null","null","null","null","null","null","8","KIDNEYFAILUREinfo","Tangri N, Grams ME, Levey AS, Coresh J, Appel LJ, Astor BC, Chodick G, Collins AJ, Djurdjev O, Elley CR, Evans M$$Multinational assessment of accuracy of equations for predicting risk of kidney failure: a meta-analysis. Jama. 2016 Jan 12;315(2):164-74$$https://jamanetwork.com/journals/jama/article-abstract/2481005££Tangri N, Stevens LA, Griffith J, Tighiouart H, Djurdjev O, Naimark D, Levin A, Levey AS$$A predictive model for progression of chronic kidney disease to kidney failure. Jama. 2011 Apr 20;305(15):1553-9$$https://jamanetwork.com/journals/jama/article-abstract/897102££Dai D, Alvarez PJ, Woods SD$$A predictive model for progression of chronic kidney disease to kidney failure using a large administrative claims database. ClinicoEconomics and Outcomes Research. 2021 Jun 4:475-86$$https://www.tandfonline.com/doi/abs/10.2147/CEOR.S313857","nil","points","Predicts progression to kidney failure in patients with CKD","KIDNEY FAILURE RISK","All,Renal"
"button","Confusion","Yes,No","1,0","button","Arterial pH < 7.30","Yes,No","1,0","button","INR > 6.5 (PT > 100 sec)","Yes,No","1,0","button","Creatinine > 300 µmol/L","Yes,No","1,0","null","Grade III or IV hepatic encephalopathy","null","null","null","null","null","null","null","null","null","null","null","null","null","null","null","null","null","null","null","null","null","null","null","null","null","null","null","null","null","null","null","null","null","null","null","null","null","null","null","null","null","null","null","null","null","null","null","null","null","null","null","null","null","null","null","null","null","null","null","null","null","null","4","KINGSCRITERIAinfo","O'Grady JG, Alexander GJ, Hayllar KM, Williams R.$$Early indicators of prognosis in fulminant hepatic failure. Gastroenterology. 1989 Aug 1;97(2):439-45.$$https://www.sciencedirect.com/science/article/pii/0016508589900814££Bailey B, Amre DK, Gaudreault P.$$Fulminant hepatic failure secondary to acetaminophen poisoning: a systematic review and meta-analysis of prognostic criteria determining the need for liver transplantation. Critical care medicine. 2003 Jan 1;31(1):299-305.$$https://journals.lww.com/ccmjournal/Fulltext/2003/01000/Fulminant_hepatic_failure_secondary_to.48.aspx","nil","points","Paracetamol toxicity - recommends immediate referred for liver transplant","KING'S CRITERIA","All,CriticalCare,Emergency,Gastro"
"button","Non weight-bearing","Yes,No","1,0","button","Temp > 38.5°C / 101.3°F","Yes,No","1,0","button","ESR > 40mm/hr","Yes,No","1,0","button","WBC ≥12 x 10⁹/L","Yes,No","1,0","null","null","null","null","null","null","null","null","null","null","null","null","null","null","null","null","null","null","null","null","null","null","null","null","null","null","null","null","null","null","null","null","null","null","null","null","null","null","null","null","null","null","null","null","null","null","null","null","null","null","null","null","null","null","null","null","null","null","null","null","null","null","null","null","4","KOCHERCRITERIAinfo","Kocher MS, Zurakowski D, Kasser JR$$Differentiating between septic arthritis and transient synovitis of the hip in children: an evidence-based clinical prediction algorithm. JBJS. 1999 Dec 1;81(12):1662-70$$https://journals.lww.com/jbjsjournal/fulltext/1999/12000/Differentiating_Between_Septic_Arthritis_and.2.aspx££Kocher MS, Mandiga R, Zurakowski D, Barnewolt C, Kasser JR$$Validation of a clinical prediction rule for the differentiation between septic arthritis and transient synovitis of the hip in children. JBJS. 2004 Aug 1;86(8):1629-35$$https://journals.lww.com/jbjsjournal/fulltext/2004/08000/validation_of_a_clinical_prediction_rule_for_the.5.aspx££Sultan J, Hughes PJ$$Septic arthritis or transient synovitis of the hip in children: the value of clinical prediction algorithms. The Journal of Bone & Joint Surgery British Volume. 2010 Sep 1;92(9):1289-93$$https://boneandjoint.org.uk/article/10.1302/0301-620x.92b9.24286","nil","points","Distinguishes septic arthritis from transient synovitis in a child with hip pain / limping","KOCHER CRITERIA","All,MSK,Paeds"
"numerical","Serum total protein","g/L","0","numerical","Pleural fluid protein","g/L","0","numerical","Serum LDH","U/L","0","numerical","Pleural fluid LDH","U/L","0","null","null","null","null","null","null","null","null","null","null","null","null","null","null","null","null","null","null","null","null","null","null","null","null","null","null","null","null","null","null","null","null","null","null","null","null","null","null","null","null","null","null","null","null","null","null","null","null","null","null","null","null","null","null","null","null","null","null","null","null","null","null","null","null","4","LIGHT'SCRITERIAinfo","Light RW, Erozan YS, Ball WC.$$Cells in pleural fluid: their value in differential diagnosis. Archives of internal medicine. 1973 Dec 1;132(6):854-60.$$https://jamanetwork.com/journals/jamainternalmedicine/article-abstract/582207££Light RW.$$The Light criteria: the beginning and why they are useful 40 years later. Clinics in chest medicine. 2013 Mar 1;34(1):21-6.$$https://www.chestmed.theclinics.com/article/S0272-5231(12)00124-4/abstract££Light RW.$$Clinical practice. Pleural effusion. The New England journal of medicine. 2002;346:1971-7.$$https://cir.nii.ac.jp/crid/1572824501222054656","LC","%","Light's Criteria to help determine if pleural fluid is exudative or transudative","LIGHT'S CRITERIA","All,CriticalCare,Resp"
"numerical","Age","years","0","numerical","Albumin","g/dL","0","numerical","Bilirubin (initial)","mg/dL","0","numerical","Bilirubin (day 7)","mg/dL","0","numerical","Creatinine","mg/dL","0","numerical","Prothrombin time","secs","0","null","null","null","null","null","null","null","null","null","null","null","null","null","null","null","null","null","null","null","null","null","null","null","null","null","null","null","null","null","null","null","null","null","null","null","null","null","null","null","null","null","null","null","null","null","null","null","null","null","null","null","null","null","null","null","null","6","LILLEMODELinfo","Louvet A, Naveau S, Abdelnour M, Ramond MJ, Diaz E, Fartoux L, Dharancy S, Texier F, Hollebecque A, Serfaty L, Boleslawski E$$The Lille model: a new tool for therapeutic strategy in patients with severe alcoholic hepatitis treated with steroids. Hepatology. 2007 Jun;45(6):1348-54$$https://aasldpubs.onlinelibrary.wiley.com/doi/pdf/10.1002/hep.21607££Sandahl TD, Jepsen P, Ott P, Vilstrup H$$Validation of prognostic scores for clinical use in patients with alcoholic hepatitis. Scandinavian journal of gastroenterology. 2011 Sep 1;46(9):1127-32$$https://www.tandfonline.com/doi/abs/10.3109/00365521.2011.587200££Thursz M, Gual A, Lackner C, Mathurin P, Moreno C, Spahr L, Sterneck M, Cortez-Pinto H$$EASL Clinical Practice Guidelines: Management of alcohol-related liver disease. Journal of hepatology. 2018 Jul 1;69(1):154-81$$https://www.sciencedirect.com/science/article/pii/S0168827818302149","LILLE","points","Predicts mortality in patients with Alcoholic Hepatitis not responding to steroid therapy","LILLE MODEL","All,Gastro"
"button","CRP (mg/dL)","<15,≥15","0,4","button","WBC (× 10⁹/L)","<15,15-25,>25","0,1,2","button","Haemoglobin (g/L)",">13.5,11-13.5,<11","0,1,2","button","Sodium (mmol/L)","≥135,<135","0,2","button","Creatinine","≤141 µmol/L / ≤1.6 mg/dL,>141 µmol/L / >1.6 mg/dL","0,2","button","Glucose","≤10 mmol/L / ≤180 mg/dL,>10 mmol/L / >180 mg/dL","0,1","null","null","null","null","null","null","null","null","null","null","null","null","null","null","null","null","null","null","null","null","null","null","null","null","null","null","null","null","null","null","null","null","null","null","null","null","null","null","null","null","null","null","null","null","null","null","null","null","null","null","null","null","null","null","null","null","6","LRINECinfo","Wong CH, Khin LW, Heng KS, Tan KC, Low CO$$The LRINEC (Laboratory Risk Indicator for Necrotizing Fasciitis) score: a tool for distinguishing necrotizing fasciitis from other soft tissue infections. Critical care medicine. 2004 Jul 1;32(7):1535-41$$https://journals.lww.com/ccmjournal/fulltext/2004/07000/Effect_of_prophylactic_administration_of.11.aspx££Bechar J, Sepehripour S, Hardwicke J, Filobbos G$$Laboratory risk indicator for necrotising fasciitis (LRINEC) score for the assessment of early necrotising fasciitis: a systematic review of the literature. The Annals of The Royal College of Surgeons of England. 2017 May;99(5):341-6$$https://publishing.rcseng.ac.uk/doi/abs/10.1308/rcsann.2017.0053££Neeki MM, Dong F, Au C, Toy J, Khoshab N, Lee C, Kwong E, Yuen HW, Lee J, Ayvazian A, Lux P$$Evaluating the laboratory risk indicator to differentiate cellulitis from necrotizing fasciitis in the emergency department. Western Journal of Emergency Medicine. 2017 Jun;18(4):684$$https://www.ncbi.nlm.nih.gov/pmc/articles/PMC5468074/££Fernando SM, Tran A, Cheng W, Rochwerg B, Kyeremanteng K, Seely AJ, Inaba K, Perry JJ$$Necrotizing soft tissue infection: diagnostic accuracy of physical examination, imaging, and LRINEC score: a systematic review and meta-analysis. Annals of surgery. 2019 Jan 1;269(1):58-65$$https://journals.lww.com/annalsofsurgery/FullText/2019/01000/Necrotizing_Soft_Tissue_Infection__Diagnostic.15.aspx","nil","points","predicts likelihood of necrotising fasciitis","LRINEC SCORE","All,Emergency,MSK"
"numerical","Bilirubin","µmol/L","0","numerical","Prothrombin time","secs","0","numerical","Prothrombin time (control)","secs","0","null","null","null","null","null","null","null","null","null","null","null","null","null","null","null","null","null","null","null","null","null","null","null","null","null","null","null","null","null","null","null","null","null","null","null","null","null","null","null","null","null","null","null","null","null","null","null","null","null","null","null","null","null","null","null","null","null","null","null","null","null","null","null","null","null","null","null","null","3","MADDREY'Sinfo","Maddrey WC, Boitnott JK, Bedine MS, Weber Jr FL, Mezey E, White Jr RI.$$Corticosteroid therapy of alcoholic hepatitis. Gastroenterology. 1978 Aug 1;75(2):193-9.$$https://www.sciencedirect.com/science/article/pii/0016508578904018££Soultati AS, Dourakis SP, Alexopoulou A, Deutsch M, Vasilieva L, Archimandritis AJ.$$Predicting utility of a model for end stage liver disease in alcoholic liver disease. World Journal of Gastroenterology: WJG. 2006 Jul 7;12(25):4020.$$https://www.ncbi.nlm.nih.gov/pmc/articles/PMC4087713/","$*0.05847+(4.6*($$-$$)))","points","Maddrey's Discriminant Function for Alcoholic Hepatitis: patients with alcoholic hepatitis that may have a poor prognosis and benefit from steroid treatment","MADDREY'S","All,Gastro"
"button","Felt low in spirits or sad?","At no time,Some of the time,Slightly less than half of the time,Slightly more than half of the time,Most of the time,All the time","0,1,2,3,4,5","button","Lost interest in daily activities?","At no time,Some of the time,Slightly less than half of the time,Slightly more than half of the time,Most of the time,All the time","0,1,2,3,4,5","button","Felt lacking in energy and strength?","At no time,Some of the time,Slightly less than half of the time,Slightly more than half of the time,Most of the time,All the time","0,1,2,3,4,5","button","Felt less self-confident?","At no time,Some of the time,Slightly less than half of the time,Slightly more than half of the time,Most of the time,All the time","0,1,2,3,4,5","button","Had a bad conscience or feelings of guilt?","At no time,Some of the time,Slightly less than half of the time,Slightly more than half of the time,Most of the time,All the time","0,1,2,3,4,5","button","Felt that life wasn't worth living?","At no time,Some of the time,Slightly less than half of the time,Slightly more than half of the time,Most of the time,All the time","0,1,2,3,4,5","button","Had difficulty in concentrating?","At no time,Some of the time,Slightly less than half of the time,Slightly more than half of the time,Most of the time,All the time","0,1,2,3,4,5","button","Felt very restless?","At no time,Some of the time,Slightly less than half of the time,Slightly more than half of the time,Most of the time,All the time","0,1,2,3,4,5","button","Felt subdued or slowed down?","At no time,Some of the time,Slightly less than half of the time,Slightly more than half of the time,Most of the time,All the time","0,1,2,3,4,5","button","Had trouble sleeping at night?","At no time,Some of the time,Slightly less than half of the time,Slightly more than half of the time,Most of the time,All the time","0,1,2,3,4,5","button","Suffered from reduced appetite?","At no time,Some of the time,Slightly less than half of the time,Slightly more than half of the time,Most of the time,All the time","0,1,2,3,4,5","button","Suffered from increased appetite?","At no time,Some of the time,Slightly less than half of the time,Slightly more than half of the time,Most of the time,All the time","0,1,2,3,4,5","null","null","null","null","null","null","null","null","null","null","null","null","null","null","null","null","null","null","null","null","null","null","null","null","null","null","null","null","null","null","null","null","12","MDIinfo","Bech P, Rasmussen NA, Olsen LR, Noerholm V, Abildgaard W$$The sensitivity and specificity of the Major Depression Inventory, using the Present State Examination as the index of diagnostic validity. Journal of affective disorders. 2001 Oct 1;66(2-3):159-64$$https://www.sciencedirect.com/science/article/pii/S0165032700003098££Olsen LR, Jensen DV, Noerholm V, Martiny K, Bech P$$The internal and external validity of the Major Depression Inventory in measuring severity of depressive states. Psychological medicine. 2003 Feb;33(2):351-6$$https://www.cambridge.org/core/journals/psychological-medicine/article/internal-and-external-validity-of-the-major-depression-inventory-in-measuring-severity-of-depressive-states/32712B3B5D8F71BA42FE4EC563CB3F95","MDI","points","Screens for depression and rates severity","MAJOR DEPRESSION INDEX","All,Psych,GP"
"numerical","Systolic BP","mmHg","0","numerical","Diastolic BP","mmHg","0","null","null","null","null","null","null","null","null","null","null","null","null","null","null","null","null","null","null","null","null","null","null","null","null","null","null","null","null","null","null","null","null","null","null","null","null","null","null","null","null","null","null","null","null","null","null","null","null","null","null","null","null","null","null","null","null","null","null","null","null","null","null","null","null","null","null","null","null","null","null","null","null","2","MAPinfo","Magder SA.$$The highs and lows of blood pressure: toward meaningful clinical targets in patients with shock. Critical care medicine. 2014 May 1;42(5):1241-51.$$https://journals.lww.com/ccmjournal/Fulltext/2014/05000/The_Highs_and_Lows_of_Blood_Pressure__Toward.26.aspx££Sesso HD, Stampfer MJ, Rosner B, Hennekens CH, Gaziano JM, Manson JE, Glynn RJ.$$Systolic and diastolic blood pressure, pulse pressure, and mean arterial pressure as predictors of cardiovascular disease risk in men. Hypertension. 2000 Nov;36(5):801-7.$$https://www.ahajournals.org/doi/abs/10.1161/01.hyp.36.5.801££Walsh M, Devereaux PJ, Garg AX, Kurz A, Turan A, Rodseth RN, Cywinski J, Thabane L, Sessler DI.$$Relationship between intraoperative mean arterial pressure and clinical outcomes after noncardiac surgery: toward an empirical definition of hypotension. Anesthesiology. 2013 Sep 1;119(3):507-15.$$https://pubs.asahq.org/anesthesiology/article-abstract/119/3/507/11632","$/3 + (($$*2)/3))","mmHg","Calculates mean arterial pressure","MAP","All,Cardio,CriticalCare,Emergency"
"button","Stool frequency","Normal,1-2 stools/day more than normal,3-4 stools/day more than normal,>4 stools/day more than normal","0,1,2,3","button","Rectal bleeding3 points requires patients to have ≥50% of bowel motions with visible blood AND ≥1 Bowel movement with blood alone","None,Visible blood with stool less than half the time,Visible blood with stool half of the time or more,Passing blood alone","0,1,2,3","button","Mucosal appearance at endoscopy","Normal or inactive disease,Mild disease (erythema / decreased vascular pattern / mild friability),Moderate disease (marked erythema / absent vascular pattern / friability / erosions),Severe disease (spontaneous bleeding and ulceration)","0,1,2,3","button","Physician rating of disease activity","Normal,Mild,Moderate,Severe","0,1,2,3","null","null","null","null","null","null","null","null","null","null","null","null","null","null","null","null","null","null","null","null","null","null","null","null","null","null","null","null","null","null","null","null","null","null","null","null","null","null","null","null","null","null","null","null","null","null","null","null","null","null","null","null","null","null","null","null","null","null","null","null","null","null","null","null","4","MAYOSCOREinfo","Schroeder KW, Tremaine WJ, Ilstrup DM.$$Coated oral 5-aminosalicylic acid therapy for mildly to moderately active ulcerative colitis. New England Journal of Medicine. 1987 Dec 24;317(26):1625-9.$$https://www.nejm.org/doi/full/10.1056/nejm198712243172603££Travis SP, Schnell D, Krzeski P, Abreu MT, Altman DG, Colombel JF, Feagan BG, Hanauer SB, Lichtenstein GR, Marteau PR, Reinisch W.$$Reliability and initial validation of the ulcerative colitis endoscopic index of severity. Gastroenterology. 2013 Nov 1;145(5):987-95.$$https://www.sciencedirect.com/science/article/pii/S0016508513010755££Lewis JD, Chuai S, Nessel L, Lichtenstein GR, Aberra FN, Ellenberg JH.$$Use of the noninvasive components of the Mayo score to assess clinical response in ulcerative colitis. Inflammatory bowel diseases. 2008 Dec 1;14(12):1660-6.$$https://academic.oup.com/ibdjournal/article-abstract/14/12/1660/4654949","nil","points","Disease Activity Index (DAI) for Ulcerative Colitis: Assesses severity","MAYO SCORE","All,Gastro"
"numerical","Bilirubin","µmol/L","0","numerical","INR","ratio","0","numerical","Creatinine","µmol/L","0","numerical","Sodium","mmol/L","0","button","Dialysis at least twice in the past week
Or CVVHD for ≥24 hours in the past week","Yes,No","1,0","null","null","null","null","null","null","null","null","null","null","null","null","null","null","null","null","null","null","null","null","null","null","null","null","null","null","null","null","null","null","null","null","null","null","null","null","null","null","null","null","null","null","null","null","null","null","null","null","null","null","null","null","null","null","null","null","null","null","null","null","5","MELD-NAinfo","Kamath PS, Wiesner RH, Malinchoc M, Kremers W, Therneau TM, Kosberg CL, D'Amico G, Dickson RE, Kim RW.$$A model to predict survival in patients with end‚Äö√Ñ√¨stage liver disease. Hepatology. 2001 Feb 1;33(2):464-70.$$https://journals.lww.com/hep/abstract/2001/02000/A_Model_to_Predict_Survival_in_Patients_With.20.aspx££Wiesner R, Edwards E, Freeman R, Harper A, Kim R, Kamath P, Kremers W, Lake J, Howard T, Merion RM, Wolfe RA.$$Model for end-stage liver disease (MELD) and allocation of donor livers. Gastroenterology. 2003 Jan 1;124(1):91-6.$$https://www.sciencedirect.com/science/article/pii/S0016508503500221","MELD","points","Quantifies end-stage liver disease for transplant planning with sodium used by UNOS/OPTN","MELD-NA","All,Gastro"
"button","Respiratory rate (per minute)","≤8,9-14,15-20,21-29,≥30","2,0,1,2,3","button","Systolic blood pressure (mmHg)","≤70,71-80,81-100,101-199,≥200","3,2,1,0,2","button","Temperature (°C)","<35,35-38.4,≥38.5","2,0,2","button","Pulse (per minute)","≤40,41-50,51-100,101-110,111-129,≥130","2,1,0,1,2,3","button","Consciousness","Alert,Responds to verbal,Reacts to pain,Unresponsive","0,1,2,3","null","null","null","null","null","null","null","null","null","null","null","null","null","null","null","null","null","null","null","null","null","null","null","null","null","null","null","null","null","null","null","null","null","null","null","null","null","null","null","null","null","null","null","null","null","null","null","null","null","null","null","null","null","null","null","null","null","null","null","null","5","MEWSinfo","Subbe CP, Kruger M, Rutherford P, Gemmel L.$$Validation of a modified Early Warning Score in medical admissions. Qjm. 2001 Oct 1;94(10):521-6.$$https://academic.oup.com/qjmed/article-abstract/94/10/521/1558977","nil","points","Determines the degree of illness of a patient","MEWS","All,CriticalCare,Emergency,GP"
"button","Cervical dilation","Closed,1-2cm,3-4cm,>4cm","0,1,2,3","button","Cervical length","3cm,2cm,1cm,0cm","0,1,2,3","button","Station","-3,-2,-1 to 0,1 to 2","0,1,2,3","button","Position","Posterior,Mid-position,Anterior","0,1,2","button","Consistency","Firm,Moderately firm,Soft","0,1,2","numerical","Prior vaginal deliveries","No.","0","button","Pre-eclampsia","Yes,No","1,0","button","Postdate pregnancy","Yes,No","-1,0","button","Nulliparity","Yes,No","-1,0","button","PPROM","Yes,No","-1,0","null","null","null","null","null","null","null","null","null","null","null","null","null","null","null","null","null","null","null","null","null","null","null","null","null","null","null","null","null","null","null","null","null","null","null","null","null","null","null","null","10","BISHOPSCOREMODIFIEDinfo","Laughon SK, Zhang J, Troendle J, Sun L, Reddy UM$$Using a simplified Bishop score to predict vaginal delivery. Obstetrics & Gynecology. 2011 Apr 1;117(4):805-11.$$https://journals.lww.com/greenjournal/fulltext/2011/04000/using_a_simplified_bishop_score_to_predict_vaginal.7.aspx££Newman RB, Goldenberg RL, Iams JD, Meis PJ, Mercer BM, Moawad AH, Thom E, Miodovnik M, Caritis SN, Dombrowski M$$Preterm prediction study: comparison of the cervical score and Bishop score for prediction of spontaneous preterm delivery. Obstetrics & Gynecology. 2008 Sep 1;112(3):508-15.$$https://journals.lww.com/greenjournal/fulltext/2008/09000/Genital_Herpes_Complicating_Pregnancy.3.aspx££LANGE AP, SECHER NJ, WESTERGAARD JG, Skovgard IB$$Prelabor evaluation of inducibility. Obstetrics & Gynecology. 1982 Aug 1;60(2):137-47$$https://journals.lww.com/greenjournal/abstract/1982/08000/prelabor_evaluation_of_inducibility.1.aspx","nil","points","Predicts likelihood of successful vaginal delivery with additional parameters to the original Bishop score","BISHOP SCORE - MODIFIED","All,Gynae"
"button","Mushroom shape","Absent,Incipient (erosion through RPE) / uncertain),Present","0,1,2","button","Orange pigment","Absent,Dusting / unsure,Confluent","0,1,2","button","Size","Flat (<1mm thick) and less than 3 disc diameters (DD) wide,Subtle dome shape (1-2mm thick) +/- 3-4DD wide,Significant thickening (>2mm) +/- more than 4DD wide","0,1,2","button","Enlargement","None (or no baseline photography),Suspected change on comparing photographs,Definite growth confirmed by sequential imaging","0,1,2","button","Subretinal fluid","None,Trace (seen only by OCT),Definite (seen with ophthalmoscopy)","0,1,2","null","null","null","null","null","null","null","null","null","null","null","null","null","null","null","null","null","null","null","null","null","null","null","null","null","null","null","null","null","null","null","null","null","null","null","null","null","null","null","null","null","null","null","null","null","null","null","null","null","null","null","null","null","null","null","null","null","null","null","null","5","MOLESinfo","Damato BE$$Can the MOLES acronym and scoring system improve the management of patients with melanocytic choroidal tumours?. Eye. 2023 Apr;37(5):830-6.$$https://www.nature.com/articles/s41433-022-02143-x££Roelofs KA, O‚Äö√Ñ√¥Day R, Al Harby L, Arora AK, Cohen VM, Sagoo MS, Damato B$$The MOLES system for planning management of melanocytic choroidal tumors: is it safe?. Cancers. 2020 May 21;12(5):1311.$$https://www.mdpi.com/2072-6694/12/5/1311","nil","points","Estimate risk of melanoma from choroidal naevi features","MOLES SCORE","All,Ophth"
"button","BMI",">20,18.5-20,<18.5","0,1,2","button","Unplanned weight loss in past 3-6 months","<5%,5-10%,>10%","0,1,2","button","Patient is acutely ill + has been / likely to be no nutritional intake for >5 days","Yes,No","2,0","null","null","null","null","null","null","null","null","null","null","null","null","null","null","null","null","null","null","null","null","null","null","null","null","null","null","null","null","null","null","null","null","null","null","null","null","null","null","null","null","null","null","null","null","null","null","null","null","null","null","null","null","null","null","null","null","null","null","null","null","null","null","null","null","null","null","null","null","3","MUSTinfo","Elia M.$$The ‚Äö√Ñ√≤MUST‚Äö√Ñ√¥report. Nutritional screening of adults: a multidisciplinary responsibility. 2003.$$https://www.bapen.org.uk/pdfs/must/must-report.pdf££Stratton RJ, Hackston A, Longmore D, Dixon R, Price S, Stroud M, King C, Elia M.$$Malnutrition in hospital outpatients and inpatients: prevalence, concurrent validity and ease of use of the ‚Äö√Ñ√≤malnutrition universal screening tool‚Äö√Ñ√¥(‚Äö√Ñ√≤MUST‚Äö√Ñ√¥) for adults. British Journal of Nutrition. 2004 Nov;92(5):799-808.$$https://www.cambridge.org/core/journals/british-journal-of-nutrition/article/malnutrition-in-hospital-outpatients-and-inpatients-prevalence-concurrent-validity-and-ease-of-use-of-the-malnutrition-universal-screening-tool-must-for-adults/16A4F69B78D03841C593BEC0FA463D14££Bol‚àö¬©o-Tom‚àö¬© C, Monteiro-Grillo I, Camilo M, Ravasco P.$$Validation of the malnutrition universal screening tool (MUST) in cancer. British journal of Nutrition. 2012 Jul;108(2):343-8.$$https://www.cambridge.org/core/journals/british-journal-of-nutrition/article/validation-of-the-malnutrition-universal-screening-tool-must-in-cancer/62EAB1F43AEE66D528973ACD13A13E8D££Murphy J, Mayor A, Forde E.$$Identifying and treating older patients with malnutrition in primary care: the MUST screening tool. British Journal of General Practice. 2018 Jul 1;68(672):344-5.$$https://bjgp.org/content/68/672/344.short","nil","points","Malnutrition Universal Screening Tool: identifies malnourished / risk of malnutrition","MUST","All,CriticalCare,Gastro,GenSurg,Old"
"numerical","Age","years","0","numerical","BMI","kg/m²","0","button","Diabetes / Impaired fasting glucose","Yes,No","1,0","numerical","AST","U/L","0","numerical","ALT","U/L","0","numerical","Platelets","× 10⁹/L","0","numerical","Albumin","g/L","0","null","null","null","null","null","null","null","null","null","null","null","null","null","null","null","null","null","null","null","null","null","null","null","null","null","null","null","null","null","null","null","null","null","null","null","null","null","null","null","null","null","null","null","null","null","null","null","null","null","null","null","null","7","NAFLDFIBROSISSCOREinfo","Angulo P, Hui JM, Marchesini G, Bugianesi E, George J, Farrell GC, Enders F, Saksena S, Burt AD, Bida JP, Lindor K$$The NAFLD fibrosis score: a noninvasive system that identifies liver fibrosis in patients with NAFLD. Hepatology. 2007 Apr;45(4):846-54$$https://aasldpubs.onlinelibrary.wiley.com/doi/pdf/10.1002/hep.21496££Treeprasertsuk S, Bj‚àö‚àÇrnsson E, Enders F, Suwanwalaikorn S, Lindor KD$$NAFLD fibrosis score: a prognostic predictor for mortality and liver complications among NAFLD patients. World journal of gastroenterology: WJG. 2013 Feb 2;19(8):1219$$https://www.ncbi.nlm.nih.gov/pmc/articles/PMC3587478/","NAFLD","points","Estimates the degree of hepatic fibrosis based on several laboratory tests","NAFLD FIBROSIS SCORE","All,Gastro"
"button","Respiratory rate (per minute)","≤8,9-11,12-20,21-24,≥25","3,1,0,2,3","button","Systolic blood pressure (mmHg)","≤90,91-100,101-110,111-219,≥220","3,2,1,0,3","button","Oxygen Saturation (%)","≤91,92-93,94-95,≥96","3,2,1,0","button","Pulse (per minute)","≤40,41-50,51-90,91-110,111-130,≥131","3,1,0,1,2,3","button","Consciousness","Alert,New confusion or responds only to verbal pain or unresponsive","0,3","button","Temperature (°C)","≤35.0,35.1-36.0,36.1-38.0,38.1-39.0,≥39.1","3,1,0,1,2","button","Supplemental Oxygen","Yes,No","2,0","null","null","null","null","null","null","null","null","null","null","null","null","null","null","null","null","null","null","null","null","null","null","null","null","null","null","null","null","null","null","null","null","null","null","null","null","null","null","null","null","null","null","null","null","null","null","null","null","null","null","null","null","7","NEWS2info","Smith G, Redfern O, Pimentel M, Gerry S, Collins G, Malycha J, Prytherch D, Schmidt P, Watkinson P.$$The national early warning score 2 (NEWS2). Clinical Medicine. 2019 May 1;19(3).$$https://ora.ox.ac.uk/objects/uuid:953055dc-87aa-4448-b1a0-e6590abf77dd/files/ma45a21fb28eb1990f05f9faa94465a7b££Carr E, Bendayan R, Bean D, Stammers M, Wang W, Zhang H, Searle T, Kraljevic Z, Shek A, Phan HT, Muruet W.$$Evaluation and improvement of the National Early Warning Score (NEWS2) for COVID-19: a multi-hospital study. BMC medicine. 2021 Dec;19(1):1-6.$$https://link.springer.com/article/10.1186/s12916-020-01893-3","nil","points","Determines the degree of illness and prompts critical care intervention","NEWS2","All,CriticalCare,Emergency,GP"
"button","Level of consciousness","Alert,Arouses to minor stimulation,Arouses to repeated stimulation,Movements to pain,Postures or unresponsive","0,1,2,2,3","button","Ask month and age","Both question correct,1 question correct,0 questions correct,Dysarthric / intubated / trauma / language barrier,Aphasic","0,1,2,1,2","button","'Blink eyes' & 'squeeze hands'","Performs both tasks,Performs 1 task,Performs 0 tasks","0,1,2","button","Horizontal extraocular movements","Normal,Partial gaze palsy: can be overcome,Partial gaze palsy: corrects with oculocepalic reflex,Forced gaze palsy: cannot be overcome","0,1,1,2","button","Visual fields","No visual loss,Partial hemianopia,Complete hemianopia,Patient is bilaterally blind,Bilateral hemianopia","0,1,2,3,3","button","Facial palsy","Normal symmetry,Minor paralysis (flat nasolabial fold / smile asymmetry),Partial paralysis (lower face),Unilateral complete paralysis (upper/lower face),Bilateral complete paralysis (upper/lower face)","0,1,2,3,3","button","Left arm motor drift","No drift for 10 seconds, Drift but doesn't hit bed,Drift hits bed,Some effort against gravity,No effort against gravity,No movement,Amputation / joint fusion","0,1,2,2,3,4,0","button","Right arm motor drift","No drift for 10 seconds, Drift but doesn't hit bed,Drift hits bed,Some effort against gravity,No effort against gravity,No movement,Amputation / joint fusion","0,1,2,2,3,4,0","button","Left leg motor drift","No drift for 5 seconds, Drift but doesn't hit bed,Drift hits bed,Some effort against gravity,No effort against gravity,No movement,Amputation / joint fusion","0,1,2,2,3,4,0","button","Right leg motor drift","No drift for 5 seconds, Drift but doesn't hit bed,Drift hits bed,Some effort against gravity,No effort against gravity,No movement,Amputation / joint fusion","0,1,2,2,3,4,0","button","Limb Ataxia","No ataxia,Ataxia in 1 limb,Ataxia in 2 limbs,Does not understand,Paralysed,Amputation / joint fusion","0,1,2,0,0,0","button","Sensation","Normal,Mild-moderate loss: less sharp / more dull,Mild-moderate loss: can sense being touched,Complete loss: cannot sense being touched at all,No response and quadriplegic,Coma / unresponsive","0,1,1,2,2,2","image","NIHSSa","None","0","image","NIHSSb","None","0","image","NIHSSc","None","0","button","Language / aphasia - see pictures above","Normal,Mild-moderate aphasia: some obvious changes without significant limitation,Severe aphasia: fragmentary expression - cannot identify,Mute / global aphasia, Coma / unresponsive","0,1,2,3,3","image","NIHSSd","None","0","button","Dysarthria - see words above","Normal,Mild-moderate dysarthria: slurring but can be understood,Severe dysarthria, Mute / anorthic,Intubated / unable to test","0,1,2,2,0","button","Extinction / Inattention","No abnormality,Visual / tactile / auditory / spatial / personal inattention,Extinction to bilateral simultaneous stimulation,Profound hemi-inattention,Extinction to >1 modality","0,1,1,2,2","null","null","null","null","19","NIHSSinfo","Lyden P, Brott T, Tilley B, Welch KM, Mascha EJ, Levine S, Haley EC, Grotta J, Marler J.$$Improved reliability of the NIH Stroke Scale using video training. NINDS TPA Stroke Study Group. Stroke. 1994 Nov;25(11):2220-6.$$https://www.ahajournals.org/doi/abs/10.1161/01.STR.25.11.2220££Johnston KC, Connors Jr AF, Wagner DP, Haley Jr EC.$$Predicting outcome in ischemic stroke: external validation of predictive risk models. Stroke. 2003 Jan 1;34(1):200-2.$$https://www.ahajournals.org/doi/abs/10.1161/01.str.0000047102.61863.e3££Appelros P, Ter‚àö¬©nt A.$$Characteristics of the National Institute of Health Stroke Scale: results from a population-based stroke cohort at baseline and after one year. Cerebrovascular Diseases. 2004;17(1):21-7.$$https://www.karger.com/Article/Abstract/73894££Adams HP, Davis PH, Leira EC, Chang KC, Bendixen BH, Clarke WR, Woolson RF, Hansen MD.$$Baseline NIH Stroke Scale score strongly predicts outcome after stroke: a report of the Trial of Org 10172 in Acute Stroke Treatment (TOAST). Neurology. 1999 Jul 1;53(1):126-.$$https://n.neurology.org/content/53/1/126.short","nil","points","Calculates the NIH Stroke Scale for quantifying stroke severity","NIHSS","All,Neuro,Old"
"button","Physical ability","No limitation of physical activity; ordinary physical activity does not cause undue fatigue / palpitation / dyspnoea,Slight limitation of physical activity; comfortable at rest; ordinary physical activity results in fatigue / palpitation or dyspnoea,Marked limitation of physical activity; comfortable at rest; less than ordinary activity causes fatigue / palpitation / dyspnoea,Unable to carry on any physical activity without discomfort; symptoms of heart failure at rest; if any physical activity is undertaken discomfort increases","1,2,3,4","null","null","null","null","null","null","null","null","null","null","null","null","null","null","null","null","null","null","null","null","null","null","null","null","null","null","null","null","null","null","null","null","null","null","null","null","null","null","null","null","null","null","null","null","null","null","null","null","null","null","null","null","null","null","null","null","null","null","null","null","null","null","null","null","null","null","null","null","null","null","null","null","null","null","null","null","1","NYHAinfo","Goldman LB, Hashimoto B, Cook EF, Loscalzo A.¬¨‚Ä†$$Comparative reproducibility and validity of systems for assessing cardiovascular functional class: advantages of a new specific activity scale. Circulation. 1981 Dec;64(6):1227-34.$$https://www.ahajournals.org/doi/abs/10.1161/01.CIR.64.6.1227££Raphael C, Briscoe C, Davies J, Whinnett ZI, Manisty C, Sutton R, Mayet J, Francis DP.$$Limitations of the New York Heart Association functional classification system and self-reported walking distances in chronic heart failure. Heart. 2007 Apr 1;93(4):476-82.$$https://heart.bmj.com/content/93/4/476.short","nil","class","New York Heart Association Functional Classification for Heart Failure. Stratifies severity by symptoms","NYHA","All,Cardio"
"button","Age (years)","30-44,45-54,55-64,65-74,≥75","0,1,2,3,4","button","Mean IOP: 3 measurements per eye","<22,22.1-23.9,24-25.9,26-27.9,≥28","0,1,2,3,4","button","Mean central corneal thickness (µm)",">600,576-600,551-575,526-550,≤525","0,1,2,3,4","button","Mean vertical cup-to-disc ratio by contour","<0.3,0.3-0.39,0.4-0.49,0.5-0.59,≥0.6","0,1,2,3,4","button","Mean pattern standard deviation: 2 measurements per eye of Humphrey full 30-2 / SITA Standard 30-2 or 24-2 / or loss of variance from Octopus 32-2","<1.8,1.8-1.9,2.0-2.3,2.4-2.7,≥2.8","0,1,2,3,4","null","null","null","null","null","null","null","null","null","null","null","null","null","null","null","null","null","null","null","null","null","null","null","null","null","null","null","null","null","null","null","null","null","null","null","null","null","null","null","null","null","null","null","null","null","null","null","null","null","null","null","null","null","null","null","null","null","null","null","null","5","OHTSinfo","Kass MA, Heuer DK, Higginbotham EJ, Johnson CA, Keltner JL, Miller JP, Parrish RK, Wilson MR, Gordon MO, Ocular Hypertension Treatment Study Group$$The Ocular Hypertension Treatment Study: a randomized trial determines that topical ocular hypotensive medication delays or prevents the onset of primary open-angle glaucoma. Archives of ophthalmology. 2002 Jun 1;120(6):701-13$$https://jamanetwork.com/journals/jamaophthalmology/article-abstract/270953££Ocular Hypertension Treatment Study Group, European Glaucoma Prevention Study Group$$Validated prediction model for the development of primary open-angle glaucoma in individuals with ocular hypertension. Ophthalmology. 2007 Jan 1;114(1):10-9$$https://www.sciencedirect.com/science/article/pii/S0161642006011523","nil","points","Ocular Hypertension Treatment Study: Identifies patients that may benefit from intraocular pressure lowering therapy","OHTS CALCULATOR","All,Ophth"
"image","OTTAWAANKLE","None","0","button","Unable to bear weight both immediately and during examination","Yes,No","1,0","button","Bone tenderness: Posterior edge or tip of lateral malleolus","Yes,No","1,0","button","Bone tenderness: Posterior edge or tip of medial malleolus","Yes,No","1,0","button","Bone tenderness: Base of 5th metatarsal","Yes,No","1,0","button","Bone tenderness: Navicular","Yes,No","1,0","null","null","null","null","null","null","null","null","null","null","null","null","null","null","null","null","null","null","null","null","null","null","null","null","null","null","null","null","null","null","null","null","null","null","null","null","null","null","null","null","null","null","null","null","null","null","null","null","null","null","null","null","null","null","null","null","6","OTTAWAANKLEinfo","Stiell IG, Greenberg GH, McKnight RD, Nair RC, McDowell I, Worthington JR$$A study to develop clinical decision rules for the use of radiography in acute ankle injuries. Annals of emergency medicine. 1992 Apr 1;21(4):384-90$$https://www.sciencedirect.com/science/article/pii/S0196064405826563££Shell IG, Greenberg GH, McKnight RD, Nair RC, McDowell I, Reardon M, Stewart JP, Maloney J$$Decision rules for the use of radiography in acute ankle injuries: refinement and prospective validation. Jama. 1993 Mar 3;269(9):1127-32$$https://jamanetwork.com/journals/jama/article-abstract/403941££Bachmann LM, Kolb E, Koller MT, Steurer J, ter Riet G$$Accuracy of Ottawa ankle rules to exclude fractures of the ankle and mid-foot: systematic review. Bmj. 2003 Feb 22;326(7386):417$$https://www.bmj.com/content/326/7386/417.short££Gomes YE, Chau M, Banwell HA, Causby RS$$Diagnostic accuracy of the Ottawa ankle rule to exclude fractures in acute ankle injuries in adults: a systematic review and meta-analysis. BMC musculoskeletal disorders. 2022 Sep 23;23(1):885$$https://link.springer.com/article/10.1186/s12891-022-05831-7","OTTAWAANKLE","points","Criteria for ankle / foot trauma injuries to determine if plain radiographs are indicated","OTTAWA ANKLE RULE","All,Emergency,MSK"
"image","OTTAWAKNEE","None","0","button","Age ≥55","Yes,No","1,0","button","Isolated tenderness of the Patella OR Fibula head","Yes,No","1,0","button","Unable to flex knee to 90°","Yes,No","1,0","button","Unable to bear weight both immediately and during examination","Yes,No","1,0","null","null","null","null","null","null","null","null","null","null","null","null","null","null","null","null","null","null","null","null","null","null","null","null","null","null","null","null","null","null","null","null","null","null","null","null","null","null","null","null","null","null","null","null","null","null","null","null","null","null","null","null","null","null","null","null","null","null","null","null","5","OTTAWAKNEEinfo","Stiell IG, Greenberg GH, Wells GA, McKnight RD, Cwinn AA, Cacciotti T, McDowell I, Smith NA$$Derivation of a decision rule for the use of radiography in acute knee injuries. Annals of emergency medicine. 1995 Oct 1;26(4):405-13$$https://www.sciencedirect.com/science/article/pii/S0196064495701060££Stiell IG, Greenberg GH, Wells GA, McDowell I, Cwinn AA, Smith NA, Cacciotti TF, Sivilotti ML$$Prospective validation of a decision rule for the use of radiography in acute knee injuries. Jama. 1996 Feb 28;275(8):611-5$$https://jamanetwork.com/journals/jama/article-abstract/397187££Cheung TC, Tank Y, Breederveld RS, Tuinebreijer WE, de Lange-de Klerk ES, Derksen RJ$$Diagnostic accuracy and reproducibility of the Ottawa Knee Rule vs the Pittsburgh Decision Rule. The American Journal of Emergency Medicine. 2013 Apr 1;31(4):641-5$$https://www.sciencedirect.com/science/article/pii/S0735675712005669££Emparanza JI, Aginaga JR$$Validation of the Ottawa knee rules. Annals of emergency medicine. 2001 Oct 1;38(4):364-8$$https://www.sciencedirect.com/science/article/pii/S0196064401514043££Bachmann LM, Haberzeth S, Steurer J, ter Riet G$$The accuracy of the Ottawa knee rule to rule out knee fractures: a systematic review. Annals of internal medicine. 2004 Jan 20;140(2):121-4$$https://www.acpjournals.org/doi/abs/10.7326/0003-4819-140-5-200403020-00013","OTTAWAKNEE","points","Criteria for knee trauma injuries to determine if plain radiographs are indicated","OTTAWA KNEE RULE","All,Emergency,MSK"
"button","Age ≥40","Yes,No","1,0","button","Neck pain or stiffness","Yes,No","1,0","button","Witnessed loss of consciousness","Yes,No","1,0","button","Onset during exertion","Yes,No","1,0","button","Thunderclap headache","Yes,No","1,0","button","Limited neck flexion on examination","Yes,No","1,0","null","null","null","null","null","null","null","null","null","null","null","null","null","null","null","null","null","null","null","null","null","null","null","null","null","null","null","null","null","null","null","null","null","null","null","null","null","null","null","null","null","null","null","null","null","null","null","null","null","null","null","null","null","null","null","null","6","OTTAWASAHRULEinfo","Perry JJ, Stiell IG, Sivilotti ML, Bullard MJ, Lee JS, Eisenhauer M, Symington C, Mortensen M, Sutherland J, Lesiuk H, Wells GA$$High risk clinical characteristics for subarachnoid haemorrhage in patients with acute headache: prospective cohort study. Bmj. 2010 Oct 28;341$$https://www.bmj.com/content/341/bmj.c5204.abstract££Perry JJ, Stiell IG, Sivilotti ML, Bullard MJ, Hohl CM, Sutherland J, ‚àö√¢mond M, Worster A, Lee JS, Mackey D, Pauls M$$Clinical decision rules to rule out subarachnoid hemorrhage for acute headache. Jama. 2013 Sep 25;310(12):1248-55$$https://jamanetwork.com/journals/jama/article-abstract/1741823££Bellolio MF, Hess EP, Gilani WI, VanDyck TJ, Ostby SA, Schwarz JA, Lohse CM, Rabinstein AA$$External validation of the Ottawa subarachnoid hemorrhage clinical decision rule in patients with acute headache. The American Journal of Emergency Medicine. 2015 Feb 1;33(2):244-9$$https://www.sciencedirect.com/science/article/pii/S0735675714008845££Perry JJ, Sivilotti ML, ‚àö√¢mond M, Hohl CM, Khan M, Lesiuk H, Abdulaziz K, Wells GA, Stiell IG$$Prospective implementation of the Ottawa subarachnoid hemorrhage rule and 6-hour computed tomography rule. Stroke. 2020 Feb;51(2):424-30$$https://www.ahajournals.org/doi/abs/10.1161/STROKEAHA.119.026969","OTTAWASAH","points","Rules out SAH in patients with headache","OTTAWA SAH RULE","All,Emergency,Neuro"
"button","Eye opening","Open spontaneously,Open to verbal stimuli,Open to pain only,No response","4,3,2,1","button","Verbal response","Coos / babbles,Irritable cries,Cries in response to pain,Moans in response to pain,No response","5,4,3,2,1","button","Motor response","Moves spontaneously / purposefully,Withdraws to touch,Withdraws to pain,Flexor posturing to pain,Extensor posturing to pain,No response","6,5,4,3,2,1","null","null","null","null","null","null","null","null","null","null","null","null","null","null","null","null","null","null","null","null","null","null","null","null","null","null","null","null","null","null","null","null","null","null","null","null","null","null","null","null","null","null","null","null","null","null","null","null","null","null","null","null","null","null","null","null","null","null","null","null","null","null","null","null","null","null","null","null","3","pGCSinfo","James HE$$Neurologic evaluation and support in the child with an acute brain insult. Pediatric annals. 1986 Jan 1;15(1):16-22$$https://journals.healio.com/doi/abs/10.3928/0090-4481-19860101-05££Borgialli DA, Mahajan P, Hoyle Jr JD, Powell EC, Nadel FM, Tunik MG, Foerster A, Dong L, Miskin M, Dayan PS, Holmes JF$$Performance of the pediatric Glasgow coma scale score in the evaluation of children with blunt head trauma. Academic emergency medicine. 2016 Aug;23(8):878-84$$https://onlinelibrary.wiley.com/doi/abs/10.1111/acem.13014££Simpson DA, Cockington RA, Hanieh A, Raftos J, Reilly PL$$Head injuries in infants and young children: the value of the Paediatric Coma Scale: Review of literature and report on a study. Child's Nervous System. 1991 Aug;7:183-90$$https://link.springer.com/article/10.1007/BF00249393","nil","points","GCS scoring for children ≤2 years of age","PAEDIATRIC (≤2) GCS","All,CriticalCare,Emergency,Neuro,Paeds"
"button","Breathing","Normal,Occasional laboured breathing or short periods of hyperventilation,Noisy laboured breathing / long periods of hyperventilation or Cheyne-Stokes respirations","0,1,2","button","Negative vocalisation","None,Occasional Moan / Groan or low-level speech with negative quality,Repeated troubled calling out loud Moaning / Groaning / Crying","0,1,2","button","Facial expression","Smiling or inexpressive,Sad / Frightened / Frown,Facial grimacing","0,1,2","button","Body language","Relaxed,Tense / Distressed / Pacing / Fidgeting,Rigid fists clenched / knees pulled up / pulling or pushing away / striking out","0,1,2","button","Consolability","No need to console,Distracted or reassured by voice / touch,Unable to console / distract or reassure","0,1,2","null","null","null","null","null","null","null","null","null","null","null","null","null","null","null","null","null","null","null","null","null","null","null","null","null","null","null","null","null","null","null","null","null","null","null","null","null","null","null","null","null","null","null","null","null","null","null","null","null","null","null","null","null","null","null","null","null","null","null","null","5","PAINADVANCEDDEMENTIAinfo","Warden V, Hurley AC, Volicer L$$Development and psychometric evaluation of the Pain Assessment in Advanced Dementia (PAINAD) scale. Journal of the American Medical Directors Association. 2003 Jan 1;4(1):9-15$$https://www.sciencedirect.com/science/article/pii/S1525861004702583££Hutchison RW, Tucker Jr WF, Kim S, Gilder R$$Evaluation of a behavioral assessment tool for the individual unable to self-report pain. American Journal of Hospice and Palliative Medicine¬¨√Ü. 2006 Aug;23(4):328-31$$https://journals.sagepub.com/doi/abs/10.1177/1049909106290244££DeWaters T, Faut-Callahan M, McCann JJ, Paice JA, Fogg L, Hollinger-Smith L, Sikorski K, Stanaitis H$$Comparison of self-reported pain and the PAINAD scale in hospitalized cognitively impaired and intact older adults after hip fracture surgery. Orthopaedic Nursing. 2008 Jan 1;27(1):21-8$$https://journals.lww.com/orthopaedicnursing/fulltext/2008/01000/Comparison_of_Self_Reported_Pain_and_the_PAINAD.6.aspx","nil","points","Assesses pain in patients with advanced dementia","PAINAD SCALE","All,Old,Psych"
"button","Right lower quadrant pain to cough, percussion, or hopping","Yes,No","2,0","button","Anorexia","Yes,No","1,0","button","Fever: Temp ≥38.0¬∞C / 100.4¬∞F","Yes,No","1,0","button","Nausea or vomiting","Yes,No","1,0","button","Tenderness over right iliac fossa","Yes,No","1,0","button","WBC >10 (x 10⁹/L)","Yes,No","1,0","button","Neutrophils > 7.5 (x 10⁹/L)","Yes,No","1,0","button","Migration of pain to right lower quadrant","Yes,No","1,0","null","null","null","null","null","null","null","null","null","null","null","null","null","null","null","null","null","null","null","null","null","null","null","null","null","null","null","null","null","null","null","null","null","null","null","null","null","null","null","null","null","null","null","null","null","null","null","null","8","PASSCOREinfo","Samuel M$$Pediatric appendicitis score. Journal of pediatric surgery. 2002 Jun 1;37(6):877-81$$https://www.sciencedirect.com/science/article/pii/S0022346802397938££Attia MW$$The Paediatric Appendicitis Score (PAS) was useful in children with acute abdominal pain. Evidence-based Medicine. 2009 Feb 1;14(1):26$$https://europepmc.org/article/med/19181958££Kharbanda AB, Dudley NC, Bajaj L, Stevenson MD, Macias CG, Mittal MK, Bachur RG, Bennett JE, Sinclair K, Huang C, Dayan PS$$Validation and refinement of a prediction rule to identify children at low risk for acute appendicitis. Archives of pediatrics & adolescent medicine. 2012 Aug 1;166(8):738-44$$https://jamanetwork.com/journals/jamapediatrics/article-abstract/1263344££Kulik DM, Uleryk EM, Maguire JL$$Does this child have appendicitis? A systematic review of clinical prediction rules for children with acute abdominal pain. Journal of clinical epidemiology. 2013 Jan 1;66(1):95-104$$https://www.sciencedirect.com/science/article/pii/S0895435612002764££Rentea RM, Peter SD, Snyder CL$$Pediatric appendicitis: state of the art review. Pediatric surgery international. 2017 Mar;33:269-83$$https://link.springer.com/article/10.1007/s00383-016-3990-2","nil","points","Pediatric Appendicitis Score. Predicts appendicitis in children","PAS SCORE","All,Emergency,Gastro,Paeds"
"button","Wheezing","None or Mild,Moderate,Severe wheezing or absent due to poor air movement","0,1,2","button","Work of breathing: use of accessory muscles / tracheal tug / rib recession","Normal or mildly diminished,Moderate,Severe","0,1,2","button","Prolongation of expiration: ratio of Expiration to Inspiration","Normal or mildly prolonged,Moderately prolonged,Severely prolonged","0,1,2","null","null","null","null","null","null","null","null","null","null","null","null","null","null","null","null","null","null","null","null","null","null","null","null","null","null","null","null","null","null","null","null","null","null","null","null","null","null","null","null","null","null","null","null","null","null","null","null","null","null","null","null","null","null","null","null","null","null","null","null","null","null","null","null","null","null","null","null","3","PASSinfo","Gorelick MH, Stevens MW, Schultz TR, Scribano PV$$Performance of a novel clinical score, the Pediatric Asthma Severity Score (PASS), in the evaluation of acute asthma. Academic emergency medicine. 2004 Jan;11(1):10-8$$https://onlinelibrary.wiley.com/doi/abs/10.1197/j.aem.2003.07.015££Gouin S, Robidas I, Gravel J, Guimont C, Chalut D, Amre D$$Prospective evaluation of two clinical scores for acute asthma in children 18 months to 7 years of age. Academic Emergency Medicine. 2010 Jun;17(6):598-603$$https://onlinelibrary.wiley.com/doi/abs/10.1111/j.1553-2712.2010.00775.x","nil","points","Determines severity of paediatric asthma based on physical examination","PASS ASTHMA SEVERITY","All,Paeds,Resp"
"button","Abdominal pain","None,Mild,Moderate / Severe","0,5,10","button","Stools per day","0-1 liquid stools no blood,2-5 liquid or ≤2 semi-formed stools with small amount blood,≥6 liquid stools / Gross blood / Nocturnal diarrhoea","0,5,10","button","General well-being","Well,Below par,Very poor","0,5,10","button","Weight","Weight gain / voluntarily stable / voluntarily loss,Weight involuntarily stable or loss 1-9%,Weight loss ≥10%","0,5,10","button","Height (at diagnosis or follow-up)","<1 channel decrease (or height velocity ≥ -1SD),Channel decrease ≥1 and <2 (or height velocity <-1SD and >-2SD),≥2 channel decrease (or height velocity ≤-2SD)","0,5,10","button","Abdoment palpation","No tenderness or Mass,Tenderness no guarding / Mass with no tenderness,Tenderness with guarding / Definite mass","0,5,10","button","Peri-rectal disease","None / Asymptomatic tags,1-2 indolent fistulae with scant drainage and no tenderness,Active fistula with drainage and tenderness or abscess","0,5,10","button","Extra-intestinal manifestations: Fever ≥38.5°C (101.3°F) for 3 days over past week, Arthritis, Uveitis, Erythema nodosum, Pyoderma gangrenosum","None,1,≥2","0,5,10","button","Albumin","≥35g/L / 3.5g/dL,≥31-34g/L / 3.1-3.4g/dL,≤30g/L / ≤3g/dL","0,5,10","button","Age / Sex","<10 years (both),11-19 years (female),11-14 years (male),15-19 years (male)","0,1,2,3","numerical","Haematocrit","%","0","button","ESR","<20 mm/hr,20-50 mm/hr,>50 mm/hr","0,2.5,5","null","null","null","null","null","null","null","null","null","null","null","null","null","null","null","null","null","null","null","null","null","null","null","null","null","null","null","null","null","null","null","null","12","PCDAIinfo","Turner D, Griffiths AM, Walters TD, Seah T, Markowitz J, Pfefferkorn M, Keljo D, Otley A, LeLeiko NS, Mack D, Hyams J$$Appraisal of the pediatric Crohn's disease activity index on four prospectively collected datasets: recommended cutoff values and clinimetric properties. Official journal of the American College of Gastroenterology| ACG. 2010 Sep 1;105(9):2085-92$$https://journals.lww.com/ajg/fulltext/2010/09000/appraisal_of_the_pediatric_crohn_s_disease.29.aspx££Hyams JS, Ferry GD, Mandel FS, Gryboski JD, Kibort PM, Kirschner BS, Griffiths AM, Katz AJ, Grand RJ, Boyle JT, Michener WM$$Development and validation of a pediatric Crohn's disease activity index. Journal of pediatric gastroenterology and nutrition. 1991 May;12(4):439-$$https://onlinelibrary.wiley.com/doi/abs/10.1002/j.1536-4801.1991.tb10268.x££Hyams J, Markowitz J, Otley A, Rosh J, Mack D, Bousvaros A, Kugathasan S, Pfefferkorn M, Tolia V, Evans J, Treem W$$Evaluation of the pediatric Crohn disease activity index: a prospective multicenter experience. Journal of pediatric gastroenterology and nutrition. 2005 Oct 1;41(4):416-21$$https://journals.lww.com/jpgn/fulltext/2005/10000/Pediatric_Crohn_Disease_Activity_Index__Responsive.00007.aspx","PCDAI","points","Paediatric Crohn's Disease Activity Index: current severity of Crohn's disease","PCDAI","All,Gastro,Paeds"
"button","Perfusion","No peripheral arterial disease,Peripheral arterial disease + no critical limb ischaemia,Critical limb ischaemia","0,1,2","button","Extent","Skin intact,<1cm²,1-3cm²,>3cm²","0,1,2,3","button","Depth:
determine using sterile blunt probe / imaging","Skin intact,Superficial,Fascia / Muscle / Tendon,Bone or Joint","0,1,2,3","button","Infection","None,Surface,Abscess / Fasciitis +/- Septic arthritis,Systemic inflammatory response syndrome","0,1,2,3","button","Sensation","Intact,Reduced","0,1","null","null","null","null","null","null","null","null","null","null","null","null","null","null","null","null","null","null","null","null","null","null","null","null","null","null","null","null","null","null","null","null","null","null","null","null","null","null","null","null","null","null","null","null","null","null","null","null","null","null","null","null","null","null","null","null","null","null","null","null","5","PEDISinfo","Uysal S, Arda B, Ta‚âà√ºbakan MI, ‚àö√°etinkalp ‚âà√ª, ‚âà√ªim‚âà√ºir IY, ‚àö√±zt‚àö¬∫rk AM, Uysal A, Ertam ∆í‚àû.$$Risk factors for amputation in patients with diabetic foot infection: a prospective study. International wound journal. 2017 Dec;14(6):1219-24.$$https://onlinelibrary.wiley.com/doi/abs/10.1111/iwj.12788££Chuan F, Tang K, Jiang P, Zhou B, He X.$$Reliability and validity of the perfusion, extent, depth, infection and sensation (PEDIS) classification system and score in patients with diabetic foot ulcer. PloS one. 2015 Apr 13;10(4):e0124739.$$https://journals.plos.org/plosone/article?id=10.1371/journal.pone.0124739","nil","points","Predicts likelihood of adverse outcomes in diabetic foot ulcers","PEDIS","All,Endo,MSK"
"button","Sex","Male,Female","1,0","numerical","Age","years","0","numerical","Height","cm","0","null","null","null","null","null","null","null","null","null","null","null","null","null","null","null","null","null","null","null","null","null","null","null","null","null","null","null","null","null","null","null","null","null","null","null","null","null","null","null","null","null","null","null","null","null","null","null","null","null","null","null","null","null","null","null","null","null","null","null","null","null","null","null","null","null","null","null","null","3","PEFRinfo","Knudson RJ, Lebowitz MD, Holberg CJ, Burrows B.$$Changes in the normal maximal expiratory flow-volume curve with growth and aging. American Review of Respiratory Disease. 1983 Jun;127(6):725-34.$$https://www.atsjournals.org/doi/abs/10.1164/arrd.1983.127.6.725££Hankinson JL, Odencrantz JR, Fedan KB.$$Spirometric reference values from a sample of the general US population. American journal of respiratory and critical care medicine. 1999 Jan 1;159(1):179-87.$$https://www.atsjournals.org/doi/abs/10.1164/ajrccm.159.1.9712108££H‚àö‚àèst A, H‚àö‚àèst AH, Ibsen T.$$Peak expiratory flow rate in healthy children aged 6‚Äö√Ñ√¨17 years. Acta P‚àö¬∂diatrica. 1994 Dec;83(12):1255-7.$$https://onlinelibrary.wiley.com/doi/abs/10.1111/j.1651-2227.1994.tb13008.x","PEFR","L/min","Determines the predicted maximum PEFR (peak expiratory flow rate) for ages 5+","PEFR","All,GP,Resp"
"button","Little interest or pleasure in doing things?","Not at all,Several days,More than half the days,Nearly every day","0,1,2,3","button","Feeling down, depressed, or hopeless?","Not at all,Several days,More than half the days,Nearly every day","0,1,2,3","button","Trouble falling or staying asleep, or sleeping too much?","Not at all,Several days,More than half the days,Nearly every day","0,1,2,3","button","Feeling tired or having little energy?","Not at all,Several days,More than half the days,Nearly every day","0,1,2,3","button","Poor appetite or overeating?","Not at all,Several days,More than half the days,Nearly every day","0,1,2,3","button","Feeling bad about yourself, or that you are a failure or have let yourself or your family down?","Not at all,Several days,More than half the days,Nearly every day","0,1,2,3","button","Trouble concentrating on things, such as reading the newspaper or watching television?","Not at all,Several days,More than half the days,Nearly every day","0,1,2,3","button","Moving or speaking so slowly that other people could have noticed? Or so fidgety or restless that you have been moving a lot more than usual?","Not at all,Several days,More than half the days,Nearly every day","0,1,2,3","button","Thoughts that you would be better off dead, or thoughts of hurting yourself in some way?","Not at all,Several days,More than half the days,Nearly every day","0,1,2,3","null","null","null","null","null","null","null","null","null","null","null","null","null","null","null","null","null","null","null","null","null","null","null","null","null","null","null","null","null","null","null","null","null","null","null","null","null","null","null","null","null","null","null","null","9","PHQ-9info","Levis B, Benedetti A, Thombs BD$$Accuracy of Patient Health Questionnaire-9 (PHQ-9) for screening to detect major depression: individual participant data meta-analysis. bmj. 2019 Apr 9;365$$https://www.bmj.com/content/365/bmj.l1476.abstract££Kroenke K, Spitzer RL, Williams JB$$The PHQ‚Äö√Ñ√™9: validity of a brief depression severity measure. Journal of general internal medicine. 2001 Sep;16(9):606-13$$https://onlinelibrary.wiley.com/doi/abs/10.1046/J.1525-1497.2001.016009606.X££Arroll B, Goodyear-Smith F, Crengle S, Gunn J, Kerse N, Fishman T, Falloon K, Hatcher S$$Validation of PHQ-2 and PHQ-9 to screen for major depression in the primary care population. The annals of family medicine. 2010 Jul 1;8(4):348-53$$https://www.annfammed.org/content/8/4/348.short££Beard C, Hsu KJ, Rifkin LS, Busch AB, Bj‚àö‚àÇrgvinsson T$$Validation of the PHQ-9 in a psychiatric sample. Journal of affective disorders. 2016 Mar 15;193:267-73$$https://www.sciencedirect.com/science/article/pii/S0165032715310272","nil","points","Screening tool to diagnose depression and quantify severity","PHQ-9","All,GP,Psych"
"numerical","Number of cigarettes smoked per day (1 pack = 20 cigarettes)","Cigarettes","0","numerical","Years the patient has smoked","years","0","null","null","null","null","null","null","null","null","null","null","null","null","null","null","null","null","null","null","null","null","null","null","null","null","null","null","null","null","null","null","null","null","null","null","null","null","null","null","null","null","null","null","null","null","null","null","null","null","null","null","null","null","null","null","null","null","null","null","null","null","null","null","null","null","null","null","null","null","null","null","null","null","2","PackYearsCalcinfo","Janjigian YY, McDonnell K, Kris MG, Shen R, Sima CS, Bach PB, Rizvi NA, Riely GJ.$$Pack‚Äö√Ñ√™years of cigarette smoking as a prognostic factor in patients with stage IIIB/IV nonsmall cell lung cancer. Cancer: Interdisciplinary International Journal of the American Cancer Society. 2010 Feb 1;116(3):670-5.$$https://acsjournals.onlinelibrary.wiley.com/doi/abs/10.1002/cncr.24813££Wood DE, Kazerooni EA, Baum SL, Eapen GA, Ettinger DS, Hou L, Jackman DM, Klippenstein D, Kumar R, Lackner RP, Leard LE.$$Lung cancer screening, version 3.2018, NCCN clinical practice guidelines in oncology. Journal of the National Comprehensive Cancer Network. 2018 Apr 1;16(4):412-41.$$https://jnccn.org/view/journals/jnccn/16/4/article-p412.xml?rskey=gCbwL3&result=1318&utm_source=TrendMD&utm_medium=cpc&utm_campaign=JNCCN_TrendMD_1","$/20)*($$)","pack years","Calculates pack years in patients with any smoking history.","PACK YEARS CALC","All,GP,Resp,Cardio"
"button","Patients Baseline Activity - choose best fit of patients ability","No symptoms,No significant disability despite symptoms. Able to carry out all usual duties and activities,Slight disability. Unable to carry out all previous activities but able to look after own affairs without assistance,Moderate disability. Requiring some help but able to walk without assistance,Moderately severe disability. Unable to walk and attend to bodily needs without assistance,Severe disability. Bedridden / incontinent and requiring constant nursing care and attention,Dead","0,1,2,3,4,5,6","null","null","null","null","null","null","null","null","null","null","null","null","null","null","null","null","null","null","null","null","null","null","null","null","null","null","null","null","null","null","null","null","null","null","null","null","null","null","null","null","null","null","null","null","null","null","null","null","null","null","null","null","null","null","null","null","null","null","null","null","null","null","null","null","null","null","null","null","null","null","null","null","null","null","null","null","1","MODIFIEDRANKINinfo","Van Swieten JC, Koudstaal PJ, Visser MC, Schouten HJ, Van Gijn J.$$Interobserver agreement for the assessment of handicap in stroke patients. stroke. 1988 May;19(5):604-7.$$https://www.ahajournals.org/doi/abs/10.1161/01.STR.19.5.604££Banks JL, Marotta CA.$$Outcomes validity and reliability of the modified Rankin scale: implications for stroke clinical trials: a literature review and synthesis. Stroke. 2007 Mar 1;38(3):1091-6.$$https://www.ahajournals.org/doi/abs/10.1161/01.STR.0000258355.23810.c6££Fearon P, McArthur KS, Garrity K, Graham LJ, McGroarty G, Vincent S, Quinn TJ.$$Prestroke modified rankin stroke scale has moderate interobserver reliability and validity in an acute stroke setting. Stroke. 2012 Dec;43(12):3184-8.$$https://www.ahajournals.org/doi/abs/10.1161/strokeaha.112.670422","nil","points","Measures the degree of disability in ADL in stroke / neurological disability patients","MODIFIED RANKIN","All,Neuro,Old"
"button","End stage renal disease. On dialysis >3 months","Yes,No","1,0","button","Persistent AKI. Renal replacement therapy >4 months","Yes,No","1,0","button","Serum Creatinine","1.5-2 times above baseline,>2-3 times above baseline,>3 times above baseline,≥4mg/dL or 350µmol/L,Acute rise ≥0.5mg/dL or 44µmol/L","3,2,1,1,1","button","GFR",">25% decrease below baseline,>50% decrease below baseline,>75% decrease below baseline","3,2,1","button","Urine output","<0.5mL/kg/hr x 6 hours,<0.5mL/kg/hr x 12 hours,<0.3mL/kg/hr x 24 or Anuria x 12 hours","3,2,1","null","null","null","null","null","null","null","null","null","null","null","null","null","null","null","null","null","null","null","null","null","null","null","null","null","null","null","null","null","null","null","null","null","null","null","null","null","null","null","null","null","null","null","null","null","null","null","null","null","null","null","null","null","null","null","null","null","null","null","null","5","RIFLECRITERIAAKIinfo","Xiong J, Tang X, Hu Z, Nie L, Wang Y, Zhao J$$The RIFLE versus AKIN classification for incidence and mortality of acute kidney injury in critical ill patients: a meta-analysis. Scientific reports. 2015 Dec 7;5(1):17917.$$https://www.nature.com/articles/srep17917££Van Biesen W, Vanholder R, Lameire N$$Defining acute renal failure: RIFLE and beyond. Clinical journal of the American Society of Nephrology. 2006 Nov 1;1(6):1314-9.$$https://journals.lww.com/CJASN/fulltext/2006/11000/Defining_Acute_Renal_Failure__RIFLE_and_Beyond.28.aspx££Bellomo R, Ronco C, Kellum JA, Mehta RL, Palevsky P, ADQI workgroup$$Acute renal failure‚Äö√Ñ√¨definition, outcome measures, animal models, fluid therapy and information technology needs: the Second International Consensus Conference of the Acute Dialysis Quality Initiative (ADQI) Group. Critical care. 2004 Aug;8:1-9.$$https://link.springer.com/article/10.1186/CC2872££Lopes JA, Jorge S$$The RIFLE and AKIN classifications for acute kidney injury: a critical and comprehensive review. Clinical kidney journal. 2013 Feb 1;6(1):8-14.$$https://academic.oup.com/ckj/article-abstract/6/1/8/468698","RIFLE","points","Classifies severity of acute kidney injury, similar to AKIN Classification","RIFLE CRITERIA AKI","All,Renal"
"button","Age <25 years","Yes,No","2,0","button","Skeletal immaturity","Yes,No","1,0","button","Dejour A-D dysplasia: X-ray and MRI","Yes,No","1,0","button","TT-TG/PL ≥0.5: Tibial tuberosity to trochlear groove distance / Patella length","Yes,No","1,0","null","null","null","null","null","null","null","null","null","null","null","null","null","null","null","null","null","null","null","null","null","null","null","null","null","null","null","null","null","null","null","null","null","null","null","null","null","null","null","null","null","null","null","null","null","null","null","null","null","null","null","null","null","null","null","null","null","null","null","null","null","null","null","null","4","RIPinfo","Hevesi M, Heidenreich MJ, Camp CL, Hewett TE, Stuart MJ, Dahm DL, Krych AJ$$The recurrent instability of the patella score: a statistically based model for prediction of long-term recurrence risk after first-time dislocation. Arthroscopy: The Journal of Arthroscopic & Related Surgery. 2019 Feb 1;35(2):537-43$$https://www.sciencedirect.com/science/article/pii/S0749806318308272","nil","points","Predicts risk of recurrent instability after primary patellar dislocation","RIP SCORE","All,MSK"
"button","Age","<60,60-79,≥80","0,1,2","button","Shock","None,HR≥100,SBP<100","0,1,2","button","Comorbidities","No major comorbidity,Any comorbidity EXCEPT Renal failure / Liver failure / Disseminated malignancy,Renal failure / Liver failure / Disseminated malignancy","0,2,3","button","OGD Diagnosis","Mallory-Weiss tear,No lesion identified / no haemorrhage,All other diagnoses,Malignancy UGI tract","0,0,1,2","button","Major stigmata of recent hemorrhage","None,Dark spot only,Blood in UGI tract,Adherent clot,Visible or spurting vessel","0,0,2,2,2","null","null","null","null","null","null","null","null","null","null","null","null","null","null","null","null","null","null","null","null","null","null","null","null","null","null","null","null","null","null","null","null","null","null","null","null","null","null","null","null","null","null","null","null","null","null","null","null","null","null","null","null","null","null","null","null","null","null","null","null","5","ROCKALLPOST-ENDOSCOPYinfo","Rockall TA, Logan RF, Devlin HB, Northfield TC.$$Risk assessment after acute upper gastrointestinal haemorrhage. Gut. 1996 Mar 1;38(3):316-21.$$https://gut.bmj.com/content/38/3/316.short££ Kim BJ, Park MK, Kim SJ, Kim ER, Min BH, Son HJ, Rhee PL, Kim JJ, Rhee JC, Lee JH.$$Comparison of scoring systems for the prediction of outcomes in patients with nonvariceal upper gastrointestinal bleeding: a prospective study. Digestive diseases and sciences. 2009 Nov;54:2523-9.$$https://link.springer.com/article/10.1007/s10620-008-0654-7££Vreeburg EM, Terwee CB, Snel P, Rauws EA, Bartelsman JF, Vd Meulen JH, Tytgat GN.$$Validation of the Rockall risk scoring system in upper gastrointestinal bleeding. Gut. 1999 Mar 1;44(3):331-5.$$https://gut.bmj.com/content/44/3/331.abstract","nil","points","Determines severity of GI bleeding, post endoscopy","ROCKALL POST-ENDOSCOPY","All,Emergency,Gastro,GenSurg"
"button","Age","<60,60-79,≥80","0,1,2","button","Shock","None,HR≥100,SBP<100","0,1,2","button","Comorbidities","No major comorbidity,Any comorbidity EXCEPT Renal failure / Liver failure / Disseminated malignancy,Renal failure / Liver failure / Disseminated malignancy","0,2,3","null","null","null","null","null","null","null","null","null","null","null","null","null","null","null","null","null","null","null","null","null","null","null","null","null","null","null","null","null","null","null","null","null","null","null","null","null","null","null","null","null","null","null","null","null","null","null","null","null","null","null","null","null","null","null","null","null","null","null","null","null","null","null","null","null","null","null","null","3","ROCKALLPRE-ENDOSCOPYinfo","Rockall TA, Logan RF, Devlin HB, Northfield TC.$$Risk assessment after acute upper gastrointestinal haemorrhage. Gut. 1996 Mar 1;38(3):316-21.$$https://gut.bmj.com/content/38/3/316.short££ Vreeburg EM, Terwee CB, Snel P, Rauws EA, Bartelsman JF, Vd Meulen JH, Tytgat GN.$$Validation of the Rockall risk scoring system in upper gastrointestinal bleeding. Gut. 1999 Mar 1;44(3):331-5.$$https://gut.bmj.com/content/44/3/331.abstract","nil","points","Determines severity of GI bleeding, prior to endoscopy","ROCKALL PRE-ENDOSCOPY","All,Emergency,Gastro,GenSurg"
"button","Cornea","Epithelial damage,Haze and Iris detail visible,Total epithelial loss / Stromal haze and Iris detail obscured,Opaque and Iris / Pupil obscured","1,2,3,4","button","Conjunctiva / Limbus","No limbal ischaemia,<33% limbal ischaemia,33-50% limbal ischaemia,>50% limbal ischaemia","1,2,3,4","null","null","null","null","null","null","null","null","null","null","null","null","null","null","null","null","null","null","null","null","null","null","null","null","null","null","null","null","null","null","null","null","null","null","null","null","null","null","null","null","null","null","null","null","null","null","null","null","null","null","null","null","null","null","null","null","null","null","null","null","null","null","null","null","null","null","null","null","null","null","null","null","2","ROPERHALLinfo","Gupta N, Kalaivani M, Tandon R$$Comparison of prognostic value of Roper Hall and Dua classification systems in acute ocular burns. British journal of ophthalmology. 2011 Feb 1;95(2):194-8$$https://bjo.bmj.com/content/95/2/194.short££Roper-Hall, M.J$$Thermal and chemical burns. Transactions of the ophthalmological societies of the United Kingdom, 1965. 85: p. 631-53$$££Singh P, Tyagi M, Kumar Y, Gupta KK, Sharma PD$$Ocular chemical injuries and their management. Oman journal of ophthalmology. 2013 May 1;6(2):83-6$$https://journals.lww.com/ojoo/fulltext/2013/06020/ocular_chemical_injuries_and_their_management.3.aspx££Merle H, Gerard M, Schrage N$$Severe ocular burns. Eur Ophthalmic Rev. 2011;5(2):130-3$$https://www.prevor.com/app/uploads/sites/4/2020/09/severe-ocular-burns-h.-merle-eur-ophthal.pdf","ROPERHALL","grade","Roper-Hall classification of ocular chemical injuries","ROPER-HALL CLASSIFICATION","All,Ophth"
"command","Must have ≥2 of the following: Associated with recurrent abdominal pain ≥1 day a week in the last 3 months","%","0","button","Related to defecation","Yes,No","1,0","button","Associated with a change in stool frequency","Yes,No","1,0","button","Associated with a change in stool form","Yes,No","1,0","button","If has ≥2 of above - subtype classification",">25% Bristol stool type 1-2 and <25% type 6-7,>25% Bristol stool type 6-7 and <25% type 1-2,>25% Bristol stool type 1-2 and >25% type 6-7,None of the above","0,1,2,3","image","RomeIVIBS","none","0","null","null","null","null","null","null","null","null","null","null","null","null","null","null","null","null","null","null","null","null","null","null","null","null","null","null","null","null","null","null","null","null","null","null","null","null","null","null","null","null","null","null","null","null","null","null","null","null","null","null","null","null","null","null","null","null","6","RomeIVIBSinfo","Palsson OS, Whitehead WE, Van Tilburg MA, Chang L, Chey W, Crowell MD, Keefer L, Lembo AJ, Parkman HP, Rao SS, Sperber A$$Development and validation of the Rome IV diagnostic questionnaire for adults. Gastroenterology. 2016 May 1;150(6):1481-91.$$https://www.sciencedirect.com/science/article/pii/S0016508516001803££Schmulson MJ, Drossman DA$$What is new in Rome IV. Journal of neurogastroenterology and motility. 2017 Apr;23(2):151.$$https://www.ncbi.nlm.nih.gov/pmc/articles/PMC5383110/££Drossman DA, Hasler WL$$Rome IV‚Äö√Ñ√Æfunctional GI disorders: disorders of gut-brain interaction. Gastroenterology. 2016 May 1;150(6):1257-61.$$https://www.gastrojournal.org/article/S0016-5085(16)30048-8/abstract","IBS","none","Official Rome IV criteria for the diagnosis of irritable bowel syndrome","ROME IV IBS","All,Gastro,GP"
"numerical","Albumin (serum)","g/L","0","numerical","Albumin (ascitic)","g/L","0","null","null","null","null","null","null","null","null","null","null","null","null","null","null","null","null","null","null","null","null","null","null","null","null","null","null","null","null","null","null","null","null","null","null","null","null","null","null","null","null","null","null","null","null","null","null","null","null","null","null","null","null","null","null","null","null","null","null","null","null","null","null","null","null","null","null","null","null","null","null","null","null","2","SAAGinfo","Hoefs JC.$$The mechanism of ascitic fluid protein concentration increase during diuresis in patients with chronic liver disease. Am J Gastroenterol. 1981 Nov 1;76(5):423-31.$$https://www.researchgate.net/profile/John-Hoefs/publication/15862230_The_mechanism_of_ascitic_fluid_protein_concentration_increase_during_diuresis_in_patients_with_chronic_liver_disease/links/54dc4d790cf23fe133b0f8c0/The-mechanism-of-ascitic-fluid-protein-concentration-increase-during-diuresis-in-patients-with-chronic-liver-disease.pdf££Pare P, Talbot J, Hoefs JC.$$Serum-ascites albumin concentration gradient: a physiologic approach to the differential diagnosis of ascites. Gastroenterology. 1983 Aug 1;85(2):240-4.$$https://www.sciencedirect.com/science/article/pii/0016508583903062","SAAG","g/L","Serum Ascites Albumin Gradient. Serum Ascites Albumin Gradient. Helps determine the possible underlying cause of the ascites ","SAAG","All,Gastro"
"button","Concordant ST elevation > 1mm in leads with a positive QRS complex","Yes,No","1,0","button","Concordant ST depression > 1 mm in V1-V3","Yes,No","1,0","button","ST Elevation at the J-point, relative to QRS onset, is at least 1 mm AND has an amplitude at least 25% of the preceding S-wave","Yes,No","1,0","null","null","null","null","null","null","null","null","null","null","null","null","null","null","null","null","null","null","null","null","null","null","null","null","null","null","null","null","null","null","null","null","null","null","null","null","null","null","null","null","null","null","null","null","null","null","null","null","null","null","null","null","null","null","null","null","null","null","null","null","null","null","null","null","null","null","null","null","3","SGARBOSSAMODIFIEDinfo","Sgarbossa EB, Pinski SL, Barbagelata A, Underwood DA, Gates KB, Topol EJ, Califf RM, Wagner GS$$Electrocardiographic diagnosis of evolving acute myocardial infarction in the presence of left bundle-branch block. New England Journal of Medicine. 1996 Feb 22;334(8):481-7$$https://www.nejm.org/doi/full/10.1056/nejm199602223340801££Smith SW, Dodd KW, Henry TD, Dvorak DM, Pearce LA$$Diagnosis of ST-elevation myocardial infarction in the presence of left bundle branch block with the ST-elevation to S-wave ratio in a modified Sgarbossa rule. Annals of emergency medicine. 2012 Dec 1;60(6):766-76$$https://www.sciencedirect.com/science/article/pii/S0196064412013686","SGARBOSSAMOD","points","Criteria to diagnose acute MI in patients with prior LBBB","SGARBOSSA MODIFIED","All,Cardio,Emergency,GP"
"numerical","Sodium","mmol/L","0","numerical","Glucose","mmol/L","0","null","null","null","null","null","null","null","null","null","null","null","null","null","null","null","null","null","null","null","null","null","null","null","null","null","null","null","null","null","null","null","null","null","null","null","null","null","null","null","null","null","null","null","null","null","null","null","null","null","null","null","null","null","null","null","null","null","null","null","null","null","null","null","null","null","null","null","null","null","null","null","null","2","SODIUMCORRECTIONinfo","Katz MA.$$Hyperglycemia-induced hyponatremia‚Äö√Ñ√Æcalculation of expected serum sodium depression. New England Journal of Medicine. 1973 Oct 18;289(16):843-4.$$https://www.nejm.org/doi/pdf/10.1056/NEJM197310182891607££Hillier TA, Abbott RD, Barrett EJ.$$Hyponatremia: evaluating the correction factor for hyperglycemia. The American journal of medicine. 1999 Apr 1;106(4):399-403.$$https://www.sciencedirect.com/science/article/pii/S0002934399000558","NAGL","mmol/L","Calculates the actual sodium level in patients with hyperglycemia","SODIUM CORRECTION","All,CriticalCare,Endo,Renal"
"button","Sex","Male,Female","2,0","button","Duration of pain prior to presentation",">24 hours,6-24 hours,<6 hours","0,1,3","button","Nausea and vomiting","None,Nausea alone,Nausea and Vomiting","0,1,2","button","Haematuria on urine dipstick","Present,Absent","3,0","null","null","null","null","null","null","null","null","null","null","null","null","null","null","null","null","null","null","null","null","null","null","null","null","null","null","null","null","null","null","null","null","null","null","null","null","null","null","null","null","null","null","null","null","null","null","null","null","null","null","null","null","null","null","null","null","null","null","null","null","null","null","null","null","4","STONESCOREinfo","Hernandez N, Song Y, Noble VE, Eisner BH$$Predicting ureteral stones in emergency department patients with flank pain: an external validation of the STONE score. World journal of urology. 2016 Oct;34:1443-6$$https://link.springer.com/article/10.1007/s00345-016-1760-3££Shiboski S, Wang RC, Rodriguez RM, Moghadassi M, Noble V, Bailitz J, Mallin M, Corbo J, Kang TL, Chu P$$External Validation of the STONE Score, a Clinical Prediction Rule for Ureteral Stone: An Observational Multi-institutional Study$$https://www.sciencedirect.com/science/article/pii/S0196064415012007££Schoenfeld EM, Poronsky KE, Elia TR, Budhram GR, Garb JL, Mader TJ$$Validity of STONE scores in younger patients presenting with suspected uncomplicated renal colic. The American Journal of Emergency Medicine. 2016 Feb 1;34(2):230-4$$https://www.sciencedirect.com/science/article/pii/S0735675715009225££Kim B, Kim K, Kim J, Jo YH, Lee JH, Hwang JE, Park J$$External validation of the STONE score and derivation of the modified STONE score. The American Journal of Emergency Medicine. 2016 Aug 1;34(8):1567-72$$https://www.sciencedirect.com/science/article/pii/S0735675716301942££Moore CL, Bomann S, Daniels B, Luty S, Molinaro A, Singh D, Gross CP$$Derivation and validation of a clinical prediction rule for uncomplicated ureteral stone‚Äö√Ñ√Æthe STONE score: retrospective and prospective observational cohort studies. Bmj. 2014 Mar 26;348$$https://www.bmj.com/content/348/bmj.g2191.short","nil","points","Predicts likelihood of ureteral stone in uncomplicated patients with flank pain. Modified as does not include Race","MODIFIED STONE SCORE","All,Renal"
"button","Do you snore loudly?","Yes,No","1,0","button","Do you often feel tired, fatigued or sleepy during the daytime?","Yes,No","1,0","button","Has anyone observed you stop breathing during sleep?","Yes,No","1,0","button","Hypertension","Yes,No","1,0","button","BMI","≤35,>35","0,1","button","Age","≤50,>50","0,1","button","Neck circumference (cm)","≤40,>40","0,1","button","Gender","Male,Female","1,0","null","null","null","null","null","null","null","null","null","null","null","null","null","null","null","null","null","null","null","null","null","null","null","null","null","null","null","null","null","null","null","null","null","null","null","null","null","null","null","null","null","null","null","null","null","null","null","null","8","STOP-BANGinfo","Chung F, Yegneswaran B, Liao P, Chung SA, Vairavanathan S, Islam S, Khajehdehi A, Shapiro CM.$$STOP questionnaire: a tool to screen patients for obstructive sleep apnea. The Journal of the American Society of Anesthesiologists. 2008 May 1;108(5):812-21.$$https://pubs.asahq.org/anesthesiology/article-abstract/108/5/812/8377££Nagappa M, Liao P, Wong J, Auckley D, Ramachandran SK, Memtsoudis S, Mokhlesi B, Chung F.$$Validation of the STOP-Bang questionnaire as a screening tool for obstructive sleep apnea among different populations: a systematic review and meta-analysis. PloS one. 2015 Dec 14;10(12):e0143697.$$https://journals.plos.org/plosone/article?id=10.1371/journal.pone.0143697","nil","points","Screens for obstructive sleep apnea","STOP-BANG","All,GP,Resp"
"numerical","Sodium","mmol/L","0","numerical","Urea","mmol/L","0","numerical","Glucose","mmol/L","0","null","null","null","null","null","null","null","null","null","null","null","null","null","null","null","null","null","null","null","null","null","null","null","null","null","null","null","null","null","null","null","null","null","null","null","null","null","null","null","null","null","null","null","null","null","null","null","null","null","null","null","null","null","null","null","null","null","null","null","null","null","null","null","null","null","null","null","null","3","SERUMOSMOLALITYinfo","Siervo M, Bunn D, Prado CM, Hooper L.$$Accuracy of prediction equations for serum osmolarity in frail older people with and without diabetes. The American journal of clinical nutrition. 2014 Sep 1;100(3):867-76.$$https://academic.oup.com/ajcn/article-abstract/100/3/867/4576508££Glasser L, Sternglanz PD, Combie J, Robinson A.$$Serum osmolality and its applicability to drug overdose. American journal of clinical pathology. 1973 Nov 1;60(5):695-9.$$https://academic.oup.com/ajcp/article-abstract/60/5/695/1770734££Rasouli M.$$Basic concepts and practical equations on osmolality: biochemical approach. Clinical biochemistry. 2016 Aug 1;49(12):936-41.$$https://www.sciencedirect.com/science/article/pii/S0009912016300972","$ *2) + ($$) + ($$)","mOsm/kg","Calculates the expected serum osmolality to allow comparison to measured osmolality","SERUM OSMOLALITY","All,CriticalCare,Endo,Renal"
"button","Concordant ST elevation > 1mm in leads with a positive QRS complex","Yes,No","5,0","button","Concordant ST depression > 1 mm in V1-V3","Yes,No","3,0","button","Excessively discordant ST elevation (or depression) in leads with a negative QRS","Yes,No","2,0","null","null","null","null","null","null","null","null","null","null","null","null","null","null","null","null","null","null","null","null","null","null","null","null","null","null","null","null","null","null","null","null","null","null","null","null","null","null","null","null","null","null","null","null","null","null","null","null","null","null","null","null","null","null","null","null","null","null","null","null","null","null","null","null","null","null","null","null","3","SGARBOSSACRITERIAinfo","Sgarbossa EB, Pinski SL, Barbagelata A, Underwood DA, Gates KB, Topol EJ, Califf RM, Wagner GS$$Electrocardiographic diagnosis of evolving acute myocardial infarction in the presence of left bundle-branch block. New England Journal of Medicine. 1996 Feb 22;334(8):481-7$$https://www.nejm.org/doi/full/10.1056/nejm199602223340801££Smith SW, Dodd KW, Henry TD, Dvorak DM, Pearce LA$$Diagnosis of ST-elevation myocardial infarction in the presence of left bundle branch block with the ST-elevation to S-wave ratio in a modified Sgarbossa rule. Annals of emergency medicine. 2012 Dec 1;60(6):766-76$$https://www.sciencedirect.com/science/article/pii/S0196064412013686","nil","points","Criteria to diagnose acute MI in patients with prior LBBB.","SGARBOSSA CRITERIA","All,Cardio,Emergency,GP"
"button","Bowel movements per day","<4,4-5,≥6","1,2,3","button","Blood in stool","None or small amounts,Moderate,Grossly bloody","1,1.5,1.5","button","Temp ≥37.8°C","Yes,No","3,1","button","Pulse >90 bpm","Yes,No","3,1","button","Anaemia: Hb ≤105 g/L","Yes,No","3,1","button","ESR mm/hr",">30,≤30","3,1","null","null","null","null","null","null","null","null","null","null","null","null","null","null","null","null","null","null","null","null","null","null","null","null","null","null","null","null","null","null","null","null","null","null","null","null","null","null","null","null","null","null","null","null","null","null","null","null","null","null","null","null","null","null","null","null","6","TRUELOVEWITTSinfo","Sc T, Lj W.$$Cortisone in ulcerative colitis; final report on a therapeutic trial. British medical journal. 1955 Oct 1;2(4947):1041-8.$$https://europepmc.org/articles/pmc1981500?pdf=render££Jain S, Kedia S, Bopanna S, Yadav DP, Goyal S, Sahni P, Pal S, Dash NR, Makharia G, Travis SP, Ahuja V.$$Are Truelove and Witts criteria for diagnosing acute severe colitis relevant for the Indian population? A prospective study. Intestinal Research. 2018 Jan;16(1):69.$$https://www.ncbi.nlm.nih.gov/pmc/articles/PMC5797274/","TLW","%","Stratifies severity of Ulcerative Colitis","TRUELOVE WITTS","All,Gastro"
"button","Testicular swelling","Yes,No","2,0","button","Hard testicle","Yes,No","2,0","button","Absent cremasteric reflex","Yes,No","1,0","button","Nausea/vomiting","Yes,No","1,0","button","High riding testis","Yes,No","1,0","null","null","null","null","null","null","null","null","null","null","null","null","null","null","null","null","null","null","null","null","null","null","null","null","null","null","null","null","null","null","null","null","null","null","null","null","null","null","null","null","null","null","null","null","null","null","null","null","null","null","null","null","null","null","null","null","null","null","null","null","5","TWISTinfo","Manohar CS, Gupta A, Keshavamurthy R, Shivalingaiah M, Sharanbasappa BR, Singh VK$$Evaluation of Testicular Workup for Ischemia and Suspected Torsion score in patients presenting with acute scrotum. Urology Annals. 2018 Jan 1;10(1):20-3$$https://journals.lww.com/urol/fulltext/2018/10010/evaluation_of_testicular_workup_for_ischemia_and.4.aspx££Pan P$$Validation of the testicular workup for ischemia and suspected torsion (TWIST) score in the diagnosis of testicular torsion in children with acute scrotum. Indian pediatrics. 2020 Oct;57:926-8$$https://link.springer.com/article/10.1007/s13312-020-1992-6££Barbosa JA, de Freitas PF, Carvalho SA, Coelho AQ, Yorioka MA, Pereira MW, Borges LL, Srougi M, Nahas WC, Arap MA$$Validation of the TWIST score for testicular torsion in adults. International urology and nephrology. 2021 Jan;53:7-11$$https://link.springer.com/article/10.1007/s11255-020-02618-4££Barbosa JA, Tiseo BC, Barayan GA, Rosman BM, Torricelli FC, Passerotti CC, Srougi M, Retik AB, Nguyen HT$$Development and initial validation of a scoring system to diagnose testicular torsion in children. The Journal of urology. 2013 May;189(5):1859-64$$https://www.auajournals.org/doi/abs/10.1016/j.juro.2012.10.056","nil","points","Testicular workup for ischaemia and suspected torsion: Diagnosis of testicular torsion / indication for ultrasound","TWIST","All,Emergency,Renal"
"numerical","Bilirubin","µmol/L","0","numerical","INR","ratio","0","numerical","Creatinine","µmol/L","0","numerical","Sodium","mmol/L","0","null","null","null","null","null","null","null","null","null","null","null","null","null","null","null","null","null","null","null","null","null","null","null","null","null","null","null","null","null","null","null","null","null","null","null","null","null","null","null","null","null","null","null","null","null","null","null","null","null","null","null","null","null","null","null","null","null","null","null","null","null","null","null","null","4","UKELDinfo","Barber K, Madden S, Allen J, Collett D, Neuberger J, Gimson A.$$Elective liver transplant list mortality: development of a United Kingdom end-stage liver disease score. Transplantation. 2011 Aug 27;92(4):469-76.$$https://journals.lww.com/transplantjournal/fulltext/2011/08270/Elective_Liver_Transplant_List_Mortality_.14.aspx££Barber K, Madden S, Allen J, Collett D, Neuberger J, Gimson A.$$Elective liver transplant list mortality: development of a United Kingdom end-stage liver disease score. Transplantation. 2011 Aug 27;92(4):469-76.$$https://journals.lww.com/transplantjournal/fulltext/2011/08270/Elective_Liver_Transplant_List_Mortality_.14.aspx","UKELD","points","Predicts mortality in end-stage liver disease patients for transplant planning (UK)","UKELD","All,Gastro"
"numerical","Urine Sodium","mmol/L","0","numerical","Urine Potassium","mmol/L","0","numerical","Urine Chloride","mmol/L","0","null","null","null","null","null","null","null","null","null","null","null","null","null","null","null","null","null","null","null","null","null","null","null","null","null","null","null","null","null","null","null","null","null","null","null","null","null","null","null","null","null","null","null","null","null","null","null","null","null","null","null","null","null","null","null","null","null","null","null","null","null","null","null","null","null","null","null","null","3","URINEANIONGAPinfo","Goldstein MB, Bear R, Richardson RM, Marsden PA, Halperin ML$$The urine anion gap: a clinically useful index of ammonium excretion. The American journal of the medical sciences. 1986 Oct 1;292(4):198-202$$https://www.sciencedirect.com/science/article/pii/S0002962915368865££Kim GH, Han JS, Kim YS, Joo KW, Kim S, Lee JS$$Evaluation of urine acidification by urine anion gap and urine osmolal gap in chronic metabolic acidosis. American journal of kidney diseases. 1996 Jan 1;27(1):42-7$$https://www.sciencedirect.com/science/article/pii/S0272638696900293","$+$$-$$)","mmol/L","Detects urine acidosis for evaluation of non-gap metabolic acidosis","URINE ANION GAP","All,CriticalCare,Endo,Renal"
"button","Abnormal initial ECG: ST elevation / ST depression >0.5mm / Q waves / LVH / LBBB / Paced rhythm","Yes,No","1,0","button","Positive Troponin at 2 hours","Yes,No","1,0","button","Prior ACS / Nitrate use","Yes,No","1,0","button","Reproduction of chest pain on chest palpation","Yes,No","1,0","button","Age ≥50 years","Yes,No","1,0","button","Pain radiating to neck / jaw / left arm","Yes,No","1,0","null","null","null","null","null","null","null","null","null","null","null","null","null","null","null","null","null","null","null","null","null","null","null","null","null","null","null","null","null","null","null","null","null","null","null","null","null","null","null","null","null","null","null","null","null","null","null","null","null","null","null","null","null","null","null","null","6","VANCOUVERinfo","Cullen L, Greenslade JH, Than M, Brown AF, Hammett CJ, Lamanna A, Flaws DF, Chu K, Fowles LF, Parsonage WA$$The new Vancouver Chest Pain Rule using troponin as the only biomarker: an external validation study. The American journal of emergency medicine. 2014 Feb 1;32(2):129-34$$https://www.sciencedirect.com/science/article/pii/S073567571300692X££Scheuermeyer FX, Wong H, Yu E, Boychuk B, Innes G, Grafstein E, Gin K, Christenson J$$Development and validation of a prediction rule for early discharge of low-risk emergency department patients with potential ischemic chest pain. Canadian Journal of Emergency Medicine. 2014 Mar;16(2):106-19$$https://www.cambridge.org/core/journals/canadian-journal-of-emergency-medicine/article/development-and-validation-of-a-prediction-rule-for-early-discharge-of-lowrisk-emergency-department-patients-with-potential-ischemic-chest-pain/5971456B5FBEF93E8B1813C3E6CDF490","VANCOUVER","points","Identifies chest pain patients who are low risk and safe to discharge","VANCOUVER CHEST PAIN","All,Cardio,Emergency,GP"
"button","Active cancer / ≤6 months","Yes,No","1,0","button","Bedridden recently >3 days or major surgery within 12 weeks","Yes,No","1,0","button","Calf swelling >3 cm compared to the other leg","Yes,No","1,0","button","Collateral (non-varicose) superficial veins present","Yes,No","1,0","button","Entire leg swollen","Yes,No","1,0","button","Localised tenderness along the deep venous system","Yes,No","1,0","button","Pitting edema, confined to symptomatic leg","Yes,No","1,0","button","Paralysis, paresis, or recent plaster immobilization of the lower extremity","Yes,No","1,0","button","Previously documented DVT","Yes,No","1,0","button","Alternative diagnosis to DVT likely","Yes,No","-2,0","null","null","null","null","null","null","null","null","null","null","null","null","null","null","null","null","null","null","null","null","null","null","null","null","null","null","null","null","null","null","null","null","null","null","null","null","null","null","null","null","10","WELLSDVTinfo","Wells P, Hirsh J, Anderson D, Lensing AA, Foster G, Kearon C, Weitz J, D'Ovidio R, Cogo A, Prandoni P, Girolami A.$$Accuracy of clinical assessment of deep-vein thrombosis. The Lancet. 1995 May 27;345(8961):1326-30.$$https://www.sciencedirect.com/science/article/pii/S014067369592535X££Wells PS, Anderson DR, Bormanis J, Guy F, Mitchell M, Gray L, Clement C, Robinson KS, Lewandowski B.$$Value of assessment of pretest probability of deep-vein thrombosis in clinical management. The Lancet. 1997 Dec 20;350(9094):1795-8.$$https://www.sciencedirect.com/science/article/pii/S0140673697081403££Wells PS, Anderson DR, Rodger M, Forgie M, Kearon C, Dreyer J, Kovacs G, Mitchell M, Lewandowski B, Kovacs MJ.$$Evaluation of D-dimer in the diagnosis of suspected deep-vein thrombosis. New England Journal of Medicine. 2003 Sep 25;349(13):1227-35.$$https://www.nejm.org/doi/full/10.1056/NEJMoa023153££Scarvelis D, Wells PS.$$Diagnosis and treatment of deep-vein thrombosis. Cmaj. 2006 Oct 24;175(9):1087-92.$$https://www.cmaj.ca/content/175/9/1087.short","nil","points","Calculates risk of DVT based on clinical criteria","WELLS DVT","All,Emergency,GP,Haem,MSK"
"button","Clinical signs and symptoms of DVT","Yes,No","3,0","button","PE is most likely diagnosis","Yes,No","3,0","button","Heart rate > 100","Yes,No","1.5,0","button","Immobilisation at least 3 days OR surgery in the previous 4 weeks","Yes,No","1.5,0","button","Previous, objectively diagnosed PE or DVT","Yes,No","1.5,0","button","Haemoptysis","Yes,No","1,0","button","Active cancer / ≤6 months","Yes,No","1,0","null","null","null","null","null","null","null","null","null","null","null","null","null","null","null","null","null","null","null","null","null","null","null","null","null","null","null","null","null","null","null","null","null","null","null","null","null","null","null","null","null","null","null","null","null","null","null","null","null","null","null","null","7","WELLSPEinfo","Wells PS, Anderson DR, Rodger M, Stiell I, Dreyer JF, Barnes D, Forgie M, Kovacs G, Ward J, Kovacs MJ.$$Excluding pulmonary embolism at the bedside without diagnostic imaging: management of patients with suspected pulmonary embolism presenting to the emergency department by using a simple clinical model and d-dimer. Annals of internal medicine. 2001 Jul 17;135(2):98-107.$$https://www.acpjournals.org/doi/abs/10.7326/0003-4819-135-2-200107170-00010££Wolf SJ, McCubbin TR, Feldhaus KM, Faragher JP, Adcock DM.$$Prospective validation of Wells Criteria in the evaluation of patients with suspected pulmonary embolism. Annals of emergency medicine. 2004 Nov 1;44(5):503-10.$$https://www.sciencedirect.com/science/article/pii/S0196064404003385","nil","points","Calculates risk of PE based on clinical criteria","WELLS PE","All,Emergency,GP,Haem,Resp"
"button","Signs / Symptoms","Changes in behaviour with minimal change in level of consciousness,Gross disorientation / drowsiness / possibly asterixis / inappropriate behaviour,Marked confusion / incoherent speech / sleeping most of the time but arousable to vocal stimuli,Comatose / unresponsive to pain / decorticate or decerebrate posturing","1,2,3,4","null","null","null","null","null","null","null","null","null","null","null","null","null","null","null","null","null","null","null","null","null","null","null","null","null","null","null","null","null","null","null","null","null","null","null","null","null","null","null","null","null","null","null","null","null","null","null","null","null","null","null","null","null","null","null","null","null","null","null","null","null","null","null","null","null","null","null","null","null","null","null","null","null","null","null","null","1","WESTHAVENinfo","Hern Jr HG, Ortega RL, Sacchetti A, Strayer R.$$Hepatic Failure: An Evidence-Based Approach In The Emergency Department. Emergency Medicine Practice. 2010:2.$$https://emninja.org/wp-content/uploads/2021/03/Hepatic-Failure-EBM.pdf","nil","points","Defines criteria for the grades / stages of hepatic encephalopathy","WEST HAVEN CRITERIA","All,CriticalCare,Emergency,Gastro"
"button","SpO₂ / FiO₂ : (see additional info for FiO₂)","≥401,316-400,236-315,151-235,≤150","0,1,2,3,4","button","Scleral icterus / Jaundice present","Yes,No","3,0","button","Hypotension: MAP or vasopressor agent mcg/kg/min","No hypotension,MAP <70 mmHg,Dopamine ≤5 or Dobutamine (any dose),Dopamine >5 / Adrenaline ≤0.1 / Noradrenaline ≤0.1,Dopamine >15 / Adrenaline >0.1 / Noradrenaline >0.1","0,1,2,3,4","button","GCS: best in 24 hour period","15,13-14,10-12,6-9,≤5","0,1,2,3,4","button","Creatinine","<106µmol/L / <1.2mg/dL,106-168µmol/L / 1.2-1.9mg/dL,169-300µmol/L / 2.0-3.4mg/dL,301-433µmol/L / 3.5-4.9mg/dL,≥434µmol/L / ≥5mg/dL","0,1,2,3,4","null","null","null","null","null","null","null","null","null","null","null","null","null","null","null","null","null","null","null","null","null","null","null","null","null","null","null","null","null","null","null","null","null","null","null","null","null","null","null","null","null","null","null","null","null","null","null","null","null","null","null","null","null","null","null","null","null","null","null","null","5","mSOFAinfo","Rahmatinejad Z, Reihani H, Tohidinezhad F, Rahmatinejad F, Peyravi S, Pourmand A, Abu-Hanna A, Eslami S$$Predictive performance of the SOFA and mSOFA scoring systems for predicting in-hospital mortality in the emergency department. The American journal of emergency medicine. 2019 Jul 1;37(7):1237-41$$https://www.sciencedirect.com/science/article/pii/S073567571830740X££Grissom CK, Brown SM, Kuttler KG, Boltax JP, Jones J, Jephson AR, Orme JF$$A modified sequential organ failure assessment score for critical care triage. Disaster medicine and public health preparedness. 2010 Dec;4(4):277-84$$https://www.cambridge.org/core/journals/disaster-medicine-and-public-health-preparedness/article/modified-sequential-organ-failure-assessment-score-for-critical-care-triage/F210423E92C5B23D6AD203AB25D6EB0D","nil","points","Modified Sequential Organ Failure Assessment: predicts ICU mortality similar to SOFA but less variables","MSOFA","All,CriticalCare"
"button","GCS < 15","Yes,No","1,0","button","Respiratory rate ≥ 22","Yes,No","1,0","button","Systolic BP ≤100","Yes,No","1,0","null","null","null","null","null","null","null","null","null","null","null","null","null","null","null","null","null","null","null","null","null","null","null","null","null","null","null","null","null","null","null","null","null","null","null","null","null","null","null","null","null","null","null","null","null","null","null","null","null","null","null","null","null","null","null","null","null","null","null","null","null","null","null","null","null","null","null","null","3","QSOFAinfo","Seymour CW, Liu VX, Iwashyna TJ, Brunkhorst FM, Rea TD, Scherag A, Rubenfeld G, Kahn JM, Shankar-Hari M, Singer M, Deutschman CS.$$Assessment of clinical criteria for sepsis: for the Third International Consensus Definitions for Sepsis and Septic Shock (Sepsis-3). Jama. 2016 Feb 23;315(8):762-74.$$https://jamanetwork.com/journals/jama/article-abstract/2492875££Shankar-Hari M, Phillips GS, Levy ML, Seymour CW, Liu VX, Deutschman CS, Angus DC, Rubenfeld GD, Singer M.$$Developing a new definition and assessing new clinical criteria for septic shock: for the Third International Consensus Definitions for Sepsis and Septic Shock (Sepsis-3). Jama. 2016 Feb 23;315(8):775-87.$$https://jamanetwork.com/journals/jama/article-abstract/2492876££Freund Y, Lemachatti N, Krastinova E, Van Laer M, Claessens YE, Avondo A, Occelli C, Feral-Pierssens AL, Truchot J, Ortega M, Carneiro B.$$Prognostic accuracy of sepsis-3 criteria for in-hospital mortality among patients with suspected infection presenting to the emergency department. Jama. 2017 Jan 17;317(3):301-8.$$https://jamanetwork.com/journals/jama/article-abstract/2598268££Raith EP, Udy AA, Bailey M, McGloughlin S, MacIsaac C, Bellomo R, Pilcher DV.$$Prognostic accuracy of the SOFA score, SIRS criteria, and qSOFA score for in-hospital mortality among adults with suspected infection admitted to the intensive care unit. Jama. 2017 Jan 17;317(3):290-300.$$https://jamanetwork.com/journals/jama/article-abstract/2598267","nil","points","Identifies high-risk patients for in-hospital mortality with suspected infection","QSOFA","All,CriticalCare,Emergency"