"subjectID","subjectTitle","iconStyle","pdf","keywords","linked","references","favourite","subjectTagline"
"1","Abdominal Pain Assessment","1","AbdoPainAx","Gastroenterology Surgery abdomen IBD colitis appendicitis","DeterioratingPatientAx ChestPainAx FeverAx HaematuriaAx HaematemesisAx LowUrineOutputAx RectalBleedingAx AlcoholMx ConstipationMx HypercalcaemiaMx HyperglycaemiaMx IVFluidMx NauseaMx PainMx Sepsis6 VTEProphylaxis ABGAnalysis AKI AXR CXR ECG IVFluids NGTube AsciticFluidAnalysis UpperGIBleedMx DecompensatedCirrhosisMx OxygenDelivery ColitisMx AIRinfo ATLASSCORECDIFFinfo AlvaradoScoreinfo BISAPSCOREinfo CDAIinfo GLASGOW-IMRIEinfo HARVEY-BRADSHAWinfo MAYOSCOREinfo RomeIVIBSinfo SAAGinfo STONESCOREinfo TRUELOVEWITTSinfo TWISTinfo","Kopitnik N, Kashyap S, Dominique E 2025$$Acute abdomen$$https://www.ncbi.nlm.nih.gov/books/NBK459328/££Cartwright, S.L. and Knudson, M.P 2008$$Evaluation of acute abdominal pain in adults 2008$$https://www.aafp.org/pubs/afp/issues/2008/0401/p971.html££Wilkinson I, Raine T, Wiles, K, Hately P, Kelly D, Mcgurgan I. 2024$$Oxford Handbook of Clinical Medicine (11 edn) 2024$$https://academic.oup.com/book/56266","0","A-E assessment of abdominal pain, including advice on key signs and symptoms, useful investigations and potential diagnoses"
"2","Chest Pain Assessment","1","ChestPainAx","Emergency Cardiology Respiratory Medicine ACS STEMI NSTEMI heart","DeterioratingPatientAx AbdoPainAx FeverAx HaematemesisAx HaemoptysisAx SOBAx ACSMx AcuteAsthmaMx AnaphylaxisMx BradycardiaMx COPDExacerbationMx DVTPEMx HeartFailureMx NauseaMx PainMx PneumoniaMx OxygenDelivery PneumothoraxMx Sepsis6 TachycardiaMx TransfusionReactionMx VTEProphylaxis ABGAnalysis CXR ECG IVFluids MSKAnatomy 4PEPSinfo AGE-ADJUSTEDD-DIMERinfo BRUGADACRITERIAinfo CORRECTEDQTinfo CURB-65info SGARBOSSAMODIFIEDinfo VANCOUVERinfo WELLSPEinfo PleuralFluidAnalysis AFMx","National Institute for Health and Care Excellence$$Chest pain of recent onset: assessment and diagnosis (NICE Guideline CG95). 2016$$https://www.nice.org.uk/guidance/cg95££National Institute for Health and Care Excellence$$Acute coronary syndromes (NICE guideline NG185) 2020$$https://www.nice.org.uk/guidance/NG185££Wilkinson I, Raine T, Wiles, K, Hately P, Kelly D, Mcgurgan I. 2024$$Oxford Handbook of Clinical Medicine (11 edn) 2024 $$https://academic.oup.com/book/56266","0","A-E assessment of chest pain, including advice on key signs and symptoms, useful investigations and potential diagnoses"
"3","Confirming Death","1","ConfirmingDeath","Geriatrics Surgery Medicine RIP confirmation","DeterioratingPatientAx EndOfLifeMedications","Academy of medical royal colleges 2025$$A Code of Practice for the diagnosis and confirmation of death 2025$$https://www.aomrc.org.uk/wp-content/uploads/2025/01/Code_of_Practice_Diagnosis_of_Death_010125.pdf","0","Explains the process for confirming death"
"4","Confusion Assessment","1","ConfusionAx","Neurology Geriatrics Medicine dementia infection AMTS violent aggression","DeterioratingPatientAx FallsAx FeverAx HeadacheAx LowGCSAx StrokeAx AcuteSeizureMx AlcoholMx ConstipationMx HeadInjury HypercalcaemiaMx HypocalcaemiaMx HypoglycaemiaMx HypokalemiaMx HypomagnesemiaMx HyponatremiaMx HypophosphatemiaMx PainMx SedationMx Sepsis6 StrokeMx VTEProphylaxis ABGAnalysis CapacityConsent CSFAnalysis NeuroAnatomy NeuroExam 4ASDELERIUMinfo AMT-10info AMT-4info ANIONinfo ANIONCorrectedinfo AWOLSCOREinfo AbbeyPainScaleinfo CIWA-Arinfo GAD-7info GCSinfo GCSPUPILinfo HAMILTONANXIETYSCALEinfo HYPONATRAEMIANADEFICIT-ADULTinfo PAINADVANCEDDEMENTIAinfo PHQ-9info WESTHAVENinfo DecompensatedCirrhosisMx","National Institute for Health and Care Excellence 2023$$Delirium: prevention, diagnosis and management in hospital and long-term care NICE guideline CG103$$https://www.nice.org.uk/guidance/cg103/chapter/Recommendations 2023££National Institute for Health and Care Excellence 2018$$Dementia: assessment, management and support for people living with dementia and their carers NICE guideline NG97 2018$$https://www.nice.org.uk/guidance/ng97££Wilkinson I, Raine T, Wiles, K, Hately P, Kelly D, Mcgurgan I. 2024$$Oxford Handbook of Clinical Medicine (11 edn) 2024$$https://academic.oup.com/book/56266","0","A-E assessment of confusion, including advice on key signs and symptoms, useful investigations and potential diagnoses"
"5","Deteriorating Patient Assessment","1","DeterioratingPatientAx","Emergency Cardiology Neurology Respiratory Surgery Medicine Sepsis ACS  unwell highNEWS hypotension","AbdoPainAx ChestPainAx ConfirmingDeath ConfusionAx FeverAx HaematemesisAx LowGCSAx LowUrineOutputAx SOBAx StrokeAx ACSMx AcuteAsthmaMx AcuteSeizureMx ALS AnaphylaxisMx BradycardiaMx COPDExacerbationMx DVTPEMx EndOfLifeMedications HeadInjury HeartFailureMx IVFluidMx PainMx PneumoniaMx PneumothoraxMx Sepsis6 StrokeMx TachycardiaMx TransfusionReactionMx VTEProphylaxis ABGAnalysis AKI AXR CXR ECG IVFluids NeuroExam PleuralFluidAnalysis AsciticFluidAnalysis UpperGIBleedMx DecompensatedCirrhosisMx AFMx OxygenDelivery 4PEPSinfo AGEADJUSTEDCRPESRinfo AKINCLASSIFICATIONinfo ANIONinfo ANIONCorrectedinfo APACHEIISCOREinfo BUNinfo CKD-EPIinfo CLIF-CACLFinfo CREATININECLEARANCEinfo GCSinfo GCSPUPILinfo ISTHCRITERIAinfo KIDNEYFAILUREinfo LRINECinfo MAPinfo MEWSinfo NEWS2info mSOFAinfo QSOFAinfo","National Institute for Health and Care Excellence 2007$$Acutely ill adults in hospital: recognising and responding to deterioration NICE guideline CG50 2007$$https://www.nice.org.uk/guidance/cg50££Resuscitation Council UK 2021$$Adult advanced life support guidelines$$https://www.resus.org.uk/library/2021-resuscitation-guidelines/adult-advanced-life-support-guidelines££Wilkinson I, Raine T, Wiles, K, Hately P, Kelly D, Mcgurgan I. 2024$$Oxford Handbook of Clinical Medicine (11 edn) 2024$$https://academic.oup.com/book/56266","0","A-E assessment of the deteriorating patient, including advice on key signs and symptoms, useful investigations and potential diagnoses"
"6","Eye Assessment","1","OphthalmologyEx","Surgery eyes redeye conjunctivitis dryeye lossofvision visualdisturbance opticneuritis diplopia GCA acuity snellen ophthalmology","OphthalmologyMx ACR-EULARPMRinfo AGEADJUSTEDCRPESRinfo GCAinfo ROPERHALLinfo","The College of Optometrists 2022$$College of Optometrists Guidance for professional practice$$https://www.college-optometrists.org/clinical-guidance/guidance/knowledge,-skills-and-performance££National Institute for Health and Care Excellence 2021$$How should I assess someone with a red eye? 2021$$https://cks.nice.org.uk/topics/red-eye/diagnosis/diagnosis/","0","A-E assessment of the eye, including advice on key signs and symptoms, useful investigations and potential diagnoses"
"7","Falls Assessment","1","FallsAx","Fall Geriatric Trip Headinjury Fracture Collapse","ConfusionAx LowGCSAx PainfulLimbAx AcuteSeizureMx AlcoholMx BradycardiaMx CervicalSpineInjury HeadInjury INRMx Sepsis6 StrokeMx TachycardiaMx VTEProphylaxis ECG IVFluids MSKAnatomy MSKXray NeuroAnatomy NeuroExam 4ASDELERIUMinfo 6MINUTEWALKDISTANCEinfo MEWSinfo NEWS2info","National Institute for Health and Care Excellence 2007$$NICE Quality Standard QS86 Falls 2025$$https://www.nice.org.uk/guidance/qs86££National Institute for Health and Care Excellence 2007$$NICE Guideline NG 249 Falls: assessment and prevention in older people and in people 50 and over at higher risk 2025$$https://www.nice.org.uk/guidance/ng249","0","A-E assessment of a patient who has fall, including advice on key signs and symptoms, useful investigation and potential diagnoses"
"8","Fever Assessment","1","FeverAx","Emergency Microbiology Medicine Temperature sepsis infection febrile","DeterioratingPatientAx AbdoPainAx ChestPainAx ConfusionAx LowGCSAx SOBAx AcuteSeizureMx COPDExacerbationMx IVFluidMx NauseaMx PneumoniaMx Sepsis6 TachycardiaMx TransfusionReactionMx VTEProphylaxis ABGAnalysis CXR CSFAnalysis ECG Gentamicin JointAspirationAnalysis Teicoplanin Vancomycin GCSinfo GCSPUPILinfo PleuralFluidAnalysis AsciticFluidAnalysis DecompensatedCirrhosisMx 4ASDELERIUMinfo AGEADJUSTEDCRPESRinfo AIRinfo ALT-70info APACHEIISCOREinfo AlvaradoScoreinfo CENTORinfo CURB-65info FeverPAINinfo MAPinfo MEWSinfo NEWS2info PEDISinfo mSOFAinfo QSOFAinfo","National Institute for Health and Care Excellence$$Suspected sepsis: recognition, diagnosis and early management NICE guideline NG51 2024$$https://www.nice.org.uk/guidance/ng51££National Institute for Health and Care Excellence 2007$$Acutely ill adults in hospital: recognising and responding to deterioration NICE guideline CG50 2007$$https://www.nice.org.uk/guidance/cg50","0","A-E assessment of fever, including advice on key signs and symptoms, useful investigations and potential diagnoses"
"9","Haematuria Assessment","1","HaematuriaAx","Surgery Medicine bleeding renal uti blood","AbdoPainAx LowUrineOutputAx INRMx IVFluidMx TransfusionMx VTEProphylaxis AKI AXR ClottingProducts ECG IVFluids TransfusionConsent AKINCLASSIFICATIONinfo CKD-EPIinfo CREATININECLEARANCEinfo MEWSinfo NEWS2info STONESCOREinfo","Kaag M, Raman J 2016$$Clinical guidelines: Clearing murky water - a guideline-based approach to haematuria.$$https://pubmed.ncbi.nlm.nih.gov/27071454/££National Institute for Health and Care Excellence 2025$$Suspected cancer: recognition and referral NG12 2025$$https://www.nice.org.uk/guidance/ng12/chapter/Recommendations-organised-by-site-of-cancer££Wilkinson I, Raine T, Wiles, K, Hately P, Kelly D, Mcgurgan I. 2025$$Oxford Handbook of Clinical Medicine (11 edn) 2024$$https://academic.oup.com/book/56266","0","A-E assessment of haematuria, including advice on key signs and symptoms, useful investigations and potential diagnoses"
"10","Haematemesis Assessment","1","HaematemesisAx","Emergency Gastroenterology Medicine UGIB Liver bleeding varices melena","DeterioratingPatientAx AbdoPainAx ChestPainAx HaemoptysisAx RectalBleedingAx AlcoholMx EpistaxisMx INRMx IVFluidMx NauseaMx ParacetamolOverdoseMx TachycardiaMx TransfusionMx VTEProphylaxis ABGAnalysis AXR ClottingProducts ECG IVFluids TransfusionConsent CAGEQUESTIONNAIREinfo CHILD-PUGHinfo CLIF-CACLFinfo FORRESTinfo GLASGOWBLATCHFORDinfo HAS-BLEDScoreinfo MEWSinfo NEWS2info ROCKALLPOST-ENDOSCOPYinfo ROCKALLPRE-ENDOSCOPYinfo UKELDinfo AsciticFluidAnalysis UpperGIBleedMx DecompensatedCirrhosisMx","National Institute for Health and Care Excellence$$Acute upper gastrointestinal bleeding in over 16s: management 2016$$https://www.nice.org.uk/guidance/cg141/chapter/Recommendations££European Society of Gastrointestinal Endoscopy (ESGE) 2021$$Endoscopic diagnosis and management of nonvariceal upper gastrointestinal hemorrhage (NVUGIH) 2021$$https://www.esge.com/assets/downloads/pdfs/guidelines/2021_a_1369_5274.pdf","0","A-E assessment of haematemesis, including advice on key signs and symptoms, useful investigations and potential diagnoses"
"11","Haemoptysis Assessment","1","HaemoptysisAx","Respiratory Medicine bleeding cough smoking lungcancer pe pulmonaryembolism blood","ChestPainAx HaematemesisAx SOBAx COPDExacerbationMx DVTPEMx EpistaxisMx INRMx IVFluidMx PneumoniaMx PneumothoraxMx TachycardiaMx TransfusionMx VTEProphylaxis ABGAnalysis CXR ClottingProducts ECG IVFluids TransfusionConsent 4PEPSinfo AGE-ADJUSTEDD-DIMERinfo BAP-65SCOREinfo GOLDinfo CURB-65info LIGHT'SCRITERIAinfo MEWSinfo NEWS2info WELLSPEinfo UpperGIBleedMx","National Institute for Health and Care Excellence$$Lung and pleural cancers - recognition and referral 2025$$https://cks.nice.org.uk/topics/lung-pleural-cancers-recognition-referral/££Cordovilla, R, de Miguel E, Ares A., Povedano F, Ortega I, Merchán R. 2016. $$Diagnosis and treatment of hemoptysis. Archivos de Bronconeumología (English Edition) 2016$$https://www.archbronconeumol.org/en-diagnosis-treatment-hemoptysis-articulo-S1579212916300568","0","A-E assessment of haemoptysis, including advice on key signs and symptoms, useful investigations and potential diagnoses"
"12","Headache Assessment","1","HeadacheAx","Migraine meningitis SAH subarachnoid tension","OphthalmologyEx OphthalmologyMx ConfusionAx LowGCSAx StrokeAx AcuteSeizureMx AlcoholMx CervicalSpineInjury HeadInjury NauseaMx PainMx HeadacheMx VTEProphylaxis CSFAnalysis MSKAnatomy MSKXray NeuroAnatomy NeuroExam ACR-EULARPMRinfo AGEADJUSTEDCRPESRinfo GCAinfo NIHSSinfo OTTAWASAHRULEinfo","Headaches in over 12s: diagnosis and management CG150$$Headaches in over 12s: diagnosis and management 2025$$https://www.nice.org.uk/Guidance/CG150££Royal College of Emergency Medicine Learning $$Primary headahce 2022$$https://www.rcemlearning.co.uk/reference/primary-headache££British Association for Study of the Headache$$National headache management system for adults 2019$$https://bash.org.uk/wp-content/uploads/2023/02/01_BASHNationalHeadache_Management_SystemforAdults_2019_guideline_versi.pdf","0","A-E assessment of headache, including advice on key signs and symptoms, useful investigations and potential diagnoses"
"13","Leg Swelling Assessment","1","LegSwellingAx","Cardiology Orthopaedics Surgery Medicine heartfailure DVT oedema wells peripheral","PainfulLimbAx DVTPEMx HeartFailureMx INRMx PainMx VTEProphylaxis IVFluids JointAspirationAnalysis MSKAnatomy MSKXray VascularAnatomy AGE-ADJUSTEDD-DIMERinfo AKINCLASSIFICATIONinfo ALT-70info LRINECinfo NYHAinfo OTTAWAANKLEinfo OTTAWAKNEEinfo PEDISinfo WELLSDVTinfo WELLSPEinfo","Bristish Medical Journal Best Practice$$Assessment of Peripheral Oedema 2025$$https://bestpractice.bmj.com/topics/en-gb/609££National Institute for Health and Care Excellence$$What else could it be? 2025$$https://cks.nice.org.uk/topics/heart-failure-chronic/diagnosis/what-else-could-it-be/££National Institute for Health and Care Excellence$$NICE guideline NG38 Fractures (non-complex): assessment and management 2016$$https://www.nice.org.uk/guidance/ng38","0","A-E assessment of leg swelling, including advice on key signs and symptoms, useful investigations and potential diagnoses"
"14","Low GCS Assessment","1","LowGCSAx","Emergency Endocrinology Neurology Geriatrics Respiratory Medicine Coma confused glasgowcomascore drowsy headinjury","DeterioratingPatientAx ConfusionAx FallsAx FeverAx HeadacheAx StrokeAx AcuteSeizureMx AlcoholMx CervicalSpineInjury EndOfLifeMedications HeadInjury HypercalcaemiaMx HypocalcaemiaMx HypoglycaemiaMx HypokalemiaMx HypomagnesemiaMx HyponatremiaMx HypophosphatemiaMx ParacetamolOverdoseMx HeadacheMx SedationMx Sepsis6 StrokeMx TransfusionReactionMx VTEProphylaxis ABGAnalysis CapacityConsent CSFAnalysis ECG NeuroAnatomy NeuroExam NGTube AMT-10info AMT-4info AWOLSCOREinfo CIWA-Arinfo GCSinfo GCSPUPILinfo MAPinfo NIHSSinfo OTTAWASAHRULEinfo WESTHAVENinfo OxygenDelivery","National Institute for Health and Care Excellence$$NICE guideline NG232 Head injury: assessment and early management 2023$$https://www.nice.org.uk/guidance/ng232££Brennan P, Whittingham C, Deo Sinha V, Teasdale G$$Assessment of level of consciousness using Glasgow Coma Scale tools 2024$$https://www.bmj.com/content/384/bmj-2023-077538££National Institute for Health and Care Excellence$$NICE clinical guideline CG109 Transient loss of consciousness ('blackouts') in over 16s 2023$$https://www.nice.org.uk/Guidance/CG109","0","A-E assessment of a patient with low GCS score, including advice on key signs and symptoms, useful investigations and potential diagnoses"
"15","Low Urine Output Assessment","1","LowUrineOutputAx","Geriatrics Surgery Medicine renalfailure sepsis AKI acutekidneyinjury dehydration IV fluids","DeterioratingPatientAx AbdoPainAx HaematuriaAx IVFluidMx Sepsis6 VTEProphylaxis AKI AXR IVFluids AKINCLASSIFICATIONinfo BUNinfo CKD-EPIinfo CREATININECLEARANCEinfo FREEWATERDEFICITinfo KIDNEYFAILUREinfo MAPinfo SERUMOSMOLALITYinfo URINEANIONGAPinfo mSOFAinfo QSOFAinfo","The Renal Assocaition$$Clinical Practice Guideline Acute Kidney Injury (AKI) 2019$$https://www.ukkidney.org/sites/renal.org/files/FINAL-AKI-Guideline.pdf££National Institute for Health and Care Excellence$$NICE CKS How should I assess a person with acute kidney injury? 2023$$https://cks.nice.org.uk/topics/acute-kidney-injury/diagnosis/assessment/££National Institute for Health and Care Excellence$$Acute kidney injury: prevention, detection and management 2024$$https://www.nice.org.uk/guidance/ng148/chapter/Recommendations","0","A-E assessment of low urine output, including advice on key signs and symptoms, useful investigations and potential diagnoses"
"16","Painful Limb Assessment","1","PainfulLimbAx","Orthopaedics Surgery Fracture injury trauma gout dvt swelling arthritis","FallsAx LegSwellingAx DVTPEMx PainMx VTEProphylaxis JointAspirationAnalysis MSKAnatomy MSKXray NeuroAnatomy NeuroExam VascularAnatomy ACR-EULARPMRinfo ACR-EULARRAinfo ACUTEGOUTDIAGNOSISinfo ALT-70info BEIGHTONinfo LRINECinfo OTTAWAANKLEinfo OTTAWAKNEEinfo PEDISinfo WELLSDVTinfo WELLSPEinfo","National Institute for Health and Care Excellence$$NICE guideline NG38 Fractures (non-complex): assessment and management 2016$$https://www.nice.org.uk/guidance/ng38££British Orthopaedic Association$$NICE Trauma and Orthopaedic Guidelines 2025$$https://www.boa.ac.uk/standards-guidance/guidance/nice-trauma-and-orthopaedic-guidelines.html££National Institute for Health and Care Excellence$$NICE CKS How should I assess a suspected sprain or strain? 2020$$https://cks.nice.org.uk/topics/sprains-strains/diagnosis/assessment/","0","A-E assessment of a painful limb, including advice on key signs and symptoms, useful investigations and potential diagnoses"
"17","Rectal Bleeding Assessment","1","RectalBleedingAx","Gastroenterology Surgery PRbleeding rectalcancer IBD colitis haemorrhoids","AbdoPainAx HaematemesisAx ConstipationMx INRMx IVFluidMx VTEProphylaxis AXR ClottingProducts IVFluids TransfusionConsent ATLASSCORECDIFFinfo CDAIinfo HARVEY-BRADSHAWinfo HAS-BLEDScoreinfo MAYOSCOREinfo TRUELOVEWITTSinfo ColitisMx","British Society of Gastroenterology$$Diagnosis and management of acute lower gastrointestinal bleeding: guidelines from the British Society of Gastroenterology 2019$$https://www.bsg.org.uk/getattachment/6d80aa64-9d11-4923-8789-a2e9b08502ef/gutjnl-2018-317807.pdf?lang=en-US££National Institute for Health and Care Excellence$$Gastrointestinal tract (lower) cancers - recognition and referral | Health topics A to Z | CKS | NICE 2025$$https://cks.nice.org.uk/topics/gastrointestinal-tract-lower-cancers-recognition-referral/££Crohn's and Colitis UK$$Lower GI Primary Care Diagnostic Pathway (adult) 2025$$https://crohnsandcolitis.org.uk/media/1wilooje/lower-gi-primary-care-diagnostic-pathway-adult-pdf.pdf","0","A-E assessment of rectal bleeding, including advice on key signs and symptoms, useful investigations and potential diagnoses"
"18","SOB Assessment","1","SOBAx","Emergency Cardiology Respiratory Medicine shortnessofbreath asthma copd lowsaturations pneumonia PE pulmonary emoblism sputum","DeterioratingPatientAx ChestPainAx FeverAx HaemoptysisAx AcuteAsthmaMx AnaphylaxisMx COPDExacerbationMx DVTPEMx HeartFailureMx PneumoniaMx PneumothoraxMx Sepsis6 TransfusionReactionMx VTEProphylaxis ABGAnalysis CXR ECG 4PEPSinfo AGE-ADJUSTEDD-DIMERinfo BAP-65SCOREinfo GOLDinfo CURB-65info FeverPAINinfo LIGHT'SCRITERIAinfo MEWSinfo NEWS2info NYHAinfo PEFRinfo PackYearsCalcinfo STOP-BANGinfo PleuralFluidAnalysis AFMx OxygenDelivery","National Institute for Health and Care Excellence$$NICE CKS Breathlessness – symptom assessment and management 2024$$https://cks.nice.org.uk/topics/breathlessness/££British Medical Journal Best Practice$$Assessment of Dyspnoea 2025$$https://bestpractice.bmj.com/topics/en-gb/862","0","A-E assessment of shortness of breath, including advice on key signs and symptoms, useful investigations and potential diagnoses"
"19","Stroke Assessment","1","StrokeAx","Emergency Neurology Geriatrics Medicine CVA NIHSS weakness todds TIA thrombolysis thrombectomy","DeterioratingPatientAx ConfusionAx HeadacheAx LowGCSAx AcuteSeizureMx INRMx StrokeMx VTEProphylaxis CapacityConsent CXR CSFAnalysis ECG IVFluids NeuroAnatomy NeuroExam NGTube 4ASDELERIUMinfo 6MINUTEWALKDISTANCEinfo ABCD2info AWOLSCOREinfo CHA2DS2-VAScScoreinfo GCSinfo GCSPUPILinfo HAS-BLEDScoreinfo NIHSSinfo MODIFIEDRANKINinfo WESTHAVENinfo AFMx","National Institute for Health and Care Excellence$$NICE Guideline NG128 Stroke and TIA in over 16s: diagnosis and initial management 2022$$https://www.nice.org.uk/guidance/ng128££Intercollegiate Stroke Working Party$$National Clinical Guideline for Stroke for the UK and Ireland 2023$$https://www.strokeguideline.org/contents/?_gl=1*qn7jg6*_up*MQ..*_ga*NzUyMDU5OTU2LjE3NTE3MzgxOTA.*_ga_EE3BZMVLRT*czE3NTE3MzgxODkkbzEkZzAkdDE3NTE3MzgxODkkajYwJGwwJGgw££National Institute of Neurological Disorders and Stroke$$NIH Stroke Scale 2024$$https://www.ninds.nih.gov/sites/default/files/documents/NIH-Stroke-Scale_updatedFeb2024_508.pdf","0","A-E assessment of suspected stroke, including advice on key signs and symptoms, useful investigations and potential diagnoses"
"20","ACS Management","2","ACSMx","Emergency Cardiology Medicine STEMI NSTEMI heart angina failure troponin chest pain cardiac","DeterioratingPatientAx ChestPainAx BradycardiaMx TachycardiaMx ABGAnalysis CXR ECG BRUGADACRITERIAinfo CORRECTEDQTinfo NYHAinfo SGARBOSSAMODIFIEDinfo VANCOUVERinfo OxygenDelivery","National Institute for Health and Care Excellence/British Thoracic Society$$NICE Guideline NG185 Acute coronary syndromes 2020$$https://www.nice.org.uk/guidance/ng185££American College of Cardiology/American Heart Association Joint Committee$$Guideline for the Management of Patients With Acute Coronary Syndromes: A Report of the American College of Cardiology/American Heart Association Joint Committee on Clinical Practice Guidelines 2025$$https://www.ahajournals.org/doi/10.1161/CIR.0000000000001309?utm_campaign=sciencenews24-25&utm_source=science-news&utm_medium=phd-link&utm_content=phd-02-27-25££European Society of Cardiology$$ESC Guidelines for the management of acute coronary syndromes 2023$$https://www.escardio.org/Guidelines/Clinical-Practice-Guidelines/Acute-Coronary-Syndromes-ACS-Guidelines","0","A-E assessment of suspected acute coronary syndrome, including advice on key signs and symptoms, useful investigations and potential diagnoses"
"21","Acute Asthma Management","2","AcuteAsthmaMx","Emergency Respiratory Medicine shortnessofbreath wheeze","DeterioratingPatientAx ChestPainAx SOBAx COPDExacerbationMx PneumothoraxMx ABGAnalysis CXR CURB-65info PEFRinfo OxygenDelivery","National Institute for Health and Care Excellence$$NICE guideline NG245 Asthma: diagnosis, monitoring and chronic asthma management (BTS, NICE, SIGN) 2024$$https://www.nice.org.uk/guidance/NG245££Royal College of Emergency Medicine Learning $$Treatment of acute asthma in Adults 2024$$https://www.rcemlearning.co.uk/modules/asthma-in-adults/lessons/treatment-of-acute-asthma-in-adults/££National Institute for Health and Care Excellence$$NICE CKS Asthma: Management 2025$$https://cks.nice.org.uk/topics/asthma/management/","0","Evidence based management strategy for acute asthma"
"22","Acute Seizure Management","2","AcuteSeizureMx","Emergency Neurology Medicine fit epilepsy headinjury status epilepticus pseudo","DeterioratingPatientAx ConfusionAx FallsAx FeverAx HeadacheAx LowGCSAx StrokeAx AlcoholMx HypercalcaemiaMx HypocalcaemiaMx HypoglycaemiaMx HypomagnesemiaMx HyponatremiaMx HypophosphatemiaMx ECG NeuroAnatomy NeuroExam CIWA-Arinfo GCSinfo GCSPUPILinfo MEWSinfo NEWS2info OxygenDelivery","The Walton Centre NHS Foundation Trust$$Status Epilepticus Guidelines 2020$$https://www.thewaltoncentre.nhs.uk/download/status-epilepticus-guidelines-july-2020-needs-updating-from-intranetpdf.pdf?ver=6773&amp%3Bdoc=docm93jijm4n2914££National Institute for Health and Care Excellence$$NICE guideline NG217 Epilepsies in children, young people and adults 2022$$https://www.nice.org.uk/guidance/ng217££National Institute for Health and Care Excellence$$NICE CKS Epilepsy: Management 2025$$https://cks.nice.org.uk/topics/epilepsy/management/","0","Evidence based management strategy for seizures"
"23","AF Management","2","AFMx","Cardiology Medicine atrialfibrillation tachycardia palpitations fastaf irregular","DeterioratingPatientAx ChestPainAx SOBAx StrokeAx HeartFailureMx HypercalcaemiaMx HyperkalemiaMx HypocalcaemiaMx HypokalemiaMx HypomagnesemiaMx IVFluidMx StrokeMx TachycardiaMx VTEProphylaxis ECG BRUGADACRITERIAinfo CHA2DS2-VAScScoreinfo CORRECTEDQTinfo SGARBOSSAMODIFIEDinfo","National Institute for Health and Care Excellence$$NICE guideline NG196 Atrial fibrillation: diagnosis and management 2021$$https://www.nice.org.uk/guidance/ng196££European sSociety of Cardiology$$ESC Guidelines for the management of atrial fibrillation 2024$$https://www.escardio.org/Guidelines/Clinical-Practice-Guidelines/Atrial-Fibrillation££National Institute for Health and Care Excellence$$NICE CKS Atrial Fibrillation: Management 2025$$https://cks.nice.org.uk/topics/atrial-fibrillation/management/","0","Evidence based management strategy for atrial fibirillation"
"24","Alcohol Withdrawal Management","2","AlcoholMx","Gastroenterology Medicine liver etoh seizure cirrhosis ETOH delirium tremens detoxification cholrdiazepoxide CIWA","AbdoPainAx ConfusionAx FallsAx HaematemesisAx HeadacheAx LowGCSAx AcuteSeizureMx NauseaMx ParacetamolOverdoseMx NeuroAnatomy NeuroExam 4ASDELERIUMinfo APRIinfo AUDIT-Cinfo BISAPSCOREinfo CAGEQUESTIONNAIREinfo CHILD-PUGHinfo CIWA-Arinfo CLIF-CACLFinfo FIB-4info GAD-7info GLASGOW-IMRIEinfo HAMILTONANXIETYSCALEinfo LILLEMODELinfo MADDREY'Sinfo MELD-NAinfo MUSTinfo PHQ-9info ROCKALLPOST-ENDOSCOPYinfo ROCKALLPRE-ENDOSCOPYinfo SAAGinfo UKELDinfo WESTHAVENinfo UpperGIBleedMx DecompensatedCirrhosisMx","National Institute for Health and Care Excellence$$NICE clinical guideline CG100 Alcohol-use disorders: diagnosis and management of physical complications 2017$$https://www.nice.org.uk/guidance/cg100££British Medical Journal Best Practice$$Alcohol Withdrawal 2023$$https://bestpractice.bmj.com/topics/en-gb/3000096££Royal College of Psychiatrists$$Our invisible addicts 2018$$https://www.rcpsych.ac.uk/docs/default-source/improving-care/better-mh-policy/college-reports/college-report-cr211.pdf","0","Evidence based management strategy for alcohol withdrawal"
"25","ALS","2","ALS","Emergency Cardiology Surgery Medicine cardiacarrest CPR resuscitation","DeterioratingPatientAx AnaphylaxisMx BradycardiaMx TachycardiaMx TransfusionReactionMx ABGAnalysis ECG MEWSinfo NEWS2info SGARBOSSAMODIFIEDinfo OxygenDelivery","Resuscitation Council UK$$Adult Advance Life Support Guidelines 2021$$https://www.resus.org.uk/library/2021-resuscitation-guidelines/adult-advanced-life-support-guidelines","0","Flowchart for managing cardiac arrest, including possible causes and post ROSC care"
"26","Anaphylaxis Management","2","AnaphylaxisMx","Emergency Medicine allergicreaction ALS wheeze rash allergy","DeterioratingPatientAx ChestPainAx SOBAx ALS TransfusionReactionMx ABGAnalysis CXR ECG OxygenDelivery MEWSinfo NEWS2info","Resuscitation Council UK$$Emergency treatment of anaphylactic reactions: Guidelines for healthcare providers 2021$$https://www.resus.org.uk/library/additional-guidance/guidance-anaphylaxis/emergency-treatment££National Institute for Health and Care Excellence$$NICE CKS Angio-oedma and anaphylaxis: How should I diagnose anaphylaxis 2024$$https://cks.nice.org.uk/topics/angio-oedema-anaphylaxis/diagnosis/diagnosis-of-anaphylaxis/££National Institute for Health and Care Excellence$$NICE CG134 Anaphylaxis: assessment and referral after emergency treatment 2020$$https://www.nice.org.uk/Guidance/CG134","0","Evidence based management strategy for anaphylaxis"
"27","Bradycardia Management","2","BradycardiaMx","Emergency Cardiology Medicine heartblock syncope ALS collapse slow","DeterioratingPatientAx ChestPainAx FallsAx ACSMx ALS TachycardiaMx ABGAnalysis CXR ECG IVFluids CORRECTEDQTinfo MAPinfo MEWSinfo NEWS2info","Resuscitation Council UK$$Adult bradycardia algorithm 2021$$https://www.resus.org.uk/sites/default/files/2021-04/Bradycardia Algorithm 2021.pdf££British Medical Journal Best Practice$$Bradycardia 2024$$https://bestpractice.bmj.com/topics/en-gb/832££Royal College of Emergency Medicine Learning$$Bradycardias 2020$$https://www.rcemlearning.co.uk/reference/bradycardia/","0","Flowchart for managing bradycardia"
"28","Cervical Spine Injury","2","CervicalSpineInjury","Emergency Orthopaedics Radiology Surgery neck trauma head injury neck paralysis RTC RTA","FallsAx HeadacheAx LowGCSAx HeadInjury MSKAnatomy MSKXray NeuroAnatomy NeuroExam BEIGHTONinfo GCSinfo GCSPUPILinfo OTTAWASAHRULEinfo","National Institute for Health and Care Excellence$$NICE guidline NG232 Head injury: assessment and early management 2023$$https://www.nice.org.uk/guidance/ng232££National Institute for Health and Care Excellence$$NICE guideline NG41 Spinal injury: assessment and initial management 2016$$https://www.nice.org.uk/guidance/NG41/chapter/recommendations££British Medical Journal Best Practice$$Acute cervical spine trauma in adults 2025$$https://bestpractice.bmj.com/topics/en-gb/3000128","0","Evidence based guidelines on the investigation and imaging of cervical spine injuries"
"29","Colitis Management","2","ColitisMx","Emergency Gastroenterology Surgery Medicine IBD abdominalpain Crohns ulcerativecolitis rectal bleeding","DeterioratingPatientAx AbdoPainAx RectalBleedingAx ALS HypercalcaemiaMx HyperkalemiaMx HypocalcaemiaMx HypokalemiaMx HypomagnesemiaMx HyponatremiaMx HypophosphatemiaMx IVFluidMx NauseaMx Sepsis6 AKI AXR IVFluids RefeedingSyndrome ATLASSCORECDIFFinfo CDAIinfo HARVEY-BRADSHAWinfo MAYOSCOREinfo MEWSinfo NEWS2info RomeIVIBSinfo TRUELOVEWITTSinfo","British Society of Gastroenterology$$British Society of Gastroenterology guidelines on inflammatory bowel disease in adults 2025$$https://www.bsg.org.uk/clinical-resource/bsg-guidelines-on-ibd-in-adults-2025££National Institute for Health and Care Excellence$$NICE guideline NG130 Ulcerative colitis: management 2019$$https://www.nice.org.uk/guidance/ng130££European Crohn's and Colitis Organisation$$ECCO Guidelines on Therapeutics in Crohn’s Disease: Medical Treatment 2024$$https://academic.oup.com/ecco-jcc/article/18/10/1531/7693895?searchresult=1","0","Evidence based management strategy for colitis"
"30","Constipation Management","2","ConstipationMx","Gastroenterology Geriatrics Medicine opiates IBS irritablebowelsyndrome","AbdoPainAx ConfusionAx RectalBleedingAx HypercalcaemiaMx HyperkalemiaMx HypocalcaemiaMx HypokalemiaMx HypomagnesemiaMx HyponatremiaMx HypophosphatemiaMx IVFluidMx NauseaMx PainMx AXR 4ASDELERIUMinfo RomeIVIBSinfo","British Society of Gastroenterology$$BSG Guidelines on the Management of Irritable Bowel Syndrome 2021$$https://gut.bmj.com/content/70/7/1214££National Institute for Health and Care Excellence$$NICE CKS Constipation 2024$$https://cks.nice.org.uk/topics/constipation/management/££British Medical Journal Best Practice$$Constipation 2025$$https://bestpractice.bmj.com/topics/en-gb/154","0","Evidence based management strategy for constipation"
"31","COPD Exacerbation Management","2","COPDExacerbationMx","Respiratory Medicine wheeze T2RF chronicobstructivepulmonarydisease cough sputum smoking","DeterioratingPatientAx ChestPainAx FeverAx HaemoptysisAx SOBAx AcuteAsthmaMx PneumoniaMx PneumothoraxMx Sepsis6 ABGAnalysis CXR OxygenDelivery BAP-65SCOREinfo GOLDinfo CURB-65info MEWSinfo NEWS2info PackYearsCalcinfo","National Institute for Health and Care Excellence$$NICE Quality Standard QS10 Chronic obstructive pulmonary disease in adults 2023$$https://www.nice.org.uk/guidance/QS10££National Institute for Health and Care Excellence$$NICE guideline NG115 Chronic obstructive pulmonary disease in over 16s: diagnosis and management 2019$$https://www.nice.org.uk/guidance/ng115££Global Initiative for Chronic Obstructive Lung Disease$$Global Strategy for Prevention, Diagnosis and Management of COPD report 2025$$https://goldcopd.org/2025-gold-report/","0","Evidence based management strategy for chornic obstructive pulmonary disease exacerbations"
"32","Decompensated Cirrhosis Management","2","DecompensatedCirrhosisMx","Emergency Gastroenterology Medicine Liver encephalopathy jaundice ascites bleeding yellow","DeterioratingPatientAx AbdoPainAx ConfusionAx HaematemesisAx HaemoptysisAx AlcoholMx ALS IVFluidMx NauseaMx VTEProphylaxis AKI AXR ClottingProducts IVFluids APRIinfo AUDIT-Cinfo CAGEQUESTIONNAIREinfo CHILD-PUGHinfo CIWA-Arinfo CLIF-CACLFinfo FIB-4info GLASGOWALCOHOLICHEPATITISinfo CALCIUMCORRECTIONHYPOALBUMINinfo LILLEMODELinfo MADDREY'Sinfo MELD-NAinfo MEWSinfo MUSTinfo NEWS2info SAAGinfo UKELDinfo WESTHAVENinfo AsciticFluidAnalysis UpperGIBleedMx","European Asoociation for Study of the Liver$$EASL Clinical Practice Guidelines for the management of patients with decompensated cirrhosis 2018$$https://easl.eu/wp-content/uploads/2018/10/decompensated-cirrhosis-English-report.pdf££British Society of Gastroenterology$$Decompensated Cirrhosis Care Bundle - First 24 Hours 2014$$https://www.bsg.org.uk/getattachment/52859c42-4d4b-431a-8fa3-f6773b2479b5/BSG-BASL-Decompensated-Cirrhosis-Care-Bundle-First-24-Hours.pdf?lang=en-US££British Society of Gastroenterology$$Best Practice Guidance: outpatient management of cirrhosis – part 2: decompensated cirrhosis 2023$$https://fg.bmj.com/content/14/6/462","0","Evidence based guidance on the investigation and management of decompensated cirrhosis"
"33","DVT / PE Management","2","DVTPEMx","Emergency Haematology Respiratory Surgery Medicine legswelling shortnessofbreath chestpain clot SOB legpain","DeterioratingPatientAx ChestPainAx HaemoptysisAx LegSwellingAx PainfulLimbAx SOBAx INRMx PainMx TachycardiaMx VTEProphylaxis ABGAnalysis CXR VascularAnatomy 4PEPSinfo ADJUSTEDBODYWEIGHTinfo AGE-ADJUSTEDD-DIMERinfo ALT-70info HAS-BLEDScoreinfo WELLSDVTinfo WELLSPEinfo","National Institute for Health and Care Excellence$$NICE guideline NG158 Venous thromboembolic diseases: diagnosis, management 2023$$https://www.nice.org.uk/guidance/ng158££European Society of Cardiology$$Guidelines on Acute Pulmonary Embolism (Diagnosis and Management of) 2019$$https://www.escardio.org/Guidelines/Clinical-Practice-Guidelines/Acute-Pulmonary-Embolism-Diagnosis-and-Management-of££National Institute for Health and Care Excellence$$NICE CKS Deep Vein Thrombosis 2025$$https://cks.nice.org.uk/topics/deep-vein-thrombosis/","0","Evidence based management strategy for pulmonary emobolism and deep vein thrombosis"
"34","End Of Life Medications","2","EndOfLifeMedications","Emergency Surgery palliativecare prn justincase dying palliation syringe driver","DeterioratingPatientAx ConfirmingDeath LowGCSAx GCSinfo GCSPUPILinfo mSOFAinfo QSOFAinfo","National Institute for Health and Care Excellence$$NICE Guideline NG31 Care of dying adults in the last days of life 2015$$https://www.nice.org.uk/guidance/ng31££British National Formulary$$Prescribing in Palliative Care 2025$$https://bnf.nice.org.uk/medicines-guidance/prescribing-in-palliative-care/££Health Improvement Scotland$$Scottish Palliative Care Guidelines 2025$$https://rightdecisions.scot.nhs.uk/scottish-palliative-care-guidelines/","0","Commonly used medications in palliative situations"
"35","Epistaxis Management","2","EpistaxisMx","Geriatrics Medicine nosebleed ENT","HaematemesisAx HaemoptysisAx INRMx IVFluidMx NauseaMx PainMx TransfusionMx VTEProphylaxis ClottingProducts HAS-BLEDScoreinfo","National Institute for Health and Care Excellence$$NICE CKS Epistaxis (nosebleeds): Management 2024$$https://cks.nice.org.uk/topics/epistaxis-nosebleeds/management/££British Medical Journal Best Practice$$Epistaxis 2023$$https://bestpractice.bmj.com/topics/en-gb/3000173££American Academy of Otolarynology$$Clinical Practice Guideline: Nosebleed (Epistaxis) 2020$$https://aao-hnsfjournals.onlinelibrary.wiley.com/doi/10.1177/0194599819890327","0","Evidence based management strategy for epistaxis"
"36","Head Injury","2","HeadInjury","Emergency Neurology Orthopaedics Radiology Surgery Medicine Cthead trauma","DeterioratingPatientAx ConfusionAx FallsAx HeadacheAx LowGCSAx CervicalSpineInjury INRMx NauseaMx PainMx CapacityConsent MSKAnatomy MSKXray NeuroAnatomy NeuroExam AMT-10info AMT-4info AWOLSCOREinfo GCSinfo GCSPUPILinfo OTTAWASAHRULEinfo","National Institute for Health and Care Excellence$$NICE guidline NG232 Head injury: assessment and early management 2023$$https://www.nice.org.uk/guidance/ng232££National Institute for Health and Care Excellence$$NICE CKS Scenario: Head Injury 2021$$https://cks.nice.org.uk/topics/head-injury/management/head-injury/££British Medical Association$$Head injury: assessment and early management—summary of updated NICE guidance 2023$$https://www.bmj.com/content/381/bmj.p1130","0","Evidence based guidance on the investigation and monitoring of patients with head injuries"
"37","Heart Failure Management","2","HeartFailureMx","Cardiology Medicine CCF pulmonaryoedema shortnessofbreath peripheraloedema LVF decompensated","DeterioratingPatientAx ChestPainAx LegSwellingAx SOBAx IVFluidMx ABGAnalysis CXR ECG PleuralFluidAnalysis AsciticFluidAnalysis OxygenDelivery MEWSinfo NEWS2info","National Institute for Health and Care Excellence$$NICE Guideline NG106 Chronic heart failure in adults: diagnosis and management 2018$$https://www.nice.org.uk/guidance/ng106££European Society of Cardiology$$ESC Guidelines for the diagnosis and treatment of acute and chronic heart failure 2021$$https://www.escardio.org/Guidelines/Clinical-Practice-Guidelines/Acute-and-Chronic-Heart-Failure££National Institute for Health and Care Excellence$$NICE CKS Heart Failure - Chronic: Management 2025$$https://cks.nice.org.uk/topics/heart-failure-chronic/management/","0","Evidence based management strategy for decompensated heart failure"
"38","Hypercalcaemia Management","2","HypercalcaemiaMx","Endocrinology Gastroenterology Medicine electrolytes calcium high","AbdoPainAx ConfusionAx LowGCSAx AcuteSeizureMx ConstipationMx HyperglycaemiaMx HyperkalemiaMx HypocalcaemiaMx HypoglycaemiaMx HypokalemiaMx HypomagnesemiaMx HyponatremiaMx HypophosphatemiaMx IVFluidMx ECG IVFluids RefeedingSyndrome 4ASDELERIUMinfo CALCIUMCORRECTIONHYPOALBUMINinfo URINEANIONGAPinfo","National Institute for Health and Care Excellence$$NICE CKS Hypercalcaemia – acute management 2021$$https://cks.nice.org.uk/topics/hypercalcaemia/££Society for Endocrinology Endocrine Emergency Guidance 2016$$Emergency management of acute hypercalcaemia in adult patients 2016$$https://www.endocrinology.org/media/4277/emergency-guidance_acute-hypercalcaemia-in-adults.pdf££NHS Greater Glasgow and Clyde$$Management of Hypercalcaemia 2023$$https://handbook.ggcmedicines.org.uk/guidelines/electrolyte-disturbances/management-of-hypercalcaemia/","0","Evidence based management strategy of high calcium levels"
"39","Hyperglycaemia Management","2","HyperglycaemiaMx","Endocrinology Gastroenterology Medicine diabetes DKA HHS insulin high glucose","AbdoPainAx HypercalcaemiaMx HyperkalemiaMx HypocalcaemiaMx HypoglycaemiaMx HypokalemiaMx HypomagnesemiaMx HyponatremiaMx HypophosphatemiaMx NauseaMx Sepsis6 Insulin IVFluids RefeedingSyndrome FIB-4info HYPONATRAEMIANADEFICIT-ADULTinfo PEDISinfo SODIUMCORRECTIONinfo SERUMOSMOLALITYinfo URINEANIONGAPinfo","National Institute for Health and Care Excellence$$NICE CKS When should I suspect a hyperglycaemic emergency? 2025$$https://cks.nice.org.uk/topics/diabetes-type-2/diagnosis/when-to-suspect-hyperglycaemic-emergencies-dka-hhs/££British National Formulary$$Diabetic hyperglycaemic emergencies 2025$$https://bnf.nice.org.uk/treatment-summaries/diabetic-hyperglycaemic-emergencies/££National Institute for Health and Care Excellence$$NICE CKS Scenario: Management of adults with type 1 diabetes 2024$$https://cks.nice.org.uk/topics/diabetes-type-1/management/management-adults/","0","Evidence based management strategy of high glucose levels"
"40","Hyperkalemia Management","2","HyperkalemiaMx","Endocrinology Gastroenterology Medicine potassium electrolytes AKI high","ConstipationMx HypercalcaemiaMx HyperglycaemiaMx HypocalcaemiaMx HypoglycaemiaMx HypokalemiaMx HypomagnesemiaMx HyponatremiaMx HypophosphatemiaMx NauseaMx TachycardiaMx ECG IVFluids RefeedingSyndrome ANIONinfo ANIONCorrectedinfo BUNinfo BRUGADACRITERIAinfo CKD-EPIinfo CREATININECLEARANCEinfo FREEWATERDEFICITinfo SERUMOSMOLALITYinfo URINEANIONGAPinfo","UK Kidney Association$$Clinical Practice Guidelines Treatment of Acute Hyperkalaemia in Adults 2023$$https://www.ukkidney.org/sites/default/files/FINAL VERSION - UKKA CLINICAL PRACTICE GUIDELINE - MANAGEMENT OF HYPERKALAEMIA IN ADULTS - 191223_0.pdf££British National Formulary$$Hyperkalemia 2025$$https://bnf.nice.org.uk/treatment-summaries/hyperkalaemia/££British Medical Journal Best Practice$$Hyperkalemia in Adults 2023$$https://bestpractice.bmj.com/topics/en-gb/3000318","0","Evidence based management strategy of high potassium levels"
"41","Hypocalcaemia Management","2","HypocalcaemiaMx","Endocrinology Gastroenterology Medicine calcium electrolytes refeedingsyndrome low","ConfusionAx LowGCSAx AcuteSeizureMx ConstipationMx HypercalcaemiaMx HyperglycaemiaMx HyperkalemiaMx HypoglycaemiaMx HypokalemiaMx HypomagnesemiaMx HyponatremiaMx HypophosphatemiaMx NauseaMx ECG IVFluids RefeedingSyndrome CALCIUMCORRECTIONHYPOALBUMINinfo MUSTinfo","British Medical Journal Best Practice$$Assessment of hypocalcaemia 2025$$https://bestpractice.bmj.com/topics/en-gb/160££Gloucestershire Hospitals NHS Foundation Trust$$Hypocalcaemia 2021$$https://www.gloshospitals.nhs.uk/media/documents/Hypocalcaemia.pdf££British National Formulary$$Calcium Imbalance 2025$$https://bnf.nice.org.uk/treatment-summaries/calcium-imbalance/","0","Evidence based management strategy of low calcium levels"
"42","Hypoglycaemia Management","2","HypoglycaemiaMx","Endocrinology Gastroenterology Medicine coma diabetic seizure refeedingsyndrome glucose low BM","ConfusionAx LowGCSAx AcuteSeizureMx HypercalcaemiaMx HyperglycaemiaMx HyperkalemiaMx HypocalcaemiaMx HypokalemiaMx HypomagnesemiaMx HyponatremiaMx HypophosphatemiaMx NauseaMx Insulin IVFluids RefeedingSyndrome CLIF-CACLFinfo GCSinfo GCSPUPILinfo KINGSCRITERIAinfo MUSTinfo URINEANIONGAPinfo","British National Formulary$$Hypoglycaemia 2025$$https://bnf.nice.org.uk/treatment-summaries/hypoglycaemia/££National Institute for Health and Care Excellence$$NICE CKS When should I suspect hypoglycaemia in a person with type 2 diabetes? 2025$$https://cks.nice.org.uk/topics/diabetes-type-2/diagnosis/when-to-suspect-hypoglycaemia/££Diabetes UK$$Algorithm for the Management of Hypoglycaemia in Adults with Diabetes in Hospital 2022$$https://www.diabetes.org.uk/sites/default/files/2022-03/JBDS_Hypo_Algorithm March 2022.pdf","0","Evidence based management strategy of low glucose levels"
"43","Hypokalemia Management","2","HypokalemiaMx","Endocrinology Gastroenterology Medicine potassium electrolytes low refeedingsyndrome","ConfusionAx LowGCSAx ConstipationMx HypercalcaemiaMx HyperglycaemiaMx HyperkalemiaMx HypocalcaemiaMx HypoglycaemiaMx HypomagnesemiaMx HyponatremiaMx HypophosphatemiaMx TachycardiaMx ECG IVFluids RefeedingSyndrome ANIONinfo ANIONCorrectedinfo BRUGADACRITERIAinfo MUSTinfo SERUMOSMOLALITYinfo","National Institute for Health and Care Excellence$$NICE CKS Hypokalemia 2025$$https://cks.nice.org.uk/topics/hypokalaemia/££Gloucestershire Hospitals NHS Foundation Trust$$Guideline for the Management of Hypokalaemia in Adults 2023$$https://www.gloshospitals.nhs.uk/media/documents/Hypokalaemia_9DYirkN.pdf££British National Formulary$$Fluids and electrolytes 2025$$https://bnf.nice.org.uk/treatment-summaries/fluids-and-electrolytes/","0","Evidence based management strategy of low potassium levels"
"44","Hypomagnesemia Management","2","HypomagnesemiaMx","Endocrinology Gastroenterology Medicine Magnesium electrolytes refeedingsyndrome low","ConfusionAx LowGCSAx AcuteSeizureMx ConstipationMx HypercalcaemiaMx HyperglycaemiaMx HyperkalemiaMx HypocalcaemiaMx HypoglycaemiaMx HypokalemiaMx HyponatremiaMx HypophosphatemiaMx TachycardiaMx ECG IVFluids RefeedingSyndrome MUSTinfo","Health Improvement Scotland Right Decision Service$$Hypomagnesaemia 2022$$https://rightdecisions.scot.nhs.uk/tam-treatments-and-medicines-nhs-highland/adult-therapeutic-guidelines/fluid-and-electrolytes/treatment-of-low-electrolytes/hypomagnesaemia-guidelines/££British National Formulary$$Magnesium Imbalance 2025$$https://bnf.nice.org.uk/treatment-summaries/magnesium-imbalance/££British National Formulary$$Fluids and electrolytes 2025$$https://bnf.nice.org.uk/treatment-summaries/fluids-and-electrolytes/","0","Evidence based management strategy of low magnesium levels"
"45","Hyponatremia Management","2","HyponatremiaMx","Endocrinology Gastroenterology Medicine sodium electrolytes refeedingsyndrome low SIADH","ConfusionAx LowGCSAx AcuteSeizureMx ConstipationMx HypercalcaemiaMx HyperglycaemiaMx HyperkalemiaMx HypocalcaemiaMx HypoglycaemiaMx HypokalemiaMx HypomagnesemiaMx HypophosphatemiaMx IVFluidMx IVFluids RefeedingSyndrome FREEWATERDEFICITinfo HYPONATRAEMIANADEFICIT-ADULTinfo MUSTinfo SODIUMCORRECTIONinfo SERUMOSMOLALITYinfo","European Society of Endocrinology$$European Society of Endocrinology Clinical guideline for the management of hyponatraemia 2014$$https://www.ese-hormones.org/publications/directory/ese-clinical-guideline-for-the-management-of-hyponatraemia/££National Institute for Health and Care Excellence$$NICE CKS Hyponatremia 2020$$https://cks.nice.org.uk/topics/hyponatraemia/££Adrogue H, Tucker B, Madias N$$Diagnosis and Management of Hyponatremia a Review 2022$$https://jamanetwork.com/journals/jama/article-abstract/2794358","0","Evidence based management strategy of low sodium levels"
"46","Hypophosphatemia Management","2","HypophosphatemiaMx","Endocrinology Gastroenterology Medicine Phosphate electrolytes refeedingsyndrome low","ConfusionAx LowGCSAx AcuteSeizureMx ConstipationMx HypercalcaemiaMx HyperglycaemiaMx HyperkalemiaMx HypocalcaemiaMx HypoglycaemiaMx HypokalemiaMx HypomagnesemiaMx HyponatremiaMx ECG IVFluids RefeedingSyndrome MUSTinfo","Health Improvement Scotland Right Decision Service$$Hypophosphataemia 2021$$https://rightdecisions.scot.nhs.uk/tam-treatments-and-medicines-nhs-highland/adult-therapeutic-guidelines/fluid-and-electrolytes/treatment-of-low-electrolytes/hypophosphataemia-guidelines/££Gloucestershire Hospitals NHS Foundation Trust$$Hypophosphataemia 2017$$https://www.gloshospitals.nhs.uk/healthcare-professionals/treatment-guidelines/hypophosphataemia-adults/££British National Formulary$$Phosphate Imbalance 2025$$https://bnf.nice.org.uk/treatment-summaries/phosphate-imbalance/","0","Evidence based management strategy of low phosphate levels"
"47","INR Management","2","INRMx","Haematology Surgery Medicine warfarin clotting bleeding haemorrhage anticoagulation vitamink","FallsAx HaematuriaAx HaematemesisAx HaemoptysisAx LegSwellingAx RectalBleedingAx StrokeAx DVTPEMx EpistaxisMx HeadInjury VTEProphylaxis ClottingProducts AGE-ADJUSTEDD-DIMERinfo CLIF-CACLFinfo HAS-BLEDScoreinfo WELLSDVTinfo WELLSPEinfo","National Institute for Health and Care Excellence$$NICE CKS Scenario: Warfarin 2025$$https://cks.nice.org.uk/topics/anticoagulation-oral/management/warfarin/££American Society of Hematology$$American Society of Hematology 2018 guidelines for management of venous thromboembolism: optimal management of anticoagulation therapy 2018$$https://ashpublications.org/bloodadvances/article/2/22/3257/16107/American-Society-of-Hematology-2018-guidelines-for££British National Formulary$$Oral anticoagulants 2025$$https://bnf.nice.org.uk/treatment-summaries/oral-anticoagulants/","0","Algorithm for initiating and monitoring anticoagulation with warfarin"
"48","IV Fluid Management","2","IVFluidMx","Emergency Gastroenterology Surgery Medicine sepsis dehydration fluids nacl hartmanns","DeterioratingPatientAx AbdoPainAx FeverAx HaematuriaAx HaematemesisAx HaemoptysisAx LowUrineOutputAx RectalBleedingAx ConstipationMx EpistaxisMx HeartFailureMx HypercalcaemiaMx HyponatremiaMx NauseaMx Sepsis6 TachycardiaMx IVFluids ADJUSTEDBODYWEIGHTinfo AKINCLASSIFICATIONinfo ANIONinfo ANIONCorrectedinfo BMIinfo BSAinfo BUNinfo CKD-EPIinfo CREATININECLEARANCEinfo FREEWATERDEFICITinfo HYPONATRAEMIANADEFICIT-ADULTinfo IDEALBODYWEIGHTinfo KIDNEYFAILUREinfo MAPinfo MEWSinfo NEWS2info SODIUMCORRECTIONinfo SERUMOSMOLALITYinfo URINEANIONGAPinfo","National Institute for Health and Care Excellence$$NICE Clinical Guideline CG174 Intravenous fluid therapy in adults in hospital 2017$$https://www.nice.org.uk/guidance/cg174££British National Formulary$$Guidance on Intravenous Infusions 2025$$https://bnf.nice.org.uk/medicines-guidance/guidance-on-intravenous-infusions/££Health Improvement Scotland Right Decision Service$$Guidance for Intravenous fluid and electrolyte prescription in adults 2023$$https://rightdecisions.scot.nhs.uk/nhs-borders-clinical-guidelines/drugs-and-therapeutics/guidance-for-intravenous-fluid-and-electrolyte-prescription-in-adults/","0","Evidence based guidance on the management of intravenous fluids"
"49","Nausea Management","2","NauseaMx","Gastroenterology Geriatrics Surgery Medicine antiemetics vomiting sick pallitaivecare","AbdoPainAx ChestPainAx FeverAx HaematemesisAx HeadacheAx AlcoholMx ConstipationMx EpistaxisMx HeadInjury HyperglycaemiaMx HyperkalemiaMx HypocalcaemiaMx HypoglycaemiaMx IVFluidMx PainMx ParacetamolOverdoseMx AXR NGTube","British Medical Journal Best Practice$$Assessment of nausea and vomiting, adults 2025$$https://bestpractice.bmj.com/topics/en-gb/631££National Institute for Health and Care Excellence$$NICE CKS Palliative care - nausea and vomiting 2025$$https://cks.nice.org.uk/topics/palliative-care-nausea-vomiting/££British National Formulary$$Nausea and labyrinth disorders 2025$$https://bnf.nice.org.uk/treatment-summaries/nausea-and-labyrinth-disorders/","0","Evidence based management strategy for nausea"
"50","Ophthalmology Management","2","OphthalmologyMx","Surgery eyes redeye conjunctivitis dryeye lossofvision visualdisturbance opticneuritis diplopia GCA acuity snellen ophthalmology","OphthalmologyEx AGEADJUSTEDCRPESRinfo GCAinfo ROPERHALLinfo","The College of Optometrists 2022$$College of Optometrists Clinical Management Guidelines 2025$$https://www.college-optometrists.org/clinical-guidance/clinical-management-guidelines££The College of Optometrists 2022$$Guidance for professional practice$$https://www.college-optometrists.org/clinical-guidance/guidance/knowledge,-skills-and-performance££National Institute for Health and Care Excellence 2021$$How should I assess someone with a red eye? 2021 $$https://cks.nice.org.uk/topics/red-eye/diagnosis/diagnosis/","0","Evidence based guidance on the investigation and management of common conditions affecting the eye"
"51","Pain Management","2","PainMx","Orthopaedics Geriatrics Surgery Medicine Analgesia relief opiate paracetamol discomfort","DeterioratingPatientAx AbdoPainAx ChestPainAx ConfusionAx HeadacheAx LegSwellingAx PainfulLimbAx ConstipationMx DVTPEMx EpistaxisMx HeadInjury NauseaMx PneumothoraxMx HeadacheMx MSKAnatomy MSKXray AWOLSCOREinfo AbbeyPainScaleinfo BPSinfo PAINADVANCEDDEMENTIAinfo","National Institute for Health and Care Excellence$$NICE guideline NG193 Chronic pain (primary and secondary) in over 16s: assessment 2021$$https://www.nice.org.uk/guidance/ng193££The British Pain Society$$Guidelines for Pain Management Programmes for Adults 2021$$https://www.britishpainsociety.org/static/uploads/resources/files/PMP_guidelines_8QD8FJF.pdf££British National Formulary$$Pain, chronic 2025$$https://bnf.nice.org.uk/treatment-summaries/pain-chronic/","0","Evidence based management strategy for pain"
"52","Paracetamol Overdose Management","2","ParacetamolOverdoseMx","Emergency Gastroenterology Medicine NAC liver failure","HaematemesisAx LowGCSAx AlcoholMx NauseaMx ABGAnalysis ClottingProducts KINGSCRITERIAinfo MDIinfo WESTHAVENinfo","Toxbase$$Paracetamol 2025$$https://www.toxbase.org/login/?ReturnUrl=/££British Medical Journal Best Practice$$Paracetamol overdose in adults 2025$$https://bestpractice.bmj.com/topics/en-gb/3000110££NHS Lanarkshire$$SNAP 12-hour N-acetylcysteine regimen for treatment of Paracetamol OD 2020$$https://rightdecisions.scot.nhs.uk/media/1525/acetylcysteine-snap-protocol-for-treatment-of-paracetamol-overdose.pdf","0","Evidence based management strategy for paracetamol overdose"
"53","Pneumonia Management","2","PneumoniaMx","Respiratory Medicine LRTI chest sepsis sputum cough fever SOB","DeterioratingPatientAx ChestPainAx FeverAx HaemoptysisAx SOBAx COPDExacerbationMx Sepsis6 ABGAnalysis CXR PleuralFluidAnalysis OxygenDelivery GOLDinfo CURB-65info LIGHT'SCRITERIAinfo MEWSinfo NEWS2info PackYearsCalcinfo","National Institute for Health and Care Excellence$$NICE Clinical Guideline CG191 Pneumonia in adults: diagnosis and management 2023$$https://www.nice.org.uk/guidance/cg191££National Institute for Health and Care Excellence$$NICE CKS Scenario: Community-acquired pneumonia 2025$$https://cks.nice.org.uk/topics/chest-infections-adult/management/community-acquired-pneumonia/££Cilloniz C, Torres A, Niederman M.$$Management of pneumonia in critically ill patients 2021$$https://www.bmj.com/content/375/bmj-2021-065871","0","Evidence based management strategy for pneumonia"
"54","Pneumothorax Management","2","PneumothoraxMx","Emergency Respiratory Medicine tension shortnessofbreath chestpain chestdrain pleural","DeterioratingPatientAx ChestPainAx HaemoptysisAx SOBAx AcuteAsthmaMx COPDExacerbationMx PainMx TachycardiaMx ABGAnalysis CXR OxygenDelivery MEWSinfo NEWS2info","British Thoracic Society$$British Thoracic Society Guideline for pleural disease 2023$$https://thorax.bmj.com/content/78/Suppl_3/s1££British Medical Journal Best Practice$$Pneumothorax 2024$$https://bestpractice.bmj.com/topics/en-gb/3000083££Brown S, Ball E, Perrin K et al$$Conservative versus Interventional Treatment for Spontaneous Pneumothorax 2020$$https://www.nejm.org/doi/full/10.1056/NEJMoa1910775","0","Evidence based management strategy for pneumothorax"
"55","Primary Headache Management","2","HeadacheMx","Neurology Medicine migraine tension","HeadacheAx LowGCSAx PainMx ClottingProducts CSFAnalysis NeuroAnatomy NeuroExam ACR-EULARPMRinfo OTTAWASAHRULEinfo","Headaches in over 12s: diagnosis and management CG150$$Headaches in over 12s: diagnosis and management 2025$$https://www.nice.org.uk/Guidance/CG150££Royal College of Emergency Medicine Learning $$Primary headache 2022$$https://www.rcemlearning.co.uk/reference/primary-headache££British Association for Study of the Headache$$National Headache Management System for Adults 2019$$https://bash.org.uk/wp-content/uploads/2023/02/01_BASHNationalHeadache_Management_SystemforAdults_2019_guideline_versi.pdf","0","Evidence based management strategy for primary headache"
"56","Sedation Management","2","SedationMx","Neurology Geriatrics Medicine agitation psychosis epilepsy confusion rapid tranquilisation","ConfusionAx LowGCSAx CapacityConsent NeuroAnatomy NeuroExam 4ASDELERIUMinfo AMT-10info AMT-4info AWOLSCOREinfo GCSinfo GCSPUPILinfo MEWSinfo NEWS2info","National Institute for Health and Care Excellence$$NICE Guideline NG10 Violence and aggression: short-term management in mental health, health and community settings 2015$$https://www.nice.org.uk/guidance/ng10££National Institute for Health and Care Excellence$$NICE Clinical Guideline CG103 Delirium: prevention, diagnosis and management in hospital and long-term care 2023$$https://www.nice.org.uk/Guidance/CG103££National Institute for Health and Care Excellence$$NICE CKS Delirium: Management 2023$$https://cks.nice.org.uk/topics/delirium/management/management/","0","Overview of different types of sedation and general management advice"
"57","Sepsis 6","2","Sepsis6","Emergency Microbiology Surgery Medicine infection detriorating rash septicaemia fever","DeterioratingPatientAx AbdoPainAx ChestPainAx ConfusionAx FallsAx FeverAx LowGCSAx LowUrineOutputAx SOBAx COPDExacerbationMx HyperglycaemiaMx IVFluidMx PneumoniaMx TachycardiaMx ABGAnalysis AKI Gentamicin IVFluids Teicoplanin Vancomycin 4ASDELERIUMinfo AGEADJUSTEDCRPESRinfo ALT-70info AMT-10info AMT-4info APACHEIISCOREinfo AWOLSCOREinfo CENTORinfo FeverPAINinfo ISTHCRITERIAinfo LRINECinfo MAPinfo MEWSinfo NEWS2info PEDISinfo mSOFAinfo QSOFAinfo PleuralFluidAnalysis DecompensatedCirrhosisMx ColitisMx OxygenDelivery","National Institute for Health and Care Excellence$$NICE Guideline NG51 Sepsis: recognition, diagnosis and early management 2024$$https://www.nice.org.uk/guidance/ng51££National Institute for Health and Care Excellence$$NICE CKS Sepsis: Management$$https://cks.nice.org.uk/topics/sepsis/management/management/££The UK Sepsis Trust$$Clinical Tools 2025$$https://sepsistrust.org/healthcare-professionals/clinical-tools/","0","Information on sedation strategies for use in aggressive patients or insomnia"
"58","Stroke Management","2","StrokeMx","Emergency Neurology Medicine NIHSS CVA TIA disability weakness","DeterioratingPatientAx ConfusionAx FallsAx LowGCSAx StrokeAx NeuroAnatomy NeuroExam NGTube 6MINUTEWALKDISTANCEinfo ABCD2info CHA2DS2-VAScScoreinfo MEWSinfo NEWS2info NIHSSinfo MODIFIEDRANKINinfo","National Institute for Health and Care Excellence$$NICE Guideline NG 128 Stroke and TIA in over 16s: diagnosis and initial management 2022$$https://www.nice.org.uk/guidance/ng128££Intercollegiate Stroke Working Party$$National Clinical Guideline for Stroke for the UK and Ireland 2023$$https://www.strokeguideline.org/contents/?_gl=1*qn7jg6*_up*MQ..*_ga*NzUyMDU5OTU2LjE3NTE3MzgxOTA.*_ga_EE3BZMVLRT*czE3NTE3MzgxODkkbzEkZzAkdDE3NTE3MzgxODkkajYwJGwwJGgw££National Institute of Neurological Disorders and Stroke$$NIH Stroke Scale 2024$$https://www.ninds.nih.gov/sites/default/files/documents/NIH-Stroke-Scale_updatedFeb2024_508.pdf","0","Evidence based management strategy for stroke"
"59","Tachycardia Management","2","TachycardiaMx","Emergency Cardiology Medicine palpitations syncope fast ALS SVT AF","DeterioratingPatientAx ChestPainAx FallsAx FeverAx HaematemesisAx HaemoptysisAx ACSMx ALS BradycardiaMx DVTPEMx HyperkalemiaMx HypokalemiaMx HypomagnesemiaMx IVFluidMx PneumothoraxMx Sepsis6 TransfusionReactionMx ABGAnalysis CXR ECG IVFluids 4PEPSinfo BRUGADACRITERIAinfo CHA2DS2-VAScScoreinfo CORRECTEDQTinfo MEWSinfo NEWS2info SGARBOSSAMODIFIEDinfo WELLSPEinfo AFMx","Resuscitation Council UK$$Adult Tachycardia 2021$$https://www.resus.org.uk/sites/default/files/2021-04/Tachycardia Algorithm 2021.pdf££Royal College of Emergency Medicine Learning $$Tachycardias in the Resuscitation Room 2023$$https://www.rcemlearning.co.uk/reference/tachycardias-in-the-resuscitation-room/££British Medical Journal Best Practice$$Assessment of tachycardia 2025$$https://bestpractice.bmj.com/topics/en-gb/830","0","Flowchart on the management of tachycardia"
"60","Transfusion Indication","2","TransfusionMx","Haematology Surgery Medicine blood anaemia bleeding haemorrhage red","HaematuriaAx HaematemesisAx HaemoptysisAx EpistaxisMx TransfusionReactionMx TransfusionConsent FORRESTinfo GLASGOWBLATCHFORDinfo ROCKALLPOST-ENDOSCOPYinfo ROCKALLPRE-ENDOSCOPYinfo","National Institute for Health and Care Excellence$$NICE Guideline NG24 Blood transfusion 2015$$https://www.nice.org.uk/guidance/ng24/chapter/recommendations££British Society for Haematology$$Haematological management of major haemorrhage 2023$$https://b-s-h.org.uk/guidelines/guidelines/haematological-management-of-major-haemorrhage-2022££Joint United Kingdom (UK) Blood Transfusion and Tissue Transplantation Services Professional Advisory Committee$$Transfusion guidelines 2025$$https://www.transfusionguidelines.org/","0","Guidance on the transfusion of blood and blood products"
"61","Transfusion Reaction Management","2","TransfusionReactionMx","Emergency Haematology Medicine anyphylaxis blood products haemorrhage","DeterioratingPatientAx ChestPainAx FeverAx LowGCSAx SOBAx ALS AnaphylaxisMx TachycardiaMx TransfusionMx ABGAnalysis CXR ECG TransfusionConsent MEWSinfo NEWS2info OxygenDelivery","British Society for Haematology$$Guideline on the investigation and management of acute transfusion reactions 2023$$https://b-s-h.org.uk/guidelines/guidelines/guideline-on-the-investigation-and-management-of-acute-transfusion-reactions££National Institute for Health and Care Excellence$$Nice Guideline NG24 Blood transfusion 2015$$https://www.nice.org.uk/guidance/ng24/chapter/recommendations££British Medical Journal Best Practice$$Transfusion Reaction 2025$$https://bestpractice.bmj.com/topics/en-gb/1048","0","Flowchart describing key steps in the management of a suspected transfusion reaction"
"62","Upper GI Bleed Management","2","UpperGIBleedMx","Emergency Gastroenterology Haematology Medicine haematemesis liver haemorrhage OGD varices ulcer melena blood UGIB","DeterioratingPatientAx AbdoPainAx HaematemesisAx HaemoptysisAx AlcoholMx ALS INRMx IVFluidMx NauseaMx TransfusionMx TransfusionReactionMx AKI AXR ClottingProducts IVFluids TransfusionConsent VascularAnatomy APRIinfo AUDIT-Cinfo CAGEQUESTIONNAIREinfo CHILD-PUGHinfo FORRESTinfo GLASGOWBLATCHFORDinfo MELD-NAinfo MEWSinfo NEWS2info ROCKALLPOST-ENDOSCOPYinfo ROCKALLPRE-ENDOSCOPYinfo UKELDinfo WESTHAVENinfo DecompensatedCirrhosisMx","National Institute for Health and Care Excellence$$Acute upper gastrointestinal bleeding in over 16s: management 2016$$https://www.nice.org.uk/guidance/cg141/chapter/Recommendations££European Society of Gastrointestinal Endoscopy (ESGE) 2021$$Endoscopic diagnosis and management of nonvariceal upper gastrointestinal hemorrhage (NVUGIH): European Society of Gastrointestinal Endoscopy (ESGE) Guideline– Update 2021$$https://www.esge.com/assets/downloads/pdfs/guidelines/2021_a_1369_5274.pdf££European Society of Gastrointestinal Endoscopy (ESGE) 2022$$Endoscopic diagnosis and management of esophagogastric variceal hemorrhage 2022$$https://www.esge.com/assets/downloads/pdfs/guidelines/2022_a-1939-4887.pdf","0","Evidence based management strategy for upper gastrointestinal bleeding"
"63","VTE Prophylaxis","2","VTEProphylaxis","Haematology Orthopaedics Surgery Medicine LMWH thromboprophylaxis clots heparin DVT PE","DeterioratingPatientAx AbdoPainAx ChestPainAx ConfusionAx FallsAx FeverAx HaematuriaAx HaematemesisAx HaemoptysisAx HeadacheAx LegSwellingAx LowGCSAx LowUrineOutputAx PainfulLimbAx RectalBleedingAx SOBAx StrokeAx DVTPEMx EpistaxisMx INRMx VascularAnatomy ADJUSTEDBODYWEIGHTinfo AGE-ADJUSTEDD-DIMERinfo BMIinfo CHA2DS2-VAScScoreinfo HAS-BLEDScoreinfo IDEALBODYWEIGHTinfo","National Institute for Health and Care Excellence$$NICE guideline NG158 Venous thromboembolic diseases: diagnosis, management 2023$$https://www.nice.org.uk/guidance/ng158££National Institute for Health and Care Excellence$$NICE CKS Deep Vein Thrombosis 2025$$https://cks.nice.org.uk/topics/deep-vein-thrombosis/££European Society of Cardiology$$Guidelines on Acute Pulmonary Embolism (Diagnosis and Management of) 2019$$https://www.escardio.org/Guidelines/Clinical-Practice-Guidelines/Acute-Pulmonary-Embolism-Diagnosis-and-Management-of","0","Considerations and risk assessment of patients requiring venous thromboembolism prophylaxis"
"64","ABG Analysis","3","ABGAnalysis","Emergency Respiratory Medicine arterialbloodgas VBG alkalosis acidosis","DeterioratingPatientAx AbdoPainAx ChestPainAx ConfusionAx FeverAx HaematemesisAx HaemoptysisAx LowGCSAx SOBAx ACSMx AcuteAsthmaMx ALS AnaphylaxisMx BradycardiaMx COPDExacerbationMx DVTPEMx HeartFailureMx ParacetamolOverdoseMx PneumoniaMx PneumothoraxMx Sepsis6 TachycardiaMx TransfusionReactionMx CXR ECG 4PEPSinfo ANIONinfo ANIONCorrectedinfo BAP-65SCOREinfo GOLDinfo CURB-65info MEWSinfo NEWS2info SERUMOSMOLALITYinfo URINEANIONGAPinfo mSOFAinfo QSOFAinfo UpperGIBleedMx OxygenDelivery","Cowley N, Bion J$$Interpreting arterial blood gas results 2013$$https://www.bmj.com/content/346/bmj.f16££Resuscitation Council UK$$Introduction to arterial blood gas (ABG) interpretation 2020$$https://lms.resus.org.uk/modules/m35-v2-blood-gasses/10346/m35/t05/content/m35_t05_005sr.htm££Rogers J, Cadogan M$$Blood Gas Interpretation 2025$$https://litfl.com/acid-base-disorders/","0","Interpretation and normal values of arterial blood gas samples"
"65","Abdo X-ray","3","AXR","Emergency Gastroenterology Radiology Surgery AXR radiology","DeterioratingPatientAx AbdoPainAx HaematuriaAx HaematemesisAx LowUrineOutputAx RectalBleedingAx ConstipationMx NauseaMx CXR MSKXray AsciticFluidAnalysis ColitisMx AIRinfo ATLASSCORECDIFFinfo AlvaradoScoreinfo CDAIinfo HARVEY-BRADSHAWinfo TRUELOVEWITTSinfo","James B, Kelly B$$The abdominal radiograph 2013$$https://pubmed.ncbi.nlm.nih.gov/24505155/££Cadogan M$$AXR interpretation 2023$$https://litfl.com/axr-interpretation/££Wong J, Patel L, Curtis J$$Interpreting abdominal radiographs 2012$$https://www.bmj.com/content/345/sbmj.e5375","0","Systematic interpreation of abdominal X-rays"
"66","AKI","3","AKI","Medicine renalfailure acutekidneyinjury creatinine low urine output CKD","DeterioratingPatientAx AbdoPainAx HaematuriaAx LowUrineOutputAx Sepsis6 Gentamicin IVFluids BUNinfo CKD-EPIinfo CREATININECLEARANCEinfo FREEWATERDEFICITinfo KIDNEYFAILUREinfo","The Renal Assocaition$$Clinical Practice Guideline Acute Kidney Injury (AKI) 2019$$https://www.ukkidney.org/sites/renal.org/files/FINAL-AKI-Guideline.pdf££National Institute for Health and Care Excellence$$NICE CKS How should I assess a person with acute kidney injury? 2023$$https://cks.nice.org.uk/topics/acute-kidney-injury/diagnosis/assessment/££National Institute for Health and Care Excellence$$Acute kidney injury: prevention, detection and management 2024$$https://www.nice.org.uk/guidance/ng148/chapter/Recommendations","0","Staging and possible differential diagnoses of acute kidney injury"
"67","Ascitic Fluid Analysis","3","AsciticFluidAnalysis","Gastroenterology Microbiology Medicine Ascites paracetnesis tap SBP spontaneous bacterial peritonitis decompensated cirrhosis saag","AbdoPainAx FeverAx HeartFailureMx Sepsis6 AXR DecompensatedCirrhosisMx APRIinfo AUDIT-Cinfo CAGEQUESTIONNAIREinfo CHILD-PUGHinfo CLIF-CACLFinfo FIB-4info GLASGOW-IMRIEinfo KINGSCRITERIAinfo LILLEMODELinfo MADDREY'Sinfo MELD-NAinfo SAAGinfo UKELDinfo","British Society of Gastroenterology$$Guidelines on the Management of Ascites in Cirrhosis 2020$$https://www.bsg.org.uk/getattachment/996905b2-c070-4141-bfdd-f42238eeacab/gutjnl-2020-321790-full_.pdf?lang=en-US££Wilkinson I, Raine T, Wiles, K, Hately P, Kelly D, Mcgurgan I. 2024$$Oxford Handbook of Clinical Medicine (11 edn) 2024$$https://academic.oup.com/book/56266","0","Systematic intepretation of ascitic fluid"
"68","Capacity & Consent","3","CapacityConsent","Neurology Orthopaedics Geriatrics Surgery Medicine Ethics gillick fraser agree confusion","ConfusionAx LowGCSAx StrokeAx HeadInjury SedationMx TransfusionConsent 4ASDELERIUMinfo AMT-10info AMT-4info ASAinfo AWOLSCOREinfo GAD-7info HAMILTONANXIETYSCALEinfo MDIinfo PAINADVANCEDDEMENTIAinfo PHQ-9info","National Institute for Health and Care Excellence$$NICE guideline NG108 Decision-making and mental capacity 2018$$https://www.nice.org.uk/guidance/ng108/chapter/Recommendations££British Medical Association$$Ethics Toolkit Consent and refusal by adults with decision-making capacity 2024$$https://www.bma.org.uk/media/txrnpo3s/consent-and-refusal-by-adults-with-decision-making-capacity-guidance-updated-2025.pdf££NSPCC Learning$$Gillick competency and Fraser guidelines 2022$$https://learning.nspcc.org.uk/child-protection-system/gillick-competence-fraser-guidelines","0","Key steps in assessing a patient's capcity and in gaining consent for procedures"
"69","Chest X-Ray","3","CXR","Emergency Radiology Respiratory Medicine radiology CXR pneumonia effusion","DeterioratingPatientAx AbdoPainAx ChestPainAx FeverAx HaemoptysisAx SOBAx StrokeAx ACSMx AcuteAsthmaMx AnaphylaxisMx BradycardiaMx COPDExacerbationMx DVTPEMx HeartFailureMx PneumoniaMx PneumothoraxMx TachycardiaMx TransfusionReactionMx ABGAnalysis AXR MSKXray NGTube BISAPSCOREinfo GOLDinfo CURB-65info LIGHT'SCRITERIAinfo MEWSinfo NEWS2info NYHAinfo PEFRinfo PackYearsCalcinfo STOP-BANGinfo WELLSPEinfo PleuralFluidAnalysis OxygenDelivery","Dick E$$Chest X rays made easy 2000$$https://www.bmj.com/content/321/Suppl_S3/0009316££The Royal Colege of Radiologists$$Standards for interpretation and reporting of imaging investigations Second edition 2018$$https://www.rcr.ac.uk/our-services/all-our-publications/clinical-radiology-publications/standards-for-interpretation-and-reporting-of-imaging-investigations-second-edition/££World Health Organisation$$The WHO manual of diagnostic imaging: radiographic anatomy and interpretation of the chest and the pulmonary system 2018$$https://www.who.int/publications/i/item/9241546778","0","Systematic interpreation of chest X-rays"
"70","Clotting Products","3","ClottingProducts","Emergency Haematology Surgery Medicine haematology haemorrhage bleeding FFP cryoprecipitate fibrinogen transfusion blood","HaematuriaAx HaematemesisAx HaemoptysisAx RectalBleedingAx EpistaxisMx INRMx ParacetamolOverdoseMx HeadacheMx PreOp VascularAnatomy FORRESTinfo ISTHCRITERIAinfo ROCKALLPOST-ENDOSCOPYinfo ROCKALLPRE-ENDOSCOPYinfo","National Institute for Health and Care Excellence$$Nice Guideline NG24 Blood transfusion 2015$$https://www.nice.org.uk/guidance/ng24/chapter/recommendations££British Society for Haematology$$Haematological management of major haemorrhage 2023$$https://b-s-h.org.uk/guidelines/guidelines/haematological-management-of-major-haemorrhage-2022££Joint United Kingdom (UK) Blood Transfusion and Tissue Transplantation Services Professional Advisory Committee$$Transfusion guidelines 2025$$https://www.transfusionguidelines.org/","0","Information on blood products and the reversal of common anticoagulation agents"
"71","CSF Analysis","3","CSFAnalysis","Emergency Microbiology Neurology Medicine meningitis SAH headache lumbarpuncture cerebralspinalfluid","ConfusionAx FeverAx HeadacheAx LowGCSAx StrokeAx HeadacheMx ClottingProducts NeuroAnatomy NeuroExam GCSinfo GCSPUPILinfo OTTAWASAHRULEinfo","Nickson C$$CSF Analysis 2024$$https://litfl.com/csf-analysis/££Sofronescu A$$Cerebrospinal Fluid Analysis 2023$$https://emedicine.medscape.com/article/2093316-overview££Wilkinson I, Raine T, Wiles, K, Hately P, Kelly D, Mcgurgan I. 2024$$Oxford Handbook of Clinical Medicine (11 edn) 2024$$https://academic.oup.com/book/56266","0","Systematic intepretation of cerebral spinal fluid"
"72","ECG Analysis","3","ECG","Emergency Cardiology Endocrinology Respiratory Medicine heart arrythmia AF VT SVT bundle branch block","DeterioratingPatientAx AbdoPainAx ChestPainAx FallsAx FeverAx HaematuriaAx HaematemesisAx HaemoptysisAx LowGCSAx SOBAx StrokeAx ACSMx AcuteSeizureMx ALS AnaphylaxisMx BradycardiaMx HeartFailureMx HypercalcaemiaMx HyperkalemiaMx HypocalcaemiaMx HypokalemiaMx HypomagnesemiaMx HypophosphatemiaMx TachycardiaMx TransfusionReactionMx ABGAnalysis PreOp RefeedingSyndrome BRUGADACRITERIAinfo CORRECTEDQTinfo NYHAinfo SGARBOSSAMODIFIEDinfo VANCOUVERinfo WELLSPEinfo AFMx","Life in the Fastlane$$ECG Basics 2025$$https://litfl.com/ecg-library/basics/££Hampton J$$The ECG made easy 2008$$https://openlibrary.org/books/OL23674054M/The_ECG_made_easy££Wilkinson I, Raine T, Wiles, K, Hately P, Kelly D, Mcgurgan I. 2024$$Oxford Handbook of Clinical Medicine (11 edn) 2024$$https://academic.oup.com/book/56266","0","Systematic interpreation of electrocardiograms"
"73","Gentamicin","3","Gentamicin","Microbiology Medicine Antibiotics gram negative dosing monitoring","FeverAx Sepsis6 AKI Teicoplanin Vancomycin ADJUSTEDBODYWEIGHTinfo BUNinfo CKD-EPIinfo CREATININECLEARANCEinfo","British National Formulary$$Gentamicin 2025$$https://bnf.nice.org.uk/drugs/gentamicin/££Healthcare Improvement Scotland Right Decision Service$$Gentamicin Guideline 2025$$https://rightdecisions.scot.nhs.uk/antimicrobial-prescribing-nhs-fife/hospital-guidance/gentamicin-guideline/","0","Information on the initiation and monitoring of gentamicin"
"74","Insulin","3","Insulin","Endocrinology Medicine diabetes DKA HHS bm hyperglycaemia","HyperglycaemiaMx HypoglycaemiaMx PreOp FIB-4info PEDISinfo SODIUMCORRECTIONinfo STOP-BANGinfo SERUMOSMOLALITYinfo","British National Formulary$$Insulin 2025$$https://bnf.nice.org.uk/treatment-summaries/insulin/££National Institute for Health and Care Excellence$$NICE CKS Scenario: Insulin therapy - type 2 diabetes 2025$$https://cks.nice.org.uk/topics/insulin-therapy-in-type-2-diabetes/management/insulin-therapy-type-2-diabetes/££National Institute for Health and Care Excellence$$NICE CKS Scenario: Management of adults with type 1 diabetes 2024$$https://cks.nice.org.uk/topics/diabetes-type-1/management/management-adults/","0","Information on the range of insulin strategies"
"75","IV Fluid Types","3","IVFluids","Gastroenterology Surgery Medicine IVF saline hartmanns dextrose infusion","DeterioratingPatientAx AbdoPainAx ChestPainAx FallsAx HaematuriaAx HaematemesisAx HaemoptysisAx LegSwellingAx LowUrineOutputAx RectalBleedingAx StrokeAx BradycardiaMx HypercalcaemiaMx HyperglycaemiaMx HyperkalemiaMx HypocalcaemiaMx HypoglycaemiaMx HypokalemiaMx HypomagnesemiaMx HyponatremiaMx HypophosphatemiaMx IVFluidMx Sepsis6 TachycardiaMx AKI NGTube PreOp RefeedingSyndrome UpperGIBleedMx DecompensatedCirrhosisMx AKINCLASSIFICATIONinfo BMIinfo BSAinfo BUNinfo CKD-EPIinfo CREATININECLEARANCEinfo FREEWATERDEFICITinfo HYPONATRAEMIANADEFICIT-ADULTinfo IDEALBODYWEIGHTinfo KIDNEYFAILUREinfo MAPinfo SERUMOSMOLALITYinfo","National Institute for Health and Care Excellence$$NICE Clinical Guideline CG174 Intravenous fluid therapy in adults in hospital 2017$$https://www.nice.org.uk/guidance/cg174££British National Formulary$$Guidance on Intravenous Infusions 2025$$https://bnf.nice.org.uk/medicines-guidance/guidance-on-intravenous-infusions/££Health Improvement Scotland Right Decision Service$$Guidance for Intravenous fluid and electrolyte prescription in adults 2023$$https://rightdecisions.scot.nhs.uk/nhs-borders-clinical-guidelines/drugs-and-therapeutics/guidance-for-intravenous-fluid-and-electrolyte-prescription-in-adults/","0","Information on the differing options for intravenous fluid replacement"
"76","Joint Aspiration Analysis","3","JointAspirationAnalysis","Microbiology Orthopaedics Surgery gout septicarthritis red swollen","FeverAx LegSwellingAx PainfulLimbAx MSKAnatomy MSKXray ACR-EULARRAinfo ACUTEGOUTDIAGNOSISinfo","Nickson C$$Synovial fluid analysis 2023$$https://litfl.com/synovial-fluid-analysis/££Sofronescu A$$Joint Fluid Interpretation 2020$$https://emedicine.medscape.com/article/2172238-overview?form=fpf££Wilkinson I, Raine T, Wiles, K, Hately P, Kelly D, Mcgurgan I. 2024$$Oxford Handbook of Clinical Medicine (11 edn) 2024$$https://academic.oup.com/book/56266","0","Systematic intepretation of fluid aspirated from a joint"
"77","MSK Anatomy","3","MSKAnatomy","Orthopaedics Radiology Surgery bone ligament muscle","ChestPainAx FallsAx HeadacheAx LegSwellingAx PainfulLimbAx CervicalSpineInjury HeadInjury PainMx JointAspirationAnalysis MSKXray NeuroAnatomy VascularAnatomy ACR-EULARRAinfo ACUTEGOUTDIAGNOSISinfo BEIGHTONinfo OTTAWAANKLEinfo OTTAWAKNEEinfo","White T, Mackenzie S, Gray A.$$McRae's Orthopaedic Trauma and Emergency Fracture Management 2023$$https://shop.elsevier.com/books/mcraes-orthopaedic-trauma-and-emergency-fracture-management/white/978-0-323-84682-0","0","Information on the anatomy of muscles and bones"
"78","MSK X-ray","3","MSKXray","Orthopaedics Radiology Surgery radiology bone sprain fracture","FallsAx HeadacheAx LegSwellingAx PainfulLimbAx CervicalSpineInjury HeadInjury PainMx AXR CXR JointAspirationAnalysis MSKAnatomy ACR-EULARPMRinfo ACR-EULARRAinfo ACUTEGOUTDIAGNOSISinfo BEIGHTONinfo OTTAWAANKLEinfo OTTAWAKNEEinfo PEDISinfo","White T, Mackenzie S, Gray A.$$McRae's Orthopaedic Trauma and Emergency Fracture Management 2023$$https://shop.elsevier.com/books/mcraes-orthopaedic-trauma-and-emergency-fracture-management/white/978-0-323-84682-0££The Royal Colege of Radiologists$$Standards for interpretation and reporting of imaging investigations Second edition 2018$$https://www.rcr.ac.uk/our-services/all-our-publications/clinical-radiology-publications/standards-for-interpretation-and-reporting-of-imaging-investigations-second-edition/££Wilkinson I, Raine T, Wiles, K, Hately P, Kelly D, Mcgurgan I. 2024$$Oxford Handbook of Clinical Medicine (11 edn) 2024$$https://academic.oup.com/book/56266","0","Systematic interpreation of musculoskeletal X-rays"
"79","Neuro Anatomy","3","NeuroAnatomy","Emergency Neurology Orthopaedics Geriatrics Radiology Surgery Medicine brain nerves","ConfusionAx FallsAx HeadacheAx LowGCSAx PainfulLimbAx StrokeAx AcuteSeizureMx AlcoholMx CervicalSpineInjury HeadInjury HeadacheMx SedationMx StrokeMx CSFAnalysis MSKAnatomy NeuroExam GCSinfo GCSPUPILinfo NIHSSinfo OTTAWASAHRULEinfo MODIFIEDRANKINinfo","Ludwig P$$Neuroanatomy, Central Nervous System 2022$$https://www.ncbi.nlm.nih.gov/books/NBK442010/££Wilkinson I, Raine T, Wiles, K, Hately P, Kelly D, Mcgurgan I. 2024$$Oxford Handbook of Clinical Medicine (11 edn) 2024$$https://academic.oup.com/book/56266","0","Information on the anatomy of the central and peripheral nervous system"
"80","Neuro Exam","3","NeuroExam","Emergency Neurology Orthopaedics Geriatrics Surgery Medicine cranial assessment stroke","DeterioratingPatientAx ConfusionAx FallsAx HeadacheAx LowGCSAx PainfulLimbAx StrokeAx AcuteSeizureMx AlcoholMx CervicalSpineInjury HeadInjury HeadacheMx SedationMx StrokeMx CSFAnalysis NeuroAnatomy ABCD2info GOLDinfo GCSinfo GCSPUPILinfo NIHSSinfo OTTAWASAHRULEinfo MODIFIEDRANKINinfo","Wilkinson I, Raine T, Wiles, K, Hately P, Kelly D, Mcgurgan I. 2024$$Oxford Handbook of Clinical Medicine (11 edn) 2024$$https://academic.oup.com/book/56266££Coni R$$Neuro 101: Neurological Exam 2025$$https://litfl.com/neuro-101-neurological-examination/","0","Systematic A-E assessment of the neurologcal system, including advice on key signs and symptoms, useful investigations and potential diagnoses"
"81","NG Tube","3","NGTube","Gastroenterology Surgery Rylestube nasogastric feeding","AbdoPainAx LowGCSAx StrokeAx NauseaMx StrokeMx CXR IVFluids PreOp RefeedingSyndrome ColitisMx MUSTinfo","National Institute for Health and Care Excellence$$NICE Clinical Guideline CG32 Nutrition support for adults: oral nutrition support, enteral tube feeding and parenteral nutrition 2017$$https://www.nice.org.uk/guidance/cg32/chapter/Recommendations££Lamont T, Beaumont C, Fayaz A et al$$Checking placement of nasogastric feeding tubes in adults (interpretation of x ray images): summary of a safety report from the National Patient Safety Agency 2011$$https://www.bmj.com/content/bmj/342/7806/Practice.full.pdf££Wilkinson I, Raine T, Wiles, K, Hately P, Kelly D, Mcgurgan I. 2024$$Oxford Handbook of Clinical Medicine (11 edn) 2024$$https://academic.oup.com/book/56266","0","Information on ensuring adequate nasogastric tube placement"
"82","Oxygen Delivery","3","OxygenDelivery","Respiratory Medicine oxygen SOB hypoxia o2 mask nasal","ChestPainAx SOBAx HeartFailureMx PneumoniaMx Sepsis6 ABGAnalysis CXR DeterioratingPatientAx AcuteAsthmaMx PneumothoraxMx ALS 4PEPSinfo BISAPSCOREinfo CURB-65info PEFRinfo WELLSPEinfo mSOFAinfo QSOFAinfo","British Thoracic Society$$BTS Guideline for Oxygen Use in Adults in Healthcare and Emergency Settings 2017$$https://discovery.ucl.ac.uk/id/eprint/10050781/3/Singer_BTS%20Guideline%20oxygen%20use%2017.pdf££British National Formulary$$Oxygen 2025$$https://bnf.nice.org.uk/treatment-summaries/oxygen/££National Institute for Health and Care Excellence$$NICE CKS Breathlessness – symptom assessment and management 2024$$https://cks.nice.org.uk/topics/breathlessness/","0","Information of the delivery of oxygen"
"83","Pleural Fluid Analysis","3","PleuralFluidAnalysis","Cardiology Microbiology Respiratory Medicine lights effusion exudate transudate empyema effusion","ChestPainAx FeverAx SOBAx HeartFailureMx PneumoniaMx Sepsis6 ABGAnalysis CXR LIGHT'SCRITERIAinfo","British Thoracic Society$$British Thoracic Society Guideline for pleural disease 2023$$https://thorax.bmj.com/content/78/Suppl_3/s1££Cadogan M$$Pleural Fluid Analysis 2023$$https://litfl.com/pleural-fluid-analysis/££Wilkinson I, Raine T, Wiles, K, Hately P, Kelly D, Mcgurgan I. 2024$$Oxford Handbook of Clinical Medicine (11 edn) 2024$$https://academic.oup.com/book/56266","0","Systematic interpreation of pleural fluid"
"84","Pre-Op","3","PreOp","Orthopaedics Surgery assessment theatre operation","ClottingProducts ECG Insulin IVFluids NGTube TransfusionConsent ASAinfo MUSTinfo","National Institute for Health and Care Excellence$$NICE guideline NG45 Routine preoperative tests for elective surgery 2016$$https://www.nice.org.uk/guidance/ng45££The Preoperative Association $$New Guidelines for Preoperative Assessment and Optimisation for Adult Surgery 2021$$https://www.pre-op.org/new-guidelines££NHS Getting It Right First Time$$Preoperative assessment services guidance 2023$$https://gettingitrightfirsttime.co.uk/wp-content/uploads/2023/07/GIRFT-Pre-operative-assessment-guidance-FINAL-V1-July-2023.pdf","0","Information on the assessment of patients pre-operatively"
"85","Refeeding Syndrome","3","RefeedingSyndrome","Endocrinology Gastroenterology Geriatrics Medicine electrolytes phosphate potassium magnesium calcium malnutrion annorexia","HypercalcaemiaMx HyperglycaemiaMx HyperkalemiaMx HypocalcaemiaMx HypoglycaemiaMx HypokalemiaMx HypomagnesemiaMx HyponatremiaMx HypophosphatemiaMx ECG IVFluids NGTube CALCIUMCORRECTIONHYPOALBUMINinfo IDEALBODYWEIGHTinfo MEWSinfo MUSTinfo NEWS2info","The British Intestinal Failure Alliance$$Top Tips for Preventing and Managing Refeeding Syndrome 2022$$https://www.bapen.org.uk/pdfs/bifa/bifa-top-tips-series-7-vol2.pdf££National Institute for Health and Care Excellence$$NICE CKS How should I assess a person with malnutrition or at risk of malnutrition? 2024$$https://cks.nice.org.uk/topics/adult-malnutrition/diagnosis/assessment/££Mehanna H, Moledina J, Travis J$$Refeeding syndrome: what it is, and how to prevent and treat it 2008$$https://www.bmj.com/content/336/7659/1495","0","Information on the diangosis, monitoring and replacement of patients with suspected refeeding syndrome"
"86","Teicoplanin","3","Teicoplanin","Microbiology Medicine Antibiotics","FeverAx Sepsis6 Gentamicin Vancomycin ADJUSTEDBODYWEIGHTinfo CKD-EPIinfo CREATININECLEARANCEinfo","British National Formulary$$Teicoplanin 2025$$https://bnf.nice.org.uk/drugs/teicoplanin/","0","Information on the initiation and monitoring of teicoplanin"
"87","Transfusion Consent","3","TransfusionConsent","Haematology Surgery Medicine ethics capacity blood","HaematuriaAx HaematemesisAx HaemoptysisAx RectalBleedingAx TransfusionMx TransfusionReactionMx CapacityConsent ClottingProducts PreOp FORRESTinfo GLASGOWBLATCHFORDinfo ROCKALLPOST-ENDOSCOPYinfo ROCKALLPRE-ENDOSCOPYinfo","Department of Health and Social Care$$Guidelines from the expert advisory committee on the Safety of Blood, Tissues and Organs (SaBTO) on patient consent for blood transfusion 2020$$https://www.gov.uk/government/publications/blood-transfusion-patient-consent/guidelines-from-the-expert-advisory-committee-on-the-safety-of-blood-tissues-and-organs-sabto-on-patient-consent-for-blood-transfusion","0","Information on gaining consent prior to administering blood products"
"88","Vancomycin","3","Vancomycin","Microbiology Medicine Antibiotics","FeverAx Sepsis6 Gentamicin Teicoplanin ADJUSTEDBODYWEIGHTinfo CKD-EPIinfo CREATININECLEARANCEinfo","British National Formulary$$Vancomycin 2025$$https://bnf.nice.org.uk/drugs/vancomycin/","0","Information on the initiation and monitoring of vancomycin"
"89","Vascular Anatomy","3","VascularAnatomy","Cardiology Haematology Orthopaedics Radiology Surgery Medicine artery arteries veins heart","LegSwellingAx PainfulLimbAx DVTPEMx VTEProphylaxis ClottingProducts MSKAnatomy UpperGIBleedMx FORRESTinfo GLASGOWBLATCHFORDinfo BISHOPSCOREMODIFIEDinfo OTTAWAANKLEinfo OTTAWAKNEEinfo WELLSDVTinfo","Pachuski J, Verbeek T, Smoth S et al$$Vascular anatomy and physiology 2021$$https://academic.oup.com/book/30621/chapter-abstract/258956933?redirectedFrom=fulltext","0","Information on the macroscopic and microscopic anatomy of blood vessels"
"90","4As DELIRIUM","4","4ASDELERIUMinfo","Neurology Geriatrics Psychiatry loc gcs","AGEADJUSTEDCRPESRinfo AMT-10info AMT-4info AbbeyPainScaleinfo PAINADVANCEDDEMENTIAinfo PHQ-9info ConfusionAx FallsAx FeverAx StrokeAx AlcoholMx ConstipationMx HypercalcaemiaMx SedationMx Sepsis6 CapacityConsent","Bellelli G, Morandi A, Davis DH, Mazzola P, Turco R, Gentile S, Ryan T, Cash H, Guerini F, Torpilliesi T, Del Santo F.$$Validation of the 4AT, a new instrument for rapid delirium screening: a study in 234 hospitalised older people 2014$$https://academic.oup.com/ageing/article-abstract/43/4/496/2812210££De J, Wand AP, Smerdely PI, Hunt GE.$$Validating the 4A's test in screening for delirium in a culturally diverse geriatric inpatient population 2017$$https://onlinelibrary.wiley.com/doi/abs/10.1002/gps.4615££Lees R, Corbet S, Johnston C, Moffitt E, Shaw G, Quinn TJ.$$Test accuracy of short screening tests for diagnosis of delirium or cognitive impairment in an acute stroke unit setting 2013$$https://www.ahajournals.org/doi/abs/10.1161/strokeaha.113.001724","0","Screening for delirium in older patients"
"91","4PEPS","4","4PEPSinfo","Emergency Respiratory PE VTE DVT SOB","AGE-ADJUSTEDD-DIMERinfo HAS-BLEDScoreinfo ChestPainAx DeterioratingPatientAx HaemoptysisAx SOBAx DVTPEMx TachycardiaMx ABGAnalysis OxygenDelivery","Roy PM, Friou E, Germeau B, Douillet D, Kline JA, Righini M, Le Gal G, Moumneh T, Penaloza A.$$Derivation and validation of a 4-level clinical pretest probability score for suspected pulmonary embolism to safely decrease imaging testing 2021$$https://jamanetwork.com/journals/jamacardiology/article-abstract/2776853££Chiang P, Robert-Ebadi H, Perrier A, Roy PM, Sanchez O, Righini M, Le Gal G$$Pulmonary Embolism Risk Stratification: External Validation of the 4-Level Clinical Pretest Probability Score (4PEPS) 2024$$https://www.sciencedirect.com/science/article/pii/S2475037924000372","0","4-Level Pulmonary Embolism Clinical Probability Score (4PEPS): Rules out PE based on clinical criteria"
"92","6 MINUTE WALK DISTANCE","4","6MINUTEWALKDISTANCEinfo","GP Orthopaedics Rheumatology Geriatrics","FallsAx StrokeAx StrokeMx SOBAx","Enright PL, Sherrill DL.$$Reference equations for the six-minute walk in healthy adults 1998$$https://www.atsjournals.org/doi/abs/10.1164/ajrccm.158.5.9710086££Enright PL, McBurnie MA, Bittner V, Tracy RP, McNamara R, Arnold A, Newman AB.$$The 6-min walk test: a quick measure of functional status in elderly adults 2003$$https://www.sciencedirect.com/science/article/pii/S0012369215324466££TS Committee on Proficiency Standards for Clinical Pulmonary Function Laboratories.$$ATS statement: guidelines for the six-minute walk test 2002$$https://www.ncbi.nlm.nih.gov/pubmed/12091180","0","Calculates reference values for distance walked, as a measure of functional status"
"94","ABCD2","4","ABCD2info","Emergency GP Neurology Geriatrics Stokr TIA","CHA2DS2-VAScScoreinfo HAS-BLEDScoreinfo NIHSSinfo MODIFIEDRANKINinfo StrokeAx StrokeMx NeuroExam","Johnston SC, Rothwell PM, Nguyen-Huynh MN, Giles MF, Elkins JS, Bernstein AL, Sidney S.$$Validation and refinement of scores to predict very early stroke risk after transient ischaemic attack 2007$$https://www.sciencedirect.com/science/article/pii/S0140673607601500££Josephson SA, Sidney S, Pham TN, Bernstein AL, Johnston SC.$$Higher ABCD2 score predicts patients most likely to have true transient ischemic attack 2008$$https://www.ahajournals.org/doi/abs/10.1161/STROKEAHA.108.514562","0","Estimates the risk of stroke after a suspected transient ischemic attack (TIA)"
"95","ACR-EULAR PMR","4","ACR-EULARPMRinfo","GP Rheumatology PMR Headache Ophthalmology","GCAinfo OphthalmologyEx HeadacheAx PainfulLimbAx HeadacheMx MSKXray","Dasgupta B, Cimmino MA, Kremers HM, Schmidt WA, Schirmer M, Salvarani C, Bachta A, Dejaco C, Duftner C, Jensen HS, Duhaut P$$Provisional classification criteria for polymyalgia rheumatica: a European League Against Rheumatism/American College of Rheumatology collaborative initiative 2012$$https://onlinelibrary.wiley.com/doi/abs/10.1002/art.34356££Initiative C$$Recommendations for the Management of Polymyalgia Rheumatica 2015$$https://www.rheumguide.ca/uploads/1/2/7/1/127151112/2015_recommendations_for_the_management_of_polymyalgia_rheumatica_a_european_league_against_rheumatismamerican_college_of_rheumatology_collaborative_initiative.pdf.pdf££Macchioni P, Boiardi L, Catanoso M, Pazzola G, Salvarani C$$Performance of the new 2012 EULAR/ACR classification criteria for polymyalgia rheumatica: comparison with the previous criteria in a single-centre study 2014 $$https://ard.bmj.com/content/73/6/1190.short","0","Diagnoses polymyalgia rheumatica (PMR) in patients based on 2012 EULAR/ACR criteria"
"96","ACR-EULAR RA","4","ACR-EULARRAinfo","GP Rheumatology joint swelling aspiration","ACUTEGOUTDIAGNOSISinfo PainfulLimbAx JointAspirationAnalysis MSKAnatomy MSKXray","Kay J, Upchurch KS.$$ACR/EULAR 2010 rheumatoid arthritis classification criteria 2012$$https://academic.oup.com/rheumatology/article-abstract/51/suppl_6/vi5/1787592","0","Diagnoses rheumatoid arthritis (RA) in patients with undifferentiated inflammatory synovitis"
"97","ACUTE GOUT DIAGNOSIS","4","ACUTEGOUTDIAGNOSISinfo","Emergency GP Orthopaedics Rheumatology medicine joint swelling aspiration","PainfulLimbAx JointAspirationAnalysis MSKAnatomy MSKXray","Janssens HJ, Fransen J, Van de Lisdonk EH, van Riel PL, van Weel C, Janssen M.$$A diagnostic rule for acute gouty arthritis in primary care without joint fluid analysis 2010$$https://jamanetwork.com/journals/jamainternalmedicine/article-abstract/225738££Kienhorst LB, Janssens HJ, Fransen J, Janssen M.$$The validation of a diagnostic rule for gout without joint fluid analysis: a prospective study 2015$$https://academic.oup.com/rheumatology/article-abstract/54/4/609/1799752","0","Risk stratifies for gout vs non-gout arthritis"
"98","BODY WEIGHT - ADJUSTED","4","ADJUSTEDBODYWEIGHTinfo","Critical Care ITU Intensive Care Gastroenterology GP Medicine Surgery","BMIinfo BSAinfo DVTPEMx IVFluidMx VTEProphylaxis Gentamicin Teicoplanin Vancomycin","Pai MP, Paloucek FP$$The origin of the ideal body weight equations. 2000$$https://journals.sagepub.com/doi/pdf/10.1345/aph.19381","0","Calculates adjusted body weight. For use in obese patients where actual > ideal body weight"
"99","AGE ADJUSTED CRP/ESR","4","AGEADJUSTEDCRPESRinfo","Orthopaedics Rheumatology GP joint swelling PMR","CENTORinfo FeverPAINinfo GCAinfo DeterioratingPatientAx OphthalmologyEx FeverAx HeadacheAx OphthalmologyMx Sepsis6","Siemons L, Ten Klooster PM, Vonkeman HE, van Riel PL, Glas CA, van de Laar MA$$How age and sex affect the erythrocyte sedimentation rate and C-reactive protein in early rheumatoid arthritis 2014$$https://link.springer.com/article/10.1186/1471-2474-15-368££Miller A, Green M, Robinson D$$Simple rule for calculating normal erythrocyte sedimentation rate 1983$$https://www.ncbi.nlm.nih.gov/pmc/articles/PMC1546487/££Wener MH, Daum PR, McQuillan GM$$The influence of age, sex, and race on the upper reference limit of serum C-reactive protein concentration 2000$$https://europepmc.org/article/med/11036829","0","Calculates age-adjusted ESR and CRP in adult patients"
"100","AGE-ADJUSTED D-DIMER","4","AGE-ADJUSTEDD-DIMERinfo","Cardiology Emergency ACS Heart Chest","HAS-BLEDScoreinfo WELLSDVTinfo ChestPainAx HaemoptysisAx LegSwellingAx SOBAx DVTPEMx INRMx VTEProphylaxis","Schouten HJ, Geersing GJ, Koek HL, Zuithoff NP, Janssen KJ, Douma RA, van Delden JJ, Moons KG, Reitsma JB$$Diagnostic accuracy of conventional or age adjusted D-dimer cut-off values in older patients with suspected venous thromboembolism: systematic review and meta-analysis 2013$$https://www.bmj.com/content/346/bmj.f2492.full££Righini M, Van Es J, Den Exter PL, Roy PM, Verschuren F, Ghuysen A, Rutschmann OT, Sanchez O, Jaffrelot M, Trinh-Duc A, Le Gall C.$$Age-adjusted D-dimer cutoff levels to rule out pulmonary embolism: the ADJUST-PE study 2014$$https://jamanetwork.com/journals/jama/article-abstract/1841967££Sharp AL, Vinson DR, Alamshaw F, Handler J, Gould MK.$$An age-adjusted D-dimer threshold for emergency department patients with suspected pulmonary embolus: accuracy and clinical implications 2016$$https://www.sciencedirect.com/science/article/pii/S0196064415006162££Jaconelli T, Eragat M, Crane S.$$Can an age-adjusted D-dimer level be adopted in managing venous thromboembolism in the emergency department? A retrospective cohort study 2018$$https://www.ingentaconnect.com/content/wk/ejeme/2018/00000025/00000004/art00013","0","Adjusts D-dimer cutoffs by age to help rule out VTE in patients ≥50 years old"
"101","AIR SCORE","4","AIRinfo","Emergency Surgery General Surgery Abdomen","AlvaradoScoreinfo AbdoPainAx FeverAx AXR","Andersson M, Andersson RE.$$The appendicitis inflammatory response score: a tool for the diagnosis of acute appendicitis that outperforms the Alvarado score 2008$$https://link.springer.com/article/10.1007/s00268-008-9649-y££De Castro SM, Unlu C, Steller EP, Van Wagensveld BA, Vrouenraets BC.$$Evaluation of the appendicitis inflammatory response score for patients with acute appendicitis 2012 $$https://link.springer.com/article/10.1007/s00268-012-1521-4","0","Diagnoses appendicitis based on clinical and laboratory findings"
"102","AKIN CLASSIFICATION","4","AKINCLASSIFICATIONinfo","Renal Nephrology","BUNinfo CKD-EPIinfo CREATININECLEARANCEinfo FREEWATERDEFICITinfo KIDNEYFAILUREinfo mSOFAinfo QSOFAinfo DeterioratingPatientAx HaematuriaAx LegSwellingAx LowUrineOutputAx IVFluidMx IVFluids","Mehta RL, Kellum JA, Shah SV, Molitoris BA, Ronco C, Warnock DG, Levin A, Acute Kidney Injury Network$$Acute Kidney Injury Network: report of an initiative to improve outcomes in acute kidney injury 2007$$https://link.springer.com/article/10.1186/cc5713££Lopes JA, Jorge S$$The RIFLE and AKIN classifications for acute kidney injury: a critical and comprehensive review 2013$$https://academic.oup.com/ckj/article-abstract/6/1/8/468698££Xiong J, Tang X, Hu Z, Nie L, Wang Y, Zhao J$$The RIFLE versus AKIN classification for incidence and mortality of acute kidney injury in critical ill patients: a meta-analysis 2015$$https://www.nature.com/articles/srep17917","0","AKIN Classification for acute kidney injury (AKI)"
"103","ALT-70 CELLULITIS","4","ALT-70info","Emergency GP infection sepsis","ACUTEGOUTDIAGNOSISinfo LRINECinfo MEWSinfo NEWS2info PEDISinfo WELLSDVTinfo FeverAx LegSwellingAx PainfulLimbAx DVTPEMx Sepsis6","Raff AB, Weng QY, Cohen JM, Gunasekera N, Okhovat JP, Vedak P, Joyce C, Kroshinsky D, Mostaghimi A$$A predictive model for diagnosis of lower extremity cellulitis: a cross-sectional study 2017$$https://www.sciencedirect.com/science/article/pii/S019096221730018X££Li DG, Dewan AK, Di Xia F, Khosravi H, Joyce C, Mostaghimi A$$The ALT-70 predictive model outperforms thermal imaging for the diagnosis of lower extremity cellulitis: a prospective evaluation 2018$$https://www.sciencedirect.com/science/article/pii/S0190962218322217££Singer S, Li DG, Gunasekera N, Okhovat JP, Vedak P, Weng C, Cohen J, Joyce C, Raff A, Kroshinsky D, Mostaghimi A$$The ALT-70 cellulitis model maintains predictive value at 24 and 48 hours after presentation 2019$$https://www.sciencedirect.com/science/article/pii/S0190962219304682","0","Predicts likelihood of lower limb cellulitis"
"104","AMT-10","4","AMT-10info","Emergency GP Neurology Geriatrics Psychiatry LOC GCS","4ASDELERIUMinfo AMT-4info AbbeyPainScaleinfo PAINADVANCEDDEMENTIAinfo ConfusionAx LowGCSAx HeadInjury SedationMx Sepsis6 CapacityConsent","Hodkinson HM.$$Evaluation of a mental test score for assessment of mental impairment in the elderly 1972$$https://academic.oup.com/ageing/article-abstract/1/4/233/14334££Williams EI, Wallace P.$$Health checks for people aged 75 and over 1993$$https://www.ncbi.nlm.nih.gov/pmc/articles/PMC2560933/££Bonaiuto S, Rocca WA, Lippi A, Luciani P, Giannandrea E, Cavarzeran F, Amaducci L.$$Study on the validity of the Hodkinson Abbreviated Mental Test Score (AMTS) in detecting dementia of elderly subjects in appignano (Macerata province), Italy 1992$$https://www.sciencedirect.com/science/article/pii/S016749430580007X","0","Assesses mental impairment in elderly patients, screening for delirium or dementia"
"105","AMT-4","4","AMT-4info","Emergency GP Neurology Geriatrics Psychiatry LOC GCS","4ASDELERIUMinfo AMT-10info AbbeyPainScaleinfo PAINADVANCEDDEMENTIAinfo ConfusionAx LowGCSAx HeadInjury SedationMx Sepsis6 CapacityConsent","Swain DG, Nightingale PG.$$Evaluation of a shortened version of the Abbreviated Mental Test in a series of elderly patients 1997$$https://journals.sagepub.com/doi/abs/10.1177/026921559701100308££Locke T, Keat S, Tate M, Bown A, Hart A, Ghosh R$$Assessing the performance of the four question abbreviated mental test in the acute geriatric setting 2013 Jan 1;12:13-7.$$https://www.researchgate.net/profile/Anthony-Hart-3/publication/236090794_Assessing_the_performance_of_the_four_question_abbreviated_mental_test_in_the_acute_geriatric_setting/links/60be8a00299bf10dffa62d15/Assessing-the-performance-of-the-four-question-abbreviated-mental-test-in-the-acute-geriatric-setting.pdf?__cf_chl_tk=Kq3AXSymELqwpOCPFiatFx701phBXZ3_Re0RUU2n7gw-1752177263-1.0.1.1-T46Mb1hSDrZaNFAOIpqOEFu.72lGKjzsud36P0g.4xg££Hodkinson HM.$$Evaluation of a mental test score for assessment of mental impairment in the elderly 1972$$https://academic.oup.com/ageing/article-abstract/1/4/233/14334","0","Assesses mental impairment in elderly patients, screening for delirium or dementia"
"107","ANION GAP","4","ANIONinfo","Critical Care ITU Intensive Care Endocrinology Gastroenterology Renal Nephrology Respiratory","ANIONCorrectedinfo BUNinfo HYPONATRAEMIANADEFICIT-ADULTinfo ConfusionAx DeterioratingPatientAx HyperkalemiaMx HypokalemiaMx IVFluidMx ABGAnalysis","Oh MS, Carroll HJ.$$The anion gap 1977$$https://www.nejm.org/doi/pdf/10.1056/NEJM197710132971507","0","Evaluates states of metabolic acidosis."
"108","ANION GAP ALBUMIN","4","ANIONCorrectedinfo","Critical Care ITU Intensive Care Endocrinology Gastroenterology Renal Nephrology Respiratory albumin","ANIONinfo BUNinfo HYPONATRAEMIANADEFICIT-ADULTinfo ConfusionAx DeterioratingPatientAx HyperkalemiaMx HypokalemiaMx IVFluidMx ABGAnalysis","Oh MS, Carroll HJ.$$The anion gap 1977$$https://www.nejm.org/doi/pdf/10.1056/NEJM197710132971507££Feldman M, Soni N, Dickson B.$$Influence of hypoalbuminemia or hyperalbuminemia on the serum anion gap 2005$$https://www.sciencedirect.com/science/article/pii/S002221430500260X","0","Evaluates states of metabolic acidosis. Includes correction for Albumin."
"109","APACHE II SCORE","4","APACHEIISCOREinfo","Critical Care ITU Intensive Care","BPSinfo CLIF-CACLFinfo ISTHCRITERIAinfo MEWSinfo NEWS2info mSOFAinfo QSOFAinfo DeterioratingPatientAx FeverAx Sepsis6","Knaus WA, Draper EA, Wagner DP, Zimmerman JE.$$APACHE II: a severity of disease classification system 1985$$https://europepmc.org/article/med/3928249?utm_campaign=share&utm_medium=email&utm_source=email_share_mailer&client=bot&client=bot££Headley J, Theriault R, Smith TL.$$Independent validation of APACHE II severity of illness score for predicting mortality in patients with breast cancer admitted to the intensive care unit 1992$$https://acsjournals.onlinelibrary.wiley.com/doi/abs/10.1002/1097-0142(19920715)70:2%3C497::AID-CNCR2820700220%3E3.0.CO;2-H££Capuzzo M, Valpondi V, Sgarbi A, Bortolazzi S, Pavoni V, Gilli G, Candini G, Gritti G, Alvisi R.$$Validation of severity scoring systems SAPS II and APACHE II in a single-center population 2000 $$https://link.springer.com/article/10.1007/s001340000715","0","Estimates ICU mortality"
"110","APRI","4","APRIinfo","Gastroenterology liver abdomen alcohol","CAGEQUESTIONNAIREinfo CHILD-PUGHinfo FIB-4info MELD-NAinfo SAAGinfo UKELDinfo AlcoholMx DecompensatedCirrhosisMx UpperGIBleedMx AsciticFluidAnalysis","Wai CT, Greenson JK, Fontana RJ, Kalbfleisch JD, Marrero JA, Conjeevaram HS, Lok AS.$$A simple noninvasive index can predict both significant fibrosis and cirrhosis in patients with chronic hepatitis C 2003 $$https://www.sciencedirect.com/science/article/pii/S0270913903005822££Dilshad Ahmad K, Zuhra FT, Farooq Ahmad K, Azhar M$$Evaluation of diagnostic accuracy of APRI for prediction of fibrosis in hepatitis C patients 2008$$https://pubmed.ncbi.nlm.nih.gov/19999223/££Lin ZH, Xin YN, Dong QJ, Wang Q, Jiang XJ, Zhan SH, Sun Y, Xuan SY.$$Performance of the aspartate aminotransferase-to-platelet ratio index for the staging of hepatitis C-related fibrosis: an updated meta-analysis 2010$$https://aasldpubs.onlinelibrary.wiley.com/doi/abs/10.1002/hep.24105","0","AST to Platelet Ratio Index. Determines the likelihood of hepatic fibrosis and cirrhosis in patients with hepatitis C"
"111","ASA CLASSIFICATION","4","ASAinfo","Surgery Orthopaedics Rheumatology ENT General Surgery Otorhinolaryngology Obstetrics Gynaecology","CapacityConsent PreOp","Kannan T.$$ASA grading: a step forward 2017 $$https://journals.sagepub.com/doi/abs/10.1177/175045891702700304££Haynes SR, Lawler PG.$$An assessment of the consistency of ASA physical status classification allocation 1995$$https://associationofanaesthetists-publications.onlinelibrary.wiley.com/doi/abs/10.1111/j.1365-2044.1995.tb04554.x££Fitz-Henry J.$$The ASA classification and peri-operative risk 2011$$https://publishing.rcseng.ac.uk/doi/full/10.1308/rcsann.2011.93.3.185a","0","Classifies health of patients prior to surgery"
"112","ATLAS SCORE C.DIFF","4","ATLASSCORECDIFFinfo","Gastroenterology Clostridioides difficile abdomen UC","HARVEY-BRADSHAWinfo TRUELOVEWITTSinfo AbdoPainAx RectalBleedingAx ColitisMx AXR","Miller MA, Louie T, Mullane K, Weiss K, Lentnek A, Golan Y, Kean Y, Sears P.$$Derivation and validation of a simple clinical bedside score (ATLAS) for Clostridium difficile infection which predicts response to therapy 2013$$https://link.springer.com/article/10.1186/1471-2334-13-148","0","Predicts response to therapy in patients with C. diff"
"113","AUDIT-C","4","AUDIT-Cinfo","Emergency Gastroenterology GP Psychiatry alcohol","APRIinfo CAGEQUESTIONNAIREinfo CHILD-PUGHinfo GAD-7info HAMILTONANXIETYSCALEinfo MDIinfo MELD-NAinfo PHQ-9info ROCKALLPOST-ENDOSCOPYinfo ROCKALLPRE-ENDOSCOPYinfo UKELDinfo AlcoholMx DecompensatedCirrhosisMx UpperGIBleedMx AsciticFluidAnalysis","Bush K, Kivlahan DR, McDonell MB, Fihn SD, Bradley KA,$$Ambulatory Care Quality Improvement Project (ACQUIP. The AUDIT alcohol consumption questions (AUDIT-C): an effective brief screening test for problem drinking 1998$$https://jamanetwork.com/journals/jamainternalmedicine/article-abstract/208954££Babor TF, Higgins-Biddle JC, Saunders JB, Monteiro MG.$$The alcohol use disorders identification test. Geneva: World Health Organization 2001$$https://www.mirecc.va.gov/cih-visn2/Documents/Provider_Education_Handouts/AUDIT_Test_Manual.pdf","0","Identifies at risk drinkers who may not be alcohol dependent"
"114","AWOL DELIRIUM SCORE","4","AWOLSCOREinfo","Geriatrics Psychiatry LOC GCS","4ASDELERIUMinfo AMT-10info AMT-4info APRIinfo AUDIT-Cinfo AbbeyPainScaleinfo PAINADVANCEDDEMENTIAinfo ConfusionAx LowGCSAx StrokeAx HeadInjury PainMx SedationMx Sepsis6 CapacityConsent","Douglas VC, Hessler CS, Dhaliwal G, Betjemann JP, Fukuda KA, Alameddine LR, Lucatorto R, Johnston SC, Josephson SA$$The AWOL tool: derivation and validation of a delirium prediction rule 2013$$https://shmpublications.onlinelibrary.wiley.com/doi/abs/10.1002/jhm.2062££Brown EG, Josephson SA, Anderson N, Reid M, Lee M, Douglas VC$$Predicting inpatient delirium: the AWOL delirium risk-stratification score in clinical practice 2017$$https://www.sciencedirect.com/science/article/pii/S0197457217301106","0","Predicts risk of delirium during hospital admission"
"115","ABBEY PAIN SCALE","4","AbbeyPainScaleinfo","Geriatrics Psychiatry pain dementia","4ASDELERIUMinfo ConfusionAx PainMx","Abbey J, Piller N, Bellis AD, Esterman A, Parker D, Giles L, Lowcay B.$$The Abbey pain scale: a 1-minute numerical indicator for people with end-stage dementia 2013$$https://www.magonlinelibrary.com/doi/abs/10.12968/ijpn.2004.10.1.12013££Liu JY, Briggs M, Closs SJ.$$The psychometric qualities of four observational pain tools (OPTs) for the assessment of pain in elderly people with osteoarthritic pain 2010$$https://www.sciencedirect.com/science/article/pii/S0885392410004665","0","Assesses pain in patients with advanced dementia"
"116","ALVARADO SCORE","4","AlvaradoScoreinfo","Emergency Surgery General Surgery Abdomen","AIRinfo AbdoPainAx FeverAx AXR","Alvarado A.$$A practical score for the early diagnosis of acute appendicitis 1986$$https://www.sciencedirect.com/science/article/pii/S0196064486809933££McKay R, Shepherd J.$$The use of the clinical scoring system by Alvarado in the decision to perform computed tomography for acute appendicitis in the ED 2007$$https://www.sciencedirect.com/science/article/pii/S0735675706004153££Pogorelic Z, Rak S, Mrklic I, Juric I.$$Prospective validation of Alvarado score and Pediatric Appendicitis Score for the diagnosis of acute appendicitis in children 2015$$https://journals.lww.com/pec-online/FullText/2015/03000/Prospective_Validation_of_Alvarado_Score_and.2.aspx££Coleman JJ, Carr BW, Rogers T, Field MS, Zarzaur BL, Savage SA, Hammer PM, Brewer BL, Feliciano DV, Rozycki GS.$$The Alvarado score should be used to reduce emergency department length of stay and radiation exposure in select patients with abdominal pain 2018$$https://journals.lww.com/jtrauma/FullText/2018/06000/The_Alvarado_score_should_be_used_to_reduce.15.aspx","0","Predicts likelihood of acute appendicitis"
"118","BAP-65 SCORE","4","BAP-65SCOREinfo","Emergency GP Respiratory COPD SOB Chest","GOLDinfo CURB-65info PackYearsCalcinfo HaemoptysisAx SOBAx COPDExacerbationMx ABGAnalysis CXR OxygenDelivery","Tabak YP, Sun X, Johannes RS, Gupta V, Shorr AF.$$Mortality and need for mechanical ventilation in acute exacerbations of chronic obstructive pulmonary disease: development and validation of a simple risk score 2009$$https://jamanetwork.com/journals/jamainternalmedicine/article-abstract/224759££Shorr AF, Sun X, Johannes RS, Yaitanes A, Tabak YP.$$Validation of a novel risk score for severity of illness in acute exacerbations of COPD 2011$$https://www.sciencedirect.com/science/article/pii/S0012369211605837","0","Predicts mortality in acute COPD exacerbation"
"119","BEIGHTON SCORE","4","BEIGHTONinfo","GP Orthopaedics Rheumatology Joint","PainfulLimbAx CervicalSpineInjury MSKAnatomy MSKXray","Malek S, Reinhold EJ, Pearce GS.$$The Beighton Score as a measure of generalised joint hypermobility 2021$$https://link.springer.com/article/10.1007/s00296-021-04832-4££Bockhorn LN, Vera AM, Dong D, Delgado DA, Varner KE, Harris JD.$$Interrater and intrarater reliability of the beighton score: a systematic review 2021$$https://journals.sagepub.com/doi/abs/10.1177/2325967120968099","0","Measures joint hypermobility on a 9-point scale"
"120","BISAP SCORE","4","BISAPSCOREinfo","Gastroenterology Surgery General Surgery Abdomen","CIWA-Arinfo GLASGOW-IMRIEinfo AbdoPainAx AlcoholMx","Wu BU, Johannes RS, Sun X, Tabak Y, Conwell DL, Banks PA$$The early prediction of mortality in acute pancreatitis: a large population-based study 2008$$https://gut.bmj.com/content/57/12/1698.short££Papachristou GI, Muddana V, Yadav D, O'connell M, Sanders MK, Slivka A, Whitcomb DC$$Comparison of BISAP, Ranson's, APACHE-II, and CTSI scores in predicting organ failure, complications, and mortality in acute pancreatitis 2010$$https://journals.lww.com/ajg/fulltext/2010/02000/Comparison_of_BISAP,_Ranson_s,_APACHE_II,_and_CTSI.28.aspx££Gompertz M, Fernandez L, Lara I, Miranda JP, Mancilla C, Berger Z$$Bedside index for severity in acute pancreatitis (BISAP) score as predictor of clinical outcome in acute pancreatitis: retrospective review of 128 patients 2012$$https://europepmc.org/article/med/23282769","0","Predicts mortality risk in pancreatitis: similar to Ranson's criteria with less variables"
"121","BMI","4","BMIinfo","Gastroenterology GP Orthopaedics Medicine Surgery","ADJUSTEDBODYWEIGHTinfo IDEALBODYWEIGHTinfo MUSTinfo STOP-BANGinfo IVFluidMx VTEProphylaxis IVFluids","Gadzik J.$$How much should I weigh?--Quetelet's equation, upper weight limits, and BMI prime 2006$$https://europepmc.org/article/med/16768059","0","Calculates body mass index"
"122","BPS PAIN INTUBATED PATIENTS","4","BPSinfo","Critical Care ITU Intensive Care Pain","APACHEIISCOREinfo PAINADVANCEDDEMENTIAinfo PainMx","Payen JF, Bru O, Bosson JL, Lagrasta A, Novel E, Deschaux I, Lavagne P, Jacquot C$$Assessing pain in critically ill sedated patients by using a behavioral pain scale 2001$$https://journals.lww.com/ccmjournal/fulltext/2001/12000/assessing_pain_in_critically_ill_sedated_patients.4.aspx££Ahlers SJ, van der Veen AM, van Dijk M, Tibboel D, Knibbe CA$$The use of the Behavioral Pain Scale to assess pain in conscious sedated patients 2010$$https://pubmed.ncbi.nlm.nih.gov/19897804/","0","Behavioural Pain Scale: Quantifies pain in intubated patients"
"123","BSA","4","BSAinfo","Critical Care ITU Intensive Care Medicine Surgery","ADJUSTEDBODYWEIGHTinfo BMIinfo IDEALBODYWEIGHTinfo MUSTinfo STOP-BANGinfo IVFluidMx IVFluids","Gadzik J.$$How much should I weigh?--Quetelet's equation, upper weight limits, and BMI prime 2006$$https://europepmc.org/article/med/16768059","0","Calculates body surface area"
"124","BUN CREATININE RATIO","4","BUNinfo","Critical Care ITU Intensive Care Renal Nephrology Medicine","AKINCLASSIFICATIONinfo ANIONinfo ANIONCorrectedinfo CKD-EPIinfo CREATININECLEARANCEinfo DeterioratingPatientAx LowUrineOutputAx HyperkalemiaMx IVFluidMx AKI Gentamicin IVFluids","Levin A, Stevens PE, Bilous RW, Coresh J, De Francisco AL, De Jong PE, Griffith KE, Hemmelgarn BR, Iseki K, Lamb EJ, Levey AS$$Kidney Disease: Improving Global Outcomes (KDIGO) CKD Work Group 2012 clinical practice guideline for the evaluation and management of chronic kidney disease 2013$$https://pure.johnshopkins.edu/en/publications/kidney-disease-improving-global-outcomes-kdigo-ckd-work-group-kdi-4££Khwaja A$$KDIGO clinical practice guidelines for acute kidney injury 2012$$https://karger.com/nec/article/120/4/c179/830716","0","Renal function measurement"
"125","BRUGADA CRITERIA","4","BRUGADACRITERIAinfo","Cardiology Emergency Heart arrhythmia VT SVT","CORRECTEDQTinfo ChestPainAx ACSMx AFMx HyperkalemiaMx HypokalemiaMx TachycardiaMx ECG","Brugada P, Brugada J, Mont L, Smeets JL, Andries EW$$A new approach to the differential diagnosis of a regular tachycardia with a wide QRS complex 1991$$https://www.ahajournals.org/doi/abs/10.1161/01.CIR.83.5.1649££Isenhour JL, Craig S, Gibbs M, Littmann L, Rose G, Risch R$$Wide-complex tachycardia: continued evaluation of diagnostic criteria 2008 $$https://onlinelibrary.wiley.com/doi/abs/10.1111/j.1553-2712.2000.tb02267.x","0","Distinguishes ventricular tachycardia from supraventricular tachycardia"
"126","CAGE QUESTIONNAIRE","4","CAGEQUESTIONNAIREinfo","Emergency Gastroenterology GP Psychiatry CIWA-AR","APRIinfo AUDIT-Cinfo GAD-7info HAMILTONANXIETYSCALEinfo MDIinfo MELD-NAinfo PHQ-9info UKELDinfo HaematemesisAx AlcoholMx DecompensatedCirrhosisMx UpperGIBleedMx AsciticFluidAnalysis","Ewing JA.$$Detecting alcoholism: the CAGE questionnaire 1984$$https://jamanetwork.com/journals/jama/article-abstract/394693££Williams N.$$The CAGE questionnaire 2014$$https://academic.oup.com/occmed/article-abstract/64/6/473/1432970££Bernadt MW, Taylor C, Mumford J, Smith B, Murray RM.$$Comparison of questionnaire and laboratory tests in the detection of excessive drinking and alcoholism 1982$$https://www.sciencedirect.com/science/article/pii/S0140673682915793££Fiellin DA, Reid MC, O'Connor PG.$$Screening for alcohol problems in primary care: a systematic review  2000 $$https://jamanetwork.com/journals/jamainternalmedicine/article-abstract/485393","0","Screens for excessive drinking and alcoholism"
"127","CENTOR SCORE","4","CENTORinfo","GP ENT Otorhinolaryngology throat tonsillitis","FeverPAINinfo FeverAx Sepsis6","Centor RM, Witherspoon JM, Dalton HP, Brody CE, Link K$$The diagnosis of strep throat in adults in the emergency room 1981$$https://journals.sagepub.com/doi/abs/10.1177/0272989x8100100304££McIsaac WJ, White D, Tannenbaum D, Low DE$$A clinical score to reduce unnecessary antibiotic use in patients with sore throat 1998$$https://www.cmaj.ca/content/158/1/75.short££Fine AM, Nizet V, Mandl KD$$Large-scale validation of the Centor and McIsaac scores to predict group A streptococcal pharyngitis 2012$$https://jamanetwork.com/journals/jamainternalmedicine/article-abstract/1157417","0","Estimates probability that acute pharyngitis is streptococcal in nature"
"128","CHA2DS2-VASc Score","4","CHA2DS2-VAScScoreinfo","Cardiology GP Neurology Geriatrics Heart arrhthmia","StrokeAx AFMx StrokeMx TachycardiaMx VTEProphylaxis","Lip GY, Nieuwlaat R, Pisters R, Lane DA, Crijns HJ.$$Refining clinical risk stratification for predicting stroke and thromboembolism in atrial fibrillation using a novel risk factor-based approach: the euro heart survey on atrial fibrillation 2010$$https://www.sciencedirect.com/science/article/pii/S0012369210600670££Friberg L, Rosenqvist M, Lip GY.$$Evaluation of risk stratification schemes for ischaemic stroke and bleeding in 182 678 patients with atrial fibrillation: the Swedish Atrial Fibrillation cohort study 2012$$https://academic.oup.com/eurheartj/article-abstract/33/12/1500/473502££Okumura K, Inoue H, Atarashi H, Yamashita T, Tomita H, Origasa H, J-Rhythm Registry Investigators.$$Validation of CHA2DS2-VASc and HAS-BLED Scores in Japanese Patients With Nonvalvular Atrial Fibrillation: An Analysis of the J-RHYTHM Registry 2014$$https://www.jstage.jst.go.jp/article/circj/78/7/78_CJ-14-0144/_article/-char/ja/","0","Calculates stroke risk for patients with AF"
"129","CHILD-PUGH","4","CHILD-PUGHinfo","Gastroenterology hepatic hepatology","APRIinfo AUDIT-Cinfo CAGEQUESTIONNAIREinfo CLIF-CACLFinfo FIB-4info SAAGinfo UKELDinfo WESTHAVENinfo HaematemesisAx AlcoholMx DecompensatedCirrhosisMx UpperGIBleedMx AsciticFluidAnalysis","Pugh RN, Murray‚ÄêLyon IM, Dawson JL, Pietroni MC, Williams R.$$Transection of the oesophagus for bleeding oesophageal varices 1973$$https://bjssjournals.onlinelibrary.wiley.com/doi/abs/10.1002/bjs.1800600817££Durand F, Valla D$$Assessment of the prognosis of cirrhosis: Child-Pugh versus MELD 2005$$https://www.journal-of-hepatology.eu/article/S0168-8278(04)00533-1/abstract","0","Estimates liver cirrhosis severity"
"130","CIWA-Ar","4","CIWA-Arinfo","Emergency Gastroenterology GP CAGE","APRIinfo AUDIT-Cinfo BISAPSCOREinfo CAGEQUESTIONNAIREinfo CHILD-PUGHinfo GLASGOW-IMRIEinfo LILLEMODELinfo MADDREY'Sinfo UKELDinfo ConfusionAx LowGCSAx AcuteSeizureMx AlcoholMx DecompensatedCirrhosisMx","Sullivan JT, Sykora K, Schneiderman J, Naranjo CA, Sellers EM.$$Assessment of alcohol withdrawal: the revised clinical institute withdrawal assessment for alcohol scale (CIWA-Ar) 1989$$https://onlinelibrary.wiley.com/doi/abs/10.1111/j.1360-0443.1989.tb00737.x££Miller JP.$$Routine hospital alcohol detoxification practice compared to symptom triggered management with an Objective Withdrawal Scale (CIWA-Ar) 2000$$https://www.tandfonline.com/doi/abs/10.1080/10550490050173208","0","Assessment severity of alcohol withdrawal"
"131","CKD-EPI CREATININE 2021","4","CKD-EPIinfo","Renal Nephrology Medicine","AKINCLASSIFICATIONinfo ANIONinfo ANIONCorrectedinfo KIDNEYFAILUREinfo DeterioratingPatientAx HaematuriaAx LowUrineOutputAx HyperkalemiaMx IVFluidMx AKI Gentamicin IVFluids Teicoplanin Vancomycin","Inker LA, Eneanya ND, Coresh J, Tighiouart H, Wang D, Sang Y, Crews DC, Doria A, Estrella MM, Froissart M, Grams ME$$New creatinine and cystatin C based equations to estimate GFR without race 2021$$https://www.nejm.org/doi/full/10.1056/NEJMoa2102953££Rossing P, Caramori ML, Chan JC, Heerspink HJ, Hurst C, Khunti K, Liew A, Michos ED, Navaneethan SD, Olowu WA, Sadusky T$$Executive summary of the KDIGO 2022 Clinical Practice Guideline for Diabetes Management in Chronic Kidney Disease: an update based on rapidly emerging new evidence 2022$$https://www.sciencedirect.com/science/article/pii/S008525382200518X","0","Estimates GFR based on serum creatinine based on CKD-EPI Creatinine 2021 equation"
"132","CLIF-C ACLF","4","CLIF-CACLFinfo","Gastroenterology abdomen liver","APRIinfo AUDIT-Cinfo CAGEQUESTIONNAIREinfo CHILD-PUGHinfo SAAGinfo UKELDinfo WESTHAVENinfo DeterioratingPatientAx HaematemesisAx AlcoholMx DecompensatedCirrhosisMx HypoglycaemiaMx INRMx AsciticFluidAnalysis","Jalan R, Saliba F, Pavesi M, Amoros A, Moreau R, Gin√®s P, Levesque E, Durand F, Angeli P, Caraceni P, Hopf C$$Development and validation of a prognostic score to predict mortality in patients with acute-on-chronic liver failure 2014$$https://www.sciencedirect.com/science/article/pii/S0168827814004085££Lee M, Lee JH, Oh S, Jang Y, Lee W, Lee HJ, Yoo JJ, Choi WM, Cho YY, Cho Y, Lee DH.$$CLIF-SOFA scoring system accurately predicts short-term mortality in acutely decompensated patients with alcoholic cirrhosis: a retrospective analysis 2014$$https://onlinelibrary.wiley.com/doi/abs/10.1111/liv.12683££Engelmann C, Thomsen KL, Zakeri N, Sheikh M, Agarwal B, Jalan R, Mookerjee RP.$$Validation of CLIF-C ACLF score to define a threshold for futility of intensive care support for patients with acute-on-chronic liver failure. 2018 $$https://link.springer.com/article/10.1186/s13054-018-2156-0££Moreau R, Jalan R, Gines P, Pavesi M, Angeli P, Cordoba J, Durand F, Gustot T, Saliba F, Domenicali M, Gerbes A.$$Acute-on-chronic liver failure is a distinct syndrome that develops in patients with acute decompensation of cirrhosis 2013$$https://www.sciencedirect.com/science/article/pii/S0016508513002916","0","Predicts mortality in acute-on-chronic liver failure."
"133","COPD GOLD CRITERIA","4","GOLDinfo","Respiratory GP chest SOB COPD","BAP-65SCOREinfo CURB-65info HaemoptysisAx SOBAx COPDExacerbationMx PneumoniaMx ABGAnalysis CXR NeuroExam","Duckworth C, Boniface MJ, Kirk A, Wilkinson TM$$Exploring the Validity of GOLD 2023 Guidelines: Should GOLD C and D Be Combined? 2023$$https://www.tandfonline.com/doi/abs/10.2147/COPD.S430344££Parums DV.$$Global Initiative for Chronic Obstructive Lung Disease (GOLD) 2023 Guidelines for COPD, Including COVID-19, Climate Change, and Air Pollution 2023$$https://www.ncbi.nlm.nih.gov/pmc/articles/PMC10552569/££Brat K, Svoboda M, Zatloukal J, Plutinsky M, Volakova E, Popelkova P, Novotna B, Dvorak T, Koblizek V$$Prognostic properties of the GOLD 2023 classification system 2023$$https://www.tandfonline.com/doi/abs/10.2147/COPD.S410372","0","Global Initiative for Obstructive Lung Disease: Stratifies levels of COPD and provides recommendation on treatment"
"134","CORRECTED QT","4","CORRECTEDQTinfo","Cardiology arrhthmia chest heart ACS","PackYearsCalcinfo ChestPainAx ACSMx AFMx BradycardiaMx TachycardiaMx ECG","Bazett HC$$An analysis of the time-relations of electrocardiograms 1997$$https://onlinelibrary.wiley.com/doi/abs/10.1111/j.1542-474X.1997.tb00325.x££Fridericia LS$$The duration of systole in an electrocardiogram in normal humans and in patients with heart disease 2003$$https://www.ncbi.nlm.nih.gov/pmc/articles/PMC7328879/££Luo S, Michler K, Johnston P, Macfarlane PW$$A comparison of commonly used QT correction formulae: the effect of heart rate on the QTc of normal ECGs 2004$$https://www.sciencedirect.com/science/article/pii/S0022073604001001££Vandenberk B, Vandael E, Robyns T, Vandenberghe J, Garweg C, Foulon V, Ector J, Willems R$$Which QT correction formulae to use for QT monitoring? 2016$$https://www.ahajournals.org/doi/abs/10.1161/jaha.116.003264££Sagie A, Larson MG, Goldberg RJ, Bengtson JR, Levy$$An improved method for adjusting the QT interval for heart rate (the Framingham Heart Study) 1992$$https://www.sciencedirect.com/science/article/pii/000291499290562D££Rautaharju PM, Mason JW, Akiyama T$$New age-and sex-specific criteria for QT prolongation based on rate correction formulas that minimize bias at the upper normal limits 2014$$https://www.sciencedirect.com/science/article/pii/S0167527314008134","0","Corrects the QT interval for heart rate - QTc"
"135","CREATININE CLEARANCE","4","CREATININECLEARANCEinfo","Geriatrics Renal Nephrology Medicine","AKINCLASSIFICATIONinfo BUNinfo CKD-EPIinfo CREATININECLEARANCEinfo FREEWATERDEFICITinfo KIDNEYFAILUREinfo DeterioratingPatientAx HaematuriaAx LowUrineOutputAx HyperkalemiaMx IVFluidMx AKI Gentamicin IVFluids Teicoplanin Vancomycin","Eknoyan G, Lameire N, Eckardt K, Kasiske B, Wheeler D, Levin A, Stevens PE, Bilous RW, Lamb EJ, Coresh JJ.$$KDIGO 2012 clinical practice guideline for the evaluation and management of chronic kidney disease  2013$$https://kdigo.org/wp-content/uploads/2017/02/KDIGO_2012_CKD_GL.pdf££Cockcroft DW, Gault H.$$Prediction of creatinine clearance from serum creatinine 1976$$https://www.karger.com/Article/Abstract/180580££Brown DL, Masselink AJ, Lalla CD.$$Functional range of creatinine clearance for renal drug dosing: a practical solution to the controversy of which weight to use in the Cockcroft-Gault equation 2013$$https://journals.sagepub.com/doi/pdf/10.1345/aph.1S176","0","Calculates Creatinine Clearance according to the Cockcroft-Gault equation"
"136","CDAI","4","CDAIinfo","Gastroenterology abdomen inflammatory IDB bowel","ATLASSCORECDIFFinfo HARVEY-BRADSHAWinfo MAYOSCOREinfo TRUELOVEWITTSinfo AbdoPainAx RectalBleedingAx ColitisMx AXR","Best WR, Becktel JM, Singleton JW, Kern Jr F$$Development of a Crohn's disease activity index: National Cooperative Crohn's Disease Study 1976$$https://www.sciencedirect.com/science/article/pii/S0016508576801631££J√∏rgensen LG, Fredholm L, Hyltoft Petersen P, Hey H, Munkholm P, Brandslund I$$How accurate are clinical activity indices for scoring of disease activity in inflammatory bowel disease (IBD)? 2011$$https://www.degruyter.com/document/doi/10.1515/CCLM.2005.073/html££Yoshida EM$$The Crohn's Disease Activity Index, its derivatives and the inflammatory bowel disease questionnaire: A review of instruments to assess in Crohn's disease 1999$$https://www.hindawi.com/journals/cjgh/1999/506915/abs/","0","Crohn's Disease Activity Index: current severity of Crohn's disease"
"137","CURB-65","4","CURB-65info","Emergency GP Respiratory Chest SOB LRTI","BAP-65SCOREinfo GOLDinfo LIGHT'SCRITERIAinfo PackYearsCalcinfo ChestPainAx FeverAx HaemoptysisAx SOBAx AcuteAsthmaMx COPDExacerbationMx PneumoniaMx ABGAnalysis CXR OxygenDelivery","Lim WS, Van der Eerden MM, Laing R, Boersma WG, Karalus N, Town GI, Lewis SA, Macfarlane J.$$Defining community acquired pneumonia severity on presentation to hospital: an international derivation and validation study 2003$$https://thorax.bmj.com/content/58/5/377.short££Shah NN, Shah BA, Ahmed W, Dhobi GN, Haq I.$$Validity of pneumonia severity index and curb-65 severity scoring systems in community-acquired pneumonia in a third world country 2009$$https://journal.chestnet.org/article/S0012-3692(16)47639-7/abstract££Aujesky D, Auble TE, Yealy DM, Stone RA, Obrosky DS, Meehan TP, Graff LG, Fine JM, Fine MJ.$$Prospective comparison of three validated prediction rules for prognosis in community-acquired pneumonia 2005$$https://www.sciencedirect.com/science/article/pii/S0002934305000070££Myint PK, Kamath AV, Vowler SL, Maisey DN, Harrison BD.$$Severity assessment criteria recommended by the British Thoracic Society (BTS) for community-acquired pneumonia (CAP) and older patients. Should SOAR (systolic blood pressure, oxygenation, age and respiratory rate) criteria be used in older people? A compilation study of two prospective cohorts 2006$$https://academic.oup.com/ageing/article-abstract/35/3/286/40423","0","Estimates mortality of community-acquired pneumonia"
"138","FIB-4","4","FIB-4info","Gastroenterology Abdomen Hepatic Hepatology","APRIinfo CAGEQUESTIONNAIREinfo CHILD-PUGHinfo AlcoholMx DecompensatedCirrhosisMx HyperglycaemiaMx AsciticFluidAnalysis Insulin","Sterling RK, Lissen E, Clumeck N, Sola R, Correa MC, Montaner J, Sulkowski MS, Torriani FJ, Dieterich DT, Thomas DL, Messinger D$$Development of a simple noninvasive index to predict significant fibrosis in patients with HIV/HCV coinfection 2006$$https://journals.lww.com/hep/fulltext/2006/06000/Development_of_a_simple_noninvasive_index_to.19.aspx££Kim BK, Kim DY, Park JY, Ahn SH, Chon CY, Kim JK, Paik YH, Lee KS, Park YN, Han KH$$Validation of FIB-4 and comparison with other simple noninvasive indices for predicting liver fibrosis and cirrhosis in hepatitis B virus infected patients 2010$$https://onlinelibrary.wiley.com/doi/abs/10.1111/j.1478-3231.2009.02192.x?casa_token=ny41EGyrf_kAAAAA:7nL5ZKe3R4bUMu4li0zl1SBkfS1xk1mTpGR_xZlL6T76v72NqdmQGFZwT5TQfYBuvBzzgxxlZcBC2Go££McPherson S, Hardy T, Dufour JF, Petta S, Romero-Gomez M, Allison M, Oliveira CP, Francque S, Van Gaal L, Schattenberg JM, Tiniakos D$$Age as a confounding factor for the accurate non-invasive diagnosis of advanced NAFLD fibrosis 2017$$https://journals.lww.com/ajg/fulltext/2017/05000/age_as_a_confounding_factor_for_the_accurate.21.aspx","0","Index for Liver Fibrosis. Non-invasive estimate of liver fibrosis in HCV & HBV patients to assess need for biopsy."
"139","FORREST CLASSIFICATION","4","FORRESTinfo","Gastroenterology Surgery General Surgery UGIB haemorrhage","GLASGOWBLATCHFORDinfo ROCKALLPOST-ENDOSCOPYinfo ROCKALLPRE-ENDOSCOPYinfo HaematemesisAx TransfusionMx UpperGIBleedMx ClottingProducts TransfusionConsent VascularAnatomy","Forrest JH, Finlayson ND, Shearman DJ$$Endoscopy in gastrointestinal bleeding 1974$$https://www.sciencedirect.com/science/article/pii/S014067367491770X££de Groot NL, van Oijen MG, Kessels K, Hemmink M, Weusten BL, Timmer R, Hazen WL, van Lelyveld N, Vermeijden RR, Curvers WL, Baak BC$$Reassessment of the predictive value of the Forrest classification for peptic ulcer rebleeding and mortality: can classification be simplified? 2014$$https://www.thieme-connect.com/products/ejournals/html/10.1055/s-0033-1344884","0","Forrest Classification of Upper GI Bleeding: severity based on endoscopic finding"
"140","FeverPAIN SCORE","4","FeverPAINinfo","GP ENT Otorhinolaryngology throat tonsillitis","CENTORinfo FeverAx SOBAx Sepsis6","Little P, Hobbs FR, Mant D, McNulty CA, Mullee M$$Incidence and clinical variables associated with streptococcal throat infections: a prospective diagnostic cohort study 2012$$https://bjgp.org/content/62/604/e787.short££Little P, Moore M, Hobbs FD, Mant D, McNulty C, Williamson I, Cheng E, Stuart B, Kelly J, Barnett J, Mullee M$$PRImary care Streptococcal Management (PRISM) study: identifying clinical variables associated with Lancefield group A beta-haemolytic streptococci and Lancefield non-Group A streptococcal throat infections from two cohorts of patients presenting with an acute sore throat 2013$$https://bmjopen.bmj.com/content/3/10/e003943.short","0","Estimates probability that acute pharyngitis is streptococcal in nature"
"141","FREE WATER DEFICIT","4","FREEWATERDEFICITinfo","Critical Care ITU Intensive Care Endocrinology","BUNinfo HYPONATRAEMIANADEFICIT-ADULTinfo SODIUMCORRECTIONinfo LowUrineOutputAx HyperkalemiaMx HyponatremiaMx IVFluidMx AKI IVFluids","Adrogue HJ, Madias NE.$$Hypernatremia 2000$$https://www.nejm.org/doi/full/10.1056/nejm200005183422006££Barsoum NR, Levine BS.$$Current prescriptions for the correction of hyponatraemia and hypernatraemia: are they too simple? 2002$$https://academic.oup.com/ndt/article-abstract/17/7/1176/1813135","0","Calculates free water deficit in hypernatremia by estimated total body water"
"142","GAD-7","4","GAD-7info","GP Psychiatry mental","HAMILTONANXIETYSCALEinfo MDIinfo PHQ-9info ConfusionAx AlcoholMx CapacityConsent","Spitzer RL, Kroenke K, Williams JB, Lowe B$$A brief measure for assessing generalized anxiety disorder: the GAD-7 2006$$https://jamanetwork.com/journals/jamainternalmedicine/fullarticle/410326/££Ruiz MA, Zamorano E, Garce-Campayo J, Pardo A, Freire O, Rejas J$$Validity of the GAD-7 scale as an outcome measure of disability in patients with generalized anxiety disorders in primary care 2011$$https://www.sciencedirect.com/science/article/pii/S016503271000491X££Kroenke K, Spitzer RL, Williams JB, Monahan PO, Lowe B$$Anxiety disorders in primary care: prevalence, impairment, comorbidity, and detection 2007$$https://www.acpjournals.org/doi/abs/10.7326/0003-4819-146-5-200703060-00004","0","General Anxiety Disorder-7: measures severity of anxiety"
"143","GCA PROBABILITY SCORE","4","GCAinfo","Ophthalmology Orthopaedics Headache PMR inflammation temporal","AGEADJUSTEDCRPESRinfo MEWSinfo NEWS2info OphthalmologyEx HeadacheAx OphthalmologyMx","Melville AR, Donaldson K, Dale J, Ciechomska A$$Validation of the Southend giant cell arteritis probability score in a Scottish single-centre fast-track pathway 2022$$https://academic.oup.com/rheumap/article-abstract/6/1/rkab102/6462437££Sebastian A, van der Geest KS, Tomelleri A, Macchioni P, Klinowski G, Salvarani C, Prieto-Pena D, Conticini E, Khurshid M, Dagna L, Brouwer E$$Development of a diagnostic prediction model for giant cell arteritis by sequential application of Southend Giant Cell Arteritis Probability Score and ultrasonography: a prospective multicentre study 2024$$https://www.thelancet.com/journals/lanrhe/article/PIIS2665-9913(24)00027-4/abstract","0","Risk stratification of patients with potential GCA"
"144","GCS","4","GCSinfo","Critical Care ITU Intensive Care Emergency GP Neurology GCS","4ASDELERIUMinfo GCSPUPILinfo MEWSinfo NEWS2info NIHSSinfo OTTAWASAHRULEinfo WESTHAVENinfo ConfusionAx DeterioratingPatientAx LowGCSAx StrokeAx AcuteSeizureMx CervicalSpineInjury EndOfLifeMedications HeadInjury HypoglycaemiaMx SedationMx CSFAnalysis NeuroAnatomy NeuroExam","Teasdale G, Jennett B.$$Assessment of coma and impaired consciousness: a practical scale 1974$$https://www.sciencedirect.com/science/article/pii/S0140673674916390££Moore L, Lavoie A, Camden S, Le Sage N, Sampalis JS, Bergeron E, Abdous B.$$Statistical validation of the Glasgow coma score 2006$$https://journals.lww.com/jtrauma/Fulltext/2006/06000/Improving_the_Glasgow_Coma_Scale_Score__Motor.12.aspx££Reith FC, Van den Brande R, Synnot A, Gruen R, Maas AI.$$The reliability of the Glasgow Coma Scale: a systematic review 2016$$https://link.springer.com/article/10.1007/s00134-015-4124-3","0","Coma severity based on Eye, Verbal, and Motor criteria"
"145","GCS + PUPIL","4","GCSPUPILinfo","Critical Care ITU Intensive Care Emergency GP Neurology GCS","GCSinfo MEWSinfo NEWS2info NIHSSinfo OTTAWASAHRULEinfo ConfusionAx DeterioratingPatientAx LowGCSAx StrokeAx AcuteSeizureMx CervicalSpineInjury EndOfLifeMedications HeadInjury HypoglycaemiaMx SedationMx CSFAnalysis NeuroAnatomy NeuroExam","Brennan PM, Murray GD, Teasdale GM.$$Simplifying the use of prognostic information in traumatic brain injury. Part 1: The GCS-Pupils score: an extended index of clinical severity 2018$$https://thejns.org/view/journals/j-neurosurg/128/6/article-p1612.xml","0","Combines GCS and pupil reactivity for greater accuracy at low GCS"
"146","GLASGOW BLATCHFORD","4","GLASGOWBLATCHFORDinfo","Emergency Gastroenterology Surgery General Surgery GP GCS","FORRESTinfo ROCKALLPOST-ENDOSCOPYinfo ROCKALLPRE-ENDOSCOPYinfo HaematemesisAx TransfusionMx UpperGIBleedMx TransfusionConsent VascularAnatomy","Blatchford O, Murray WR, Blatchford M.$$A risk score to predict need for treatment for upper gastrointestinal haemorrhage 2000$$https://www.sciencedirect.com/science/article/pii/S0140673600028166££Chen IC, Hung MS, Chiu TF, Chen JC, Hsiao CT.$$Risk scoring systems to predict need for clinical intervention for patients with nonvariceal upper gastrointestinal tract bleeding 2007$$https://www.sciencedirect.com/science/article/pii/S0735675707000034","0","Stratifies upper GI bleeding patient risk status"
"147","GLASGOW-IMRIE","4","GLASGOW-IMRIEinfo","Emergency Gastroenterology Surgery General Surgery Abdomen pancreas","AUDIT-Cinfo BISAPSCOREinfo CAGEQUESTIONNAIREinfo CHILD-PUGHinfo CIWA-Arinfo FIB-4info AbdoPainAx AlcoholMx AsciticFluidAnalysis","Blamey SL, Imrie CW, O'neill J, Gilmour WH, Carter DC.$$Prognostic factors in acute pancreatitis 1984$$https://gut.bmj.com/content/25/12/1340.abstract££Mounzer R, Langmead CJ, Wu BU, Evans AC, Bishehsari F, Muddana V, Singh VK, Slivka A, Whitcomb DC, Yadav D, Banks PA.$$Comparison of existing clinical scoring systems to predict persistent organ failure in patients with acute pancreatitis 2012$$https://www.sciencedirect.com/science/article/pii/S0016508512003381","0","Determines severity of acute pancreatitis"
"148","GLASGOW ALCOHOLIC HEPATITIS","4","GLASGOWALCOHOLICHEPATITISinfo","Gastroenterology liver hepatology hepatic","APRIinfo AUDIT-Cinfo CAGEQUESTIONNAIREinfo CHILD-PUGHinfo CIWA-Arinfo LILLEMODELinfo MADDREY'Sinfo WESTHAVENinfo DecompensatedCirrhosisMx","Forrest EH, Evans CD, Stewart S, Phillips M, Oo YH, McAvoy NC, Fisher NC, Singhal S, Brind A, Haydon G, O'grady J$$Analysis of factors predictive of mortality in alcoholic hepatitis and derivation and validation of the Glasgow alcoholic hepatitis score 2005$$https://gut.bmj.com/content/54/8/1174.short","0","Predicts mortality in patients with alcoholic hepatitis by lab results and age"
"149","HAMILTON ANXIETY SCALE","4","HAMILTONANXIETYSCALEinfo","Psychiatry GP mental","GAD-7info MDIinfo ConfusionAx AlcoholMx CapacityConsent","Hamilton MA$$The assessment of anxiety states by rating 1959$$https://www.intechopen.com/chapters/19365££Maier W, Buller R, Philipp M, Heuser I$$The Hamilton Anxiety Scale: reliability, validity and sensitivity to change in anxiety and depressive disorders 1988$$https://www.sciencedirect.com/science/article/pii/0165032788900729££Bech P$$Measuring states of anxiety with clinician-rated and patient-rated scales. Different views of anxiety disorders 2011$$https://books.google.com/books?hl=en&lr=&id=ToqfDwAAQBAJ&oi=fnd&pg=PA169&dq=Measuring+States+of+Anxiety+with+Clinician-Rated+and+Patient-Rated+Scales&ots=YB3muzBkhc&sig=H4qrJQrLW0x8xcqhs-DrD3nCxz0","0","Assesses level of anxiety based on clinical questions"
"150","HARVEY-BRADSHAW","4","HARVEY-BRADSHAWinfo","Gastroenterology Abdomen IBD bowel inflammatory","ATLASSCORECDIFFinfo CDAIinfo MAYOSCOREinfo TRUELOVEWITTSinfo AbdoPainAx RectalBleedingAx ColitisMx AXR","Harvey RF, Bradshaw JM.$$A simple index of Crohn's-disease activity 1980$$https://www.academia.edu/download/54004653/S0140-6736_2880_2992767-120170728-23808-1veyigh.pdf££Gomes P, du Boulay C, Smith CL, Holdstock G.$$Relationship between disease activity indices and colonoscopic findings in patients with colonic inflammatory bowel disease 1986$$https://gut.bmj.com/content/27/1/92.abstract££Tun GS, Cripps S, Lobo AJ.$$Crohn's disease: management in adults, children and young people‚Äìconcise guidance 2018$$https://www.ncbi.nlm.nih.gov/pmc/articles/PMC6334085/","0","Index stratifies severity of Crohn's disease"
"151","HAS-BLED Score","4","HAS-BLEDScoreinfo","Cardiology GP haemorrhage","AGE-ADJUSTEDD-DIMERinfo CHA2DS2-VAScScoreinfo WELLSDVTinfo WELLSPEinfo HaematemesisAx RectalBleedingAx StrokeAx DVTPEMx EpistaxisMx INRMx VTEProphylaxis","Pisters R, Lane DA, Nieuwlaat R, De Vos CB, Crijns HJ, Lip GY.$$A novel user-friendly score (HAS-BLED) to assess 1-year risk of major bleeding in patients with atrial fibrillation: the Euro Heart Survey 2010$$https://www.sciencedirect.com/science/article/pii/S0012369210605855££Lip GY, Frison L, Halperin JL, Lane DA.$$Comparative validation of a novel risk score for predicting bleeding risk in anticoagulated patients with atrial fibrillation: the HAS-BLED (Hypertension, Abnormal Renal/Liver Function, Stroke, Bleeding History or Predisposition, Labile INR, Elderly, Drugs/Alcohol Concomitantly) score 2011$$https://www.jacc.org/doi/abs/10.1016/j.jacc.2010.09.024","0","Estimates risk of major bleeding for patients on anticoagulation"
"152","HYPOALBUMINEMIA CA CORRECTION","4","CALCIUMCORRECTIONHYPOALBUMINinfo","Critical Care ITU Intensive Care Endocrinology Gastroenterology electrolytes albumin","DecompensatedCirrhosisMx HypercalcaemiaMx HypocalcaemiaMx RefeedingSyndrome","Payne RB, Little AJ, Williams RB, Milner JR$$Interpretation of serum calcium in patients with abnormal serum proteins 1973$$https://www.bmj.com/content/4/5893/643.abstract","0","Calculates a corrected calcium level for patients with hypoalbuminemia"
"153","HYPONATRAEMIA NA DEFICIT - ADULT","4","HYPONATRAEMIANADEFICIT-ADULTinfo","Endocrinology electrolytes sodium","ConfusionAx HyperglycaemiaMx HyponatremiaMx IVFluidMx IVFluids","Adrogue HJ, Madias NE$$Hyponatremia 2000$$https://www.nejm.org/doi/full/10.1056/nejm200005253422107££Oh MS, Uribarri J, Barrido D, Landman E, Choi KC, Carroll HJ$$Case Report: Danger of Central Pontine Myelinoysis in Hypotonic Dehydration and Recommendation for Treatment 1989$$https://www.sciencedirect.com/science/article/pii/S0002962915362807££Mohmand HK, Issa D, Ahmad Z, Cappuccio JD, Kouides RW, Sterns RH$$Hypertonic saline for hyponatremia: risk of inadvertent overcorrection 2007$$https://journals.lww.com/cjasn/fulltext/2007/11000/hypertonic_saline_for_hyponatremia__risk_of.7.aspx","0","Calculates sodium quantity deficit in hyponatraemia for adults"
"154","BODY WEIGHT - IDEAL","4","IDEALBODYWEIGHTinfo","Critical Care ITU Intensive Care Gastroenterology GP","BMIinfo BSAinfo IVFluidMx VTEProphylaxis IVFluids RefeedingSyndrome","Pai MP, Paloucek FP.$$The origin of the ideal body weight equations 2000$$https://journals.sagepub.com/doi/pdf/10.1345/aph.19381","0","Calculates ideal body weight using Devine formula"
"155","ISTH CRITERIA","4","ISTHCRITERIAinfo","Critical Care ITU Intensive Care Emergency Haematology sepsis","LRINECinfo MAPinfo MEWSinfo NEWS2info DeterioratingPatientAx Sepsis6 ClottingProducts","Taylor Jr FB, Toh CH, Hoots KW, Wada H, Levi M.$$Towards definition, clinical and laboratory criteria, and a scoring system for disseminated intravascular coagulation 2001$$https://www.thieme-connect.com/products/ejournals/html/10.1055/s-0037-1616068££Toh CH, Hoots WK, ISTH T.$$The scoring system of the Scientific and Standardisation Committee on Disseminated Intravascular Coagulation of the International Society on Thrombosis and Haemostasis: a 5-year overview 2007$$https://www.sciencedirect.com/science/article/pii/S153878362210108X££Bakhtiari K, Meijers JC, de Jonge E, Levi M.$$Prospective validation of the International Society of Thrombosis and Haemostasis scoring system for disseminated intravascular coagulation 2004$$https://journals.lww.com/ccmjournal/Fulltext/2004/12000/Sensitivity_of_routine_intensive_care_unit.8.aspx","0","Criteria for overt Disseminated Intravascular Coagulation (DIC)"
"156","KIDNEY FAILURE RISK","4","KIDNEYFAILUREinfo","Renal Nephrology kidney","AKINCLASSIFICATIONinfo BUNinfo CKD-EPIinfo mSOFAinfo QSOFAinfo DeterioratingPatientAx LowUrineOutputAx IVFluidMx AKI IVFluids","Tangri N, Grams ME, Levey AS, Coresh J, Appel LJ, Astor BC, Chodick G, Collins AJ, Djurdjev O, Elley CR, Evans M$$Multinational assessment of accuracy of equations for predicting risk of kidney failure: a meta-analysis 2016$$https://jamanetwork.com/journals/jama/article-abstract/2481005££Tangri N, Stevens LA, Griffith J, Tighiouart H, Djurdjev O, Naimark D, Levin A, Levey AS$$A predictive model for progression of chronic kidney disease to kidney failure 2011$$https://jamanetwork.com/journals/jama/article-abstract/897102££Dai D, Alvarez PJ, Woods SD$$A predictive model for progression of chronic kidney disease to kidney failure using a large administrative claims database 2021$$https://www.tandfonline.com/doi/abs/10.2147/CEOR.S313857","0","Predicts progression to kidney failure in patients with CKD"
"157","KING'S CRITERIA","4","KINGSCRITERIAinfo","Critical Care ITU Intensive Care Emergency Gastroenterology liver hepatic hepatology","MDIinfo WESTHAVENinfo HypoglycaemiaMx ParacetamolOverdoseMx AsciticFluidAnalysis","O'Grady JG, Alexander GJ, Hayllar KM, Williams R.$$Early indicators of prognosis in fulminant hepatic failure 1989$$https://www.sciencedirect.com/science/article/pii/0016508589900814££Bailey B, Amre DK, Gaudreault P.$$Fulminant hepatic failure secondary to acetaminophen poisoning: a systematic review and meta-analysis of prognostic criteria determining the need for liver transplantation 2003$$https://journals.lww.com/ccmjournal/Fulltext/2003/01000/Fulminant_hepatic_failure_secondary_to.48.aspx","0","Paracetamol toxicity - recommends immediate referred for liver transplant"
"159","LIGHT'S CRITERIA","4","LIGHT'SCRITERIAinfo","Critical Care ITU Intensive Care Respiratory lung chest","HaemoptysisAx SOBAx PneumoniaMx CXR PleuralFluidAnalysis","Light RW, Erozan YS, Ball WC.$$Cells in pleural fluid: their value in differential diagnosis 1973$$https://jamanetwork.com/journals/jamainternalmedicine/article-abstract/582207££Light RW.$$The Light criteria: the beginning and why they are useful 40 years later 2013$$https://www.chestmed.theclinics.com/article/S0272-5231(12)00124-4/abstract££Light RW.$$Clinical practice. Pleural effusion 2002$$https://cir.nii.ac.jp/crid/1572824501222054656","0","Light's Criteria to help determine if pleural fluid is exudative or transudative"
"160","LILLE MODEL","4","LILLEMODELinfo","Gastroenterology liver hepatology hepatic","APRIinfo AUDIT-Cinfo CAGEQUESTIONNAIREinfo CHILD-PUGHinfo CIWA-Arinfo FIB-4info MADDREY'Sinfo WESTHAVENinfo AlcoholMx DecompensatedCirrhosisMx AsciticFluidAnalysis","Louvet A, Naveau S, Abdelnour M, Ramond MJ, Diaz E, Fartoux L, Dharancy S, Texier F, Hollebecque A, Serfaty L, Boleslawski E$$The Lille model: a new tool for therapeutic strategy in patients with severe alcoholic hepatitis treated with steroids 2007$$https://aasldpubs.onlinelibrary.wiley.com/doi/pdf/10.1002/hep.21607££Sandahl TD, Jepsen P, Ott P, Vilstrup H$$Validation of prognostic scores for clinical use in patients with alcoholic hepatitis 2011$$https://www.tandfonline.com/doi/abs/10.3109/00365521.2011.587200££Thursz M, Gual A, Lackner C, Mathurin P, Moreno C, Spahr L, Sterneck M, Cortez-Pinto H$$EASL Clinical Practice Guidelines: Management of alcohol-related liver disease 2018$$https://www.sciencedirect.com/science/article/pii/S0168827818302149","0","Predicts mortality in patients with Alcoholic Hepatitis not responding to steroid therapy"
"161","LRINEC SCORE","4","LRINECinfo","Emergency Orthopaedics sepsis infection","ALT-70info MEWSinfo NEWS2info DeterioratingPatientAx LegSwellingAx PainfulLimbAx Sepsis6","Wong CH, Khin LW, Heng KS, Tan KC, Low CO$$The LRINEC (Laboratory Risk Indicator for Necrotizing Fasciitis) score: a tool for distinguishing necrotizing fasciitis from other soft tissue infections 2004$$https://journals.lww.com/ccmjournal/fulltext/2004/07000/Effect_of_prophylactic_administration_of.11.aspx££Bechar J, Sepehripour S, Hardwicke J, Filobbos G$$Laboratory risk indicator for necrotising fasciitis (LRINEC) score for the assessment of early necrotising fasciitis: a systematic review of the literature 2017$$https://publishing.rcseng.ac.uk/doi/abs/10.1308/rcsann.2017.0053££Neeki MM, Dong F, Au C, Toy J, Khoshab N, Lee C, Kwong E, Yuen HW, Lee J, Ayvazian A, Lux P$$Evaluating the laboratory risk indicator to differentiate cellulitis from necrotizing fasciitis in the emergency department 2017$$https://www.ncbi.nlm.nih.gov/pmc/articles/PMC5468074/££Fernando SM, Tran A, Cheng W, Rochwerg B, Kyeremanteng K, Seely AJ, Inaba K, Perry JJ$$Necrotizing soft tissue infection: diagnostic accuracy of physical examination, imaging, and LRINEC score: a systematic review and meta-analysis 2019$$https://journals.lww.com/annalsofsurgery/FullText/2019/01000/Necrotizing_Soft_Tissue_Infection__Diagnostic.15.aspx","0","Predicts likelihood of necrotising fasciitis"
"162","MADDREY'S","4","MADDREY'Sinfo","Gastroenterology hepatic hepatology liver","APRIinfo AUDIT-Cinfo CAGEQUESTIONNAIREinfo CHILD-PUGHinfo CIWA-Arinfo FIB-4info LILLEMODELinfo WESTHAVENinfo AlcoholMx DecompensatedCirrhosisMx AsciticFluidAnalysis","Maddrey WC, Boitnott JK, Bedine MS, Weber Jr FL, Mezey E, White Jr RI.$$Corticosteroid therapy of alcoholic hepatitis 1978$$https://www.sciencedirect.com/science/article/pii/0016508578904018££Soultati AS, Dourakis SP, Alexopoulou A, Deutsch M, Vasilieva L, Archimandritis AJ.$$Predicting utility of a model for end stage liver disease in alcoholic liver disease 2006$$https://www.ncbi.nlm.nih.gov/pmc/articles/PMC4087713/","0","Maddrey's Discriminant Function for Alcoholic Hepatitis: patients with alcoholic hepatitis that may have a poor prognosis and benefit from steroid treatment"
"163","MAJOR DEPRESSION INDEX","4","MDIinfo","Psychiatry GP mental","GAD-7info HAMILTONANXIETYSCALEinfo KINGSCRITERIAinfo PHQ-9info ParacetamolOverdoseMx CapacityConsent","Bech P, Rasmussen NA, Olsen LR, Noerholm V, Abildgaard W$$The sensitivity and specificity of the Major Depression Inventory, using the Present State Examination as the index of diagnostic validity 2001$$https://www.sciencedirect.com/science/article/pii/S0165032700003098££Olsen LR, Jensen DV, Noerholm V, Martiny K, Bech P$$The internal and external validity of the Major Depression Inventory in measuring severity of depressive states 2003$$https://www.cambridge.org/core/journals/psychological-medicine/article/internal-and-external-validity-of-the-major-depression-inventory-in-measuring-severity-of-depressive-states/32712B3B5D8F71BA42FE4EC563CB3F95","0","Screens for depression and rates severity"
"164","MAP","4","MAPinfo","Cardiology Critical Care ITU Intensive Care Emergency Heart","DeterioratingPatientAx FeverAx LowGCSAx LowUrineOutputAx BradycardiaMx IVFluidMx Sepsis6 IVFluids","Magder SA.$$The highs and lows of blood pressure: toward meaningful clinical targets in patients with shock 2014$$https://pubmed.ncbi.nlm.nih.gov/24736333/££Sesso HD, Stampfer MJ, Rosner B, Hennekens CH, Gaziano JM, Manson JE, Glynn RJ.$$Systolic and diastolic blood pressure, pulse pressure, and mean arterial pressure as predictors of cardiovascular disease risk in men 2000$$https://www.ahajournals.org/doi/abs/10.1161/01.hyp.36.5.801££Walsh M, Devereaux PJ, Garg AX, Kurz A, Turan A, Rodseth RN, Cywinski J, Thabane L, Sessler DI.$$Relationship between intraoperative mean arterial pressure and clinical outcomes after noncardiac surgery: toward an empirical definition of hypotension 2013$$https://pubmed.ncbi.nlm.nih.gov/23835589/","0","Calculates mean arterial pressure"
"165","MAYO SCORE","4","MAYOSCOREinfo","Gastroenterology abdomen IBD inflammatory bowel","ATLASSCORECDIFFinfo CDAIinfo HARVEY-BRADSHAWinfo TRUELOVEWITTSinfo AbdoPainAx RectalBleedingAx ColitisMx","Schroeder KW, Tremaine WJ, Ilstrup DM.$$Coated oral 5-aminosalicylic acid therapy for mildly to moderately active ulcerative colitis 1987$$https://www.nejm.org/doi/full/10.1056/nejm198712243172603££Travis SP, Schnell D, Krzeski P, Abreu MT, Altman DG, Colombel JF, Feagan BG, Hanauer SB, Lichtenstein GR, Marteau PR, Reinisch W.$$Reliability and initial validation of the ulcerative colitis endoscopic index of severity 2013$$https://www.sciencedirect.com/science/article/pii/S0016508513010755££Lewis JD, Chuai S, Nessel L, Lichtenstein GR, Aberra FN, Ellenberg JH.$$Use of the noninvasive components of the Mayo score to assess clinical response in ulcerative colitis 2008$$https://academic.oup.com/ibdjournal/article-abstract/14/12/1660/4654949","0","Disease Activity Index (DAI) for Ulcerative Colitis: Assesses severity"
"166","MELD-NA","4","MELD-NAinfo","Gastroenterology abdomen liver hepatology hepatic","APRIinfo AUDIT-Cinfo SAAGinfo AlcoholMx DecompensatedCirrhosisMx UpperGIBleedMx AsciticFluidAnalysis","Kamath PS, Wiesner RH, Malinchoc M, Kremers W, Therneau TM, Kosberg CL, D'Amico G, Dickson RE, Kim RW.$$A model to predict survival in patients with end-stage liver disease 2001$$https://journals.lww.com/hep/abstract/2001/02000/A_Model_to_Predict_Survival_in_Patients_With.20.aspx££Wiesner R, Edwards E, Freeman R, Harper A, Kim R, Kamath P, Kremers W, Lake J, Howard T, Merion RM, Wolfe RA.$$Model for end-stage liver disease (MELD) and allocation of donor livers 2003$$https://www.sciencedirect.com/science/article/pii/S0016508503500221","0","Quantifies end-stage liver disease for transplant planning with sodium used by UNOS/OPTN"
"167","MEWS","4","MEWSinfo","Critical Care ITU Intensive Care Emergency GP","ANCinfo APACHEIISCOREinfo BAP-65SCOREinfo BISAPSCOREinfo GOLDinfo CURB-65info FeverPAINinfo GCSinfo GCSPUPILinfo GLASGOW-IMRIEinfo LRINECinfo MAPinfo NYHAinfo PEDISinfo SGARBOSSAMODIFIEDinfo mSOFAinfo QSOFAinfo DeterioratingPatientAx OphthalmologyEx FallsAx FeverAx HaematuriaAx HaematemesisAx HaemoptysisAx SOBAx AcuteSeizureMx ALS AnaphylaxisMx BradycardiaMx ColitisMx COPDExacerbationMx DecompensatedCirrhosisMx HeartFailureMx IVFluidMx PneumoniaMx PneumothoraxMx SedationMx Sepsis6 StrokeMx TachycardiaMx TransfusionReactionMx UpperGIBleedMx ABGAnalysis CXR RefeedingSyndrome","Subbe CP, Kruger M, Rutherford P, Gemmel L.$$Validation of a modified Early Warning Score in medical admissions 2001$$https://academic.oup.com/qjmed/article-abstract/94/10/521/1558977","0","Determines the degree of illness of a patient"
"168","BISHOP SCORE - MODIFIED","4","BISHOPSCOREMODIFIEDinfo","Obstetrics Gynaecology pregnancy birth","VascularAnatomy","Laughon SK, Zhang J, Troendle J, Sun L, Reddy UM$$Using a simplified Bishop score to predict vaginal delivery 2011$$https://journals.lww.com/greenjournal/fulltext/2011/04000/using_a_simplified_bishop_score_to_predict_vaginal.7.aspx££Newman RB, Goldenberg RL, Iams JD, Meis PJ, Mercer BM, Moawad AH, Thom E, Miodovnik M, Caritis SN, Dombrowski M$$Preterm prediction study: comparison of the cervical score and Bishop score for prediction of spontaneous preterm delivery 2008$$https://journals.lww.com/greenjournal/fulltext/2008/09000/Genital_Herpes_Complicating_Pregnancy.3.aspx££LANGE AP, SECHER NJ, WESTERGAARD JG, Skovgard IB$$Prelabor evaluation of inducibility 1982$$https://journals.lww.com/greenjournal/abstract/1982/08000/prelabor_evaluation_of_inducibility.1.aspx","0","Predicts likelihood of successful vaginal delivery with additional parameters to the original Bishop score"
"169","MUST","4","MUSTinfo","Critical Care ITU Intensive Care Gastroenterology Surgery General Surgery Geriatrics refeeding","CALCIUMCORRECTIONHYPOALBUMINinfo IDEALBODYWEIGHTinfo AlcoholMx DecompensatedCirrhosisMx HypocalcaemiaMx HypoglycaemiaMx HypokalemiaMx HypomagnesemiaMx HyponatremiaMx HypophosphatemiaMx NGTube PreOp RefeedingSyndrome","Elia M.$$The MUST report. Nutritional screening of adults: a multidisciplinary responsibility. 2003.$$https://www.bapen.org.uk/pdfs/must/must-report.pdf££Stratton RJ, Hackston A, Longmore D, Dixon R, Price S, Stroud M, King C, Elia M.$$Malnutrition in hospital outpatients and inpatients: prevalence, concurrent validity and ease of use of the malnutrition universal screening tool(MUST) for adults 2007$$https://www.cambridge.org/core/journals/british-journal-of-nutrition/article/malnutrition-in-hospital-outpatients-and-inpatients-prevalence-concurrent-validity-and-ease-of-use-of-the-malnutrition-universal-screening-tool-must-for-adults/16A4F69B78D03841C593BEC0FA463D14££Boleo-Tome C, Monteiro-Grillo I, Camilo M, Ravasco P.$$Validation of the malnutrition universal screening tool (MUST) in cancer.  2012$$https://www.cambridge.org/core/journals/british-journal-of-nutrition/article/validation-of-the-malnutrition-universal-screening-tool-must-in-cancer/62EAB1F43AEE66D528973ACD13A13E8D££Murphy J, Mayor A, Forde E.$$Identifying and treating older patients with malnutrition in primary care: the MUST screening tool 2018$$https://bjgp.org/content/68/672/344.short","0","Malnutrition Universal Screening Tool: identifies malnourished / risk of malnutrition"
"170","NEWS2","4","NEWS2info","Critical Care ITU Intensive Care Emergency GP deterioration NEWS","APACHEIISCOREinfo BAP-65SCOREinfo BISAPSCOREinfo GOLDinfo CURB-65info FeverPAINinfo GCSinfo GCSPUPILinfo GLASGOW-IMRIEinfo LRINECinfo MAPinfo MEWSinfo NEWS2info NYHAinfo PEDISinfo SGARBOSSAMODIFIEDinfo mSOFAinfo QSOFAinfo DeterioratingPatientAx OphthalmologyEx FallsAx FeverAx HaematuriaAx HaematemesisAx HaemoptysisAx SOBAx AcuteSeizureMx ALS AnaphylaxisMx BradycardiaMx ColitisMx COPDExacerbationMx DecompensatedCirrhosisMx HeartFailureMx IVFluidMx PneumoniaMx PneumothoraxMx SedationMx Sepsis6 StrokeMx TachycardiaMx TransfusionReactionMx UpperGIBleedMx ABGAnalysis CXR RefeedingSyndrome","Smith G, Redfern O, Pimentel M, Gerry S, Collins G, Malycha J, Prytherch D, Schmidt P, Watkinson P.$$The national early warning score 2 (NEWS2) 2019$$https://ora.ox.ac.uk/objects/uuid:953055dc-87aa-4448-b1a0-e6590abf77dd/files/ma45a21fb28eb1990f05f9faa94465a7b££Carr E, Bendayan R, Bean D, Stammers M, Wang W, Zhang H, Searle T, Kraljevic Z, Shek A, Phan HT, Muruet W.$$Evaluation and improvement of the National Early Warning Score (NEWS2) for COVID-19: a multi-hospital study 2021$$https://link.springer.com/article/10.1186/s12916-020-01893-3","0","Determines the degree of illness and prompts critical care intervention"
"171","NIHSS","4","NIHSSinfo","Neurology Geriatrics stroke","ABCD2info MODIFIEDRANKINinfo HeadacheAx LowGCSAx StrokeAx HeadacheMx StrokeMx NeuroAnatomy NeuroExam","Lyden P, Brott T, Tilley B, Welch KM, Mascha EJ, Levine S, Haley EC, Grotta J, Marler J.$$Improved reliability of the NIH Stroke Scale using video training. NINDS TPA Stroke Study Group 1994$$https://www.ahajournals.org/doi/abs/10.1161/01.STR.25.11.2220££Johnston KC, Connors Jr AF, Wagner DP, Haley Jr EC.$$Predicting outcome in ischemic stroke: external validation of predictive risk models. 2002$$https://www.ahajournals.org/doi/abs/10.1161/01.str.0000047102.61863.e3££Appelros P, Terent A.$$Characteristics of the National Institute of Health Stroke Scale: results from a population-based stroke cohort at baseline and after one year 2003$$https://www.karger.com/Article/Abstract/73894££Adams HP, Davis PH, Leira EC, Chang KC, Bendixen BH, Clarke WR, Woolson RF, Hansen MD.$$Baseline NIH Stroke Scale score strongly predicts outcome after stroke: a report of the Trial of Org 10172 in Acute Stroke Treatment (TOAST) 1999$$https://n.neurology.org/content/53/1/126.short","0","Calculates the NIH Stroke Scale for quantifying stroke severity"
"172","NYHA","4","NYHAinfo","Cardiology heart","SAAGinfo LegSwellingAx SOBAx ACSMx CXR ECG","Goldman LB, Hashimoto B, Cook EF, Loscalzo A$$Comparative reproducibility and validity of systems for assessing cardiovascular functional class: advantages of a new specific activity scale 1981 $$https://www.ahajournals.org/doi/abs/10.1161/01.CIR.64.6.1227££Raphael C, Briscoe C, Davies J, Whinnett ZI, Manisty C, Sutton R, Mayet J, Francis DP.$$Limitations of the New York Heart Association functional classification system and self-reported walking distances in chronic heart failure 2007$$https://heart.bmj.com/content/93/4/476.short","0","New York Heart Association Functional Classification for Heart Failure. Stratifies severity by symptoms"
"173","OTTAWA ANKLE RULE","4","OTTAWAANKLEinfo","Emergency Orthopaedics joint ankle fracture","OTTAWAKNEEinfo LegSwellingAx PainfulLimbAx MSKAnatomy MSKXray VascularAnatomy","Stiell IG, Greenberg GH, McKnight RD, Nair RC, McDowell I, Worthington JR$$A study to develop clinical decision rules for the use of radiography in acute ankle injuries 1992$$https://www.sciencedirect.com/science/article/pii/S0196064405826563££Shell IG, Greenberg GH, McKnight RD, Nair RC, McDowell I, Reardon M, Stewart JP, Maloney J$$Decision rules for the use of radiography in acute ankle injuries: refinement and prospective validation 1993$$https://jamanetwork.com/journals/jama/article-abstract/403941££Bachmann LM, Kolb E, Koller MT, Steurer J, ter Riet G$$Accuracy of Ottawa ankle rules to exclude fractures of the ankle and mid-foot: systematic review 2003$$https://www.bmj.com/content/326/7386/417.short££Gomes YE, Chau M, Banwell HA, Causby RS$$Diagnostic accuracy of the Ottawa ankle rule to exclude fractures in acute ankle injuries in adults: a systematic review and meta-analysis 2022$$https://link.springer.com/article/10.1186/s12891-022-05831-7","0","Criteria for ankle / foot trauma injuries to determine if plain radiographs are indicated"
"174","OTTAWA KNEE RULE","4","OTTAWAKNEEinfo","Emergency Orthopaedics joint knee fracture","OTTAWAANKLEinfo LegSwellingAx PainfulLimbAx MSKAnatomy MSKXray VascularAnatomy","Stiell IG, Greenberg GH, Wells GA, McKnight RD, Cwinn AA, Cacciotti T, McDowell I, Smith NA$$Derivation of a decision rule for the use of radiography in acute knee injuries 1995$$https://www.sciencedirect.com/science/article/pii/S0196064495701060££Stiell IG, Greenberg GH, Wells GA, McDowell I, Cwinn AA, Smith NA, Cacciotti TF, Sivilotti ML$$Prospective validation of a decision rule for the use of radiography in acute knee injuries 1996$$https://jamanetwork.com/journals/jama/article-abstract/397187££Cheung TC, Tank Y, Breederveld RS, Tuinebreijer WE, de Lange-de Klerk ES, Derksen RJ$$Diagnostic accuracy and reproducibility of the Ottawa Knee Rule vs the Pittsburgh Decision Rule 2013$$https://www.sciencedirect.com/science/article/pii/S0735675712005669££Emparanza JI, Aginaga JR$$Validation of the Ottawa knee rules 2001$$https://www.sciencedirect.com/science/article/pii/S0196064401514043££Bachmann LM, Haberzeth S, Steurer J, ter Riet G$$The accuracy of the Ottawa knee rule to rule out knee fractures: a systematic review 2004$$https://www.acpjournals.org/doi/abs/10.7326/0003-4819-140-5-200403020-00013","0","Criteria for knee trauma injuries to determine if plain radiographs are indicated"
"175","OTTAWA SAH RULE","4","OTTAWASAHRULEinfo","Emergency Neurology headache gcs haemorrhage ICP","NIHSSinfo HeadacheAx LowGCSAx CervicalSpineInjury HeadInjury HeadacheMx CSFAnalysis NeuroAnatomy NeuroExam","Perry JJ, Stiell IG, Sivilotti ML, Bullard MJ, Lee JS, Eisenhauer M, Symington C, Mortensen M, Sutherland J, Lesiuk H, Wells GA$$High risk clinical characteristics for subarachnoid haemorrhage in patients with acute headache: prospective cohort study 2010$$https://www.bmj.com/content/341/bmj.c5204.abstract££Perry JJ, Stiell IG, Sivilotti ML, Bullard MJ, Hohl CM, Sutherland J, Emond M, Worster A, Lee JS, Mackey D, Pauls M$$Clinical decision rules to rule out subarachnoid hemorrhage for acute headache 2013$$https://jamanetwork.com/journals/jama/article-abstract/1741823££Bellolio MF, Hess EP, Gilani WI, VanDyck TJ, Ostby SA, Schwarz JA, Lohse CM, Rabinstein AA$$External validation of the Ottawa subarachnoid hemorrhage clinical decision rule in patients with acute headache 2019$$https://www.sciencedirect.com/science/article/pii/S0735675714008845££Perry JJ, Sivilotti ML, Emond M, Hohl CM, Khan M, Lesiuk H, Abdulaziz K, Wells GA, Stiell IG$$Prospective implementation of the Ottawa subarachnoid hemorrhage rule and 6-hour computed tomography rule 2020$$https://www.ahajournals.org/doi/abs/10.1161/STROKEAHA.119.026969","0","Rules out SAH in patients with headache"
"177","PAINAD SCALE","4","PAINADVANCEDDEMENTIAinfo","Geriatrics Psychiatry","4ASDELERIUMinfo AbbeyPainScaleinfo ConfusionAx PainMx CapacityConsent","Warden V, Hurley AC, Volicer L$$Development and psychometric evaluation of the Pain Assessment in Advanced Dementia (PAINAD) scale 2003$$https://www.sciencedirect.com/science/article/pii/S1525861004702583££Hutchison RW, Tucker Jr WF, Kim S, Gilder R$$Evaluation of a behavioral assessment tool for the individual unable to self-report pain 2006$$https://journals.sagepub.com/doi/abs/10.1177/1049909106290244££DeWaters T, Faut-Callahan M, McCann JJ, Paice JA, Fogg L, Hollinger-Smith L, Sikorski K, Stanaitis H$$Comparison of self-reported pain and the PAINAD scale in hospitalized cognitively impaired and intact older adults after hip fracture surgery 2008$$https://journals.lww.com/orthopaedicnursing/fulltext/2008/01000/Comparison_of_Self_Reported_Pain_and_the_PAINAD.6.aspx","0","Assesses pain in patients with advanced dementia"
"180","PEDIS","4","PEDISinfo","Endocrinology Orthopaedics diabetes ulcer","MEWSinfo NEWS2info","Uysal S, Arda B, Tasbakan MI, Sevki, Cetinkalp, Ilgin Y Simsir, Anıl M Oztürk, Ayse Uysal, Ilgen Ertam$$Risk factors for amputation in patients with diabetic foot infection: a prospective study 2017 $$https://onlinelibrary.wiley.com/doi/abs/10.1111/iwj.12788££Chuan F, Tang K, Jiang P, Zhou B, He X.$$Reliability and validity of the perfusion, extent, depth, infection and sensation (PEDIS) classification system and score in patients with diabetic foot ulcer 2015$$https://journals.plos.org/plosone/article?id=10.1371/journal.pone.0124739","0","Predicts likelihood of adverse outcomes in diabetic foot ulcers"
"181","PEFR","4","PEFRinfo","GP Respiratory asthma SOB","SOBAx AcuteAsthmaMx CXR OxygenDelivery","Knudson RJ, Lebowitz MD, Holberg CJ, Burrows B.$$Changes in the normal maximal expiratory flow-volume curve with growth and aging 1982$$https://www.atsjournals.org/doi/abs/10.1164/arrd.1983.127.6.725££Hankinson JL, Odencrantz JR, Fedan KB.$$Spirometric reference values from a sample of the general US population 1999$$https://www.atsjournals.org/doi/abs/10.1164/ajrccm.159.1.9712108££Host A, Host AH, Ibsen T.$$Peak expiratory flow rate in healthy children aged 6-17 years 1994$$https://onlinelibrary.wiley.com/doi/abs/10.1111/j.1651-2227.1994.tb13008.x","0","Determines the predicted maximum PEFR (peak expiratory flow rate) for ages 5+"
"182","PHQ-9","4","PHQ-9info","GP Psychiatry anxiety","GAD-7info HAMILTONANXIETYSCALEinfo KINGSCRITERIAinfo MDIinfo ConfusionAx AlcoholMx CapacityConsent","Levis B, Benedetti A, Thombs BD$$Accuracy of Patient Health Questionnaire-9 (PHQ-9) for screening to detect major depression: individual participant data meta-analysis 2019$$https://www.bmj.com/content/365/bmj.l1476.abstract££Kroenke K, Spitzer RL, Williams JB$$The PHQ-9: validity of a brief depression severity measure 2001$$https://onlinelibrary.wiley.com/doi/abs/10.1046/J.1525-1497.2001.016009606.X££Arroll B, Goodyear-Smith F, Crengle S, Gunn J, Kerse N, Fishman T, Falloon K, Hatcher S$$Validation of PHQ-2 and PHQ-9 to screen for major depression in the primary care population 2010$$https://www.annfammed.org/content/8/4/348.short££Beard C, Hsu KJ, Rifkin LS, Busch AB, Bj√∂rgvinsson T$$Validation of the PHQ-9 in a psychiatric sample 2016$$https://www.sciencedirect.com/science/article/pii/S0165032715310272","0","Screening tool to diagnose depression and quantify severity"
"183","PACK YEARS CALC","4","PackYearsCalcinfo","GP Respiratory Cardiology lung chest","BAP-65SCOREinfo GOLDinfo CURB-65info SOBAx COPDExacerbationMx PneumoniaMx CXR","Janjigian YY, McDonnell K, Kris MG, Shen R, Sima CS, Bach PB, Rizvi NA, Riely GJ.$$Pack-years of cigarette smoking as a prognostic factor in patients with stage IIIB/IV nonsmall cell lung cancer 2009$$https://acsjournals.onlinelibrary.wiley.com/doi/abs/10.1002/cncr.24813££Wood DE, Kazerooni EA, Baum SL, Eapen GA, Ettinger DS, Hou L, Jackman DM, Klippenstein D, Kumar R, Lackner RP, Leard LE.$$Lung cancer screening, version 3 2018 NCCN clinical practice guidelines in oncology 2018$$https://pubmed.ncbi.nlm.nih.gov/29632061/","0","Calculates pack years in patients with any smoking history."
"184","MODIFIED RANKIN","4","MODIFIEDRANKINinfo","Neurology Geriatrics stroke","BISAPSCOREinfo NIHSSinfo StrokeAx StrokeMx NeuroAnatomy NeuroExam","Van Swieten JC, Koudstaal PJ, Visser MC, Schouten HJ, Van Gijn J.$$Interobserver agreement for the assessment of handicap in stroke patients 1988$$https://www.ahajournals.org/doi/abs/10.1161/01.STR.19.5.604££Banks JL, Marotta CA.$$Outcomes validity and reliability of the modified Rankin scale: implications for stroke clinical trials: a literature review and synthesis 2007$$https://www.ahajournals.org/doi/abs/10.1161/01.STR.0000258355.23810.c6££Fearon P, McArthur KS, Garrity K, Graham LJ, McGroarty G, Vincent S, Quinn TJ.$$Prestroke modified rankin stroke scale has moderate interobserver reliability and validity in an acute stroke setting 2012$$https://www.ahajournals.org/doi/abs/10.1161/strokeaha.112.670422","0","Measures the degree of disability in ADL in stroke / neurological disability patients"
"185","ROCKALL POST-ENDOSCOPY","4","ROCKALLPOST-ENDOSCOPYinfo","Emergency Gastroenterology Surgery General Surgery haemorrhage UGIB","FORRESTinfo GLASGOWBLATCHFORDinfo ROCKALLPRE-ENDOSCOPYinfo HaematemesisAx AlcoholMx TransfusionMx UpperGIBleedMx ClottingProducts TransfusionConsent","Rockall TA, Logan RF, Devlin HB, Northfield TC.$$Risk assessment after acute upper gastrointestinal haemorrhage 1996$$https://gut.bmj.com/content/38/3/316.short££ Kim BJ, Park MK, Kim SJ, Kim ER, Min BH, Son HJ, Rhee PL, Kim JJ, Rhee JC, Lee JH.$$Comparison of scoring systems for the prediction of outcomes in patients with nonvariceal upper gastrointestinal bleeding: a prospective study 2009$$https://link.springer.com/article/10.1007/s10620-008-0654-7££Vreeburg EM, Terwee CB, Snel P, Rauws EA, Bartelsman JF, Vd Meulen JH, Tytgat GN.$$Validation of the Rockall risk scoring system in upper gastrointestinal bleeding 1999$$https://gut.bmj.com/content/44/3/331.abstract","0","Determines severity of GI bleeding, post endoscopy"
"186","ROCKALL PRE-ENDOSCOPY","4","ROCKALLPRE-ENDOSCOPYinfo","Emergency Gastroenterology Surgery General Surgery haemorrhage UGIB","FORRESTinfo GLASGOWBLATCHFORDinfo ROCKALLPOST-ENDOSCOPYinfo HaematemesisAx AlcoholMx TransfusionMx UpperGIBleedMx ClottingProducts TransfusionConsent","Rockall TA, Logan RF, Devlin HB, Northfield TC.$$Risk assessment after acute upper gastrointestinal haemorrhage 1996$$https://gut.bmj.com/content/38/3/316.short££ Vreeburg EM, Terwee CB, Snel P, Rauws EA, Bartelsman JF, Vd Meulen JH, Tytgat GN.$$Validation of the Rockall risk scoring system in upper gastrointestinal bleeding 1999$$https://gut.bmj.com/content/44/3/331.abstract","0","Determines severity of GI bleeding, prior to endoscopy"
"187","ROPER-HALL CLASSIFICATION","4","ROPERHALLinfo","Ophthalmology chemical eye alkali acid","MEWSinfo NEWS2info OphthalmologyEx OphthalmologyMx","Gupta N, Kalaivani M, Tandon R$$Comparison of prognostic value of Roper Hall and Dua classification systems in acute ocular burns 2011$$https://pubmed.ncbi.nlm.nih.gov/20805137/££Singh P, Tyagi M, Kumar Y, Gupta KK, Sharma PD$$Ocular chemical injuries and their management 2013$$https://journals.lww.com/ojoo/fulltext/2013/06020/ocular_chemical_injuries_and_their_management.3.aspx££Merle H, Gerard M, Schrage N$$Severe ocular burn 2011$$https://www.prevor.com/app/uploads/sites/4/2020/09/severe-ocular-burns-h.-merle-eur-ophthal.pdf","0","Roper-Hall classification of ocular chemical injuries"
"188","ROME IV IBS","4","RomeIVIBSinfo","Gastroenterology GP IBS bowel","AIRinfo CDAIinfo HARVEY-BRADSHAWinfo MAYOSCOREinfo TRUELOVEWITTSinfo AbdoPainAx ColitisMx ConstipationMx","Palsson OS, Whitehead WE, Van Tilburg MA, Chang L, Chey W, Crowell MD, Keefer L, Lembo AJ, Parkman HP, Rao SS, Sperber A$$Development and validation of the Rome IV diagnostic questionnaire for adults.  2016$$https://www.sciencedirect.com/science/article/pii/S0016508516001803££Schmulson MJ, Drossman DA$$What is new in Rome IV 2017$$https://www.ncbi.nlm.nih.gov/pmc/articles/PMC5383110/££Drossman DA, Hasler WL$$Rome IV Dyfunctional GI disorders: disorders of gut-brain interaction 2016$$https://www.gastrojournal.org/article/S0016-5085(16)30048-8/abstract","0","Official Rome IV criteria for the diagnosis of irritable bowel syndrome"
"189","SAAG","4","SAAGinfo","Gastroenterology liver hepatology hepatic cirrhosis ascites ascitic","APRIinfo AUDIT-Cinfo CAGEQUESTIONNAIREinfo CHILD-PUGHinfo CALCIUMCORRECTIONHYPOALBUMINinfo MELD-NAinfo NYHAinfo UKELDinfo WESTHAVENinfo AbdoPainAx AlcoholMx DecompensatedCirrhosisMx AsciticFluidAnalysis","Hoefs JC.$$The mechanism of ascitic fluid protein concentration increase during diuresis in patients with chronic liver disease 1981$$https://www.researchgate.net/profile/John-Hoefs/publication/15862230_The_mechanism_of_ascitic_fluid_protein_concentration_increase_during_diuresis_in_patients_with_chronic_liver_disease/links/54dc4d790cf23fe133b0f8c0/The-mechanism-of-ascitic-fluid-protein-concentration-increase-during-diuresis-in-patients-with-chronic-liver-disease.pdf££Pare P, Talbot J, Hoefs JC.$$Serum-ascites albumin concentration gradient: a physiologic approach to the differential diagnosis of ascites 1983$$https://www.sciencedirect.com/science/article/pii/0016508583903062","0","Serum Ascites Albumin Gradient. Helps determine the possible underlying cause of ascites"
"190","SGARBOSSA MODIFIED","4","SGARBOSSAMODIFIEDinfo","Cardiology Emergency GP ACS ECG chest heart","BRUGADACRITERIAinfo VANCOUVERinfo ChestPainAx ACSMx AFMx ALS TachycardiaMx ECG","Sgarbossa EB, Pinski SL, Barbagelata A, Underwood DA, Gates KB, Topol EJ, Califf RM, Wagner GS$$Electrocardiographic diagnosis of evolving acute myocardial infarction in the presence of left bundle-branch block 1996$$https://www.nejm.org/doi/full/10.1056/nejm199602223340801££Smith SW, Dodd KW, Henry TD, Dvorak DM, Pearce LA$$Diagnosis of ST-elevation myocardial infarction in the presence of left bundle branch block with the ST-elevation to S-wave ratio in a modified Sgarbossa rule 2012$$https://www.sciencedirect.com/science/article/pii/S0196064412013686","0","Criteria to diagnose acute MI in patients with prior LBBB"
"191","SODIUM CORRECTION","4","SODIUMCORRECTIONinfo","Critical Care ITU Intensive Care Endocrinology Renal Nephrology diabetes sodium","HyperglycaemiaMx HyponatremiaMx IVFluidMx Insulin","Katz MA.$$Hyperglycemia-induced hyponatremia-calculation of expected serum sodium depression 1973$$https://www.nejm.org/doi/pdf/10.1056/NEJM197310182891607££Hillier TA, Abbott RD, Barrett EJ.$$Hyponatremia: evaluating the correction factor for hyperglycemia 1999$$https://www.sciencedirect.com/science/article/pii/S0002934399000558","0","Calculates the actual sodium level in patients with hyperglycemia"
"192","MODIFIED STONE SCORE","4","STONESCOREinfo","Renal Nephrology stone ureteric abdomen","AbdoPainAx HaematuriaAx","Hernandez N, Song Y, Noble VE, Eisner BH$$Predicting ureteral stones in emergency department patients with flank pain: an external validation of the STONE score 2016$$https://link.springer.com/article/10.1007/s00345-016-1760-3££Shiboski S, Wang RC, Rodriguez RM, Moghadassi M, Noble V, Bailitz J, Mallin M, Corbo J, Kang TL, Chu P$$External Validation of the STONE Score, a Clinical Prediction Rule for Ureteral Stone: An Observational Multi-institutional Study 2016$$https://www.sciencedirect.com/science/article/pii/S0196064415012007££Schoenfeld EM, Poronsky KE, Elia TR, Budhram GR, Garb JL, Mader TJ$$Validity of STONE scores in younger patients presenting with suspected uncomplicated renal colic 2016$$https://www.sciencedirect.com/science/article/pii/S0735675715009225££Kim B, Kim K, Kim J, Jo YH, Lee JH, Hwang JE, Park J$$External validation of the STONE score and derivation of the modified STONE score 2016$$https://www.sciencedirect.com/science/article/pii/S0735675716301942££Moore CL, Bomann S, Daniels B, Luty S, Molinaro A, Singh D, Gross CP$$Derivation and validation of a clinical prediction rule for uncomplicated ureteral stone, the STONE score: retrospective and prospective observational cohort studies 2014$$https://www.bmj.com/content/348/bmj.g2191.short","0","Predicts likelihood of ureteral stone in uncomplicated patients with flank pain. Modified as does not include Race"
"193","STOP-BANG","4","STOP-BANGinfo","GP Respiratory SOB sleep","SOBAx CXR Insulin","Chung F, Yegneswaran B, Liao P, Chung SA, Vairavanathan S, Islam S, Khajehdehi A, Shapiro CM.$$STOP questionnaire: a tool to screen patients for obstructive sleep apnea 2008$$https://pubmed.ncbi.nlm.nih.gov/18431116/££Nagappa M, Liao P, Wong J, Auckley D, Ramachandran SK, Memtsoudis S, Mokhlesi B, Chung F.$$Validation of the STOP-Bang questionnaire as a screening tool for obstructive sleep apnea among different populations: a systematic review and meta-analysis. 2015$$https://journals.plos.org/plosone/article?id=10.1371/journal.pone.0143697","0","Screens for obstructive sleep apnea"
"194","SERUM OSMOLALITY","4","SERUMOSMOLALITYinfo","Critical Care ITU Intensive Care Endocrinology Renal Nephrology kidney","HYPONATRAEMIANADEFICIT-ADULTinfo LowUrineOutputAx HyperglycaemiaMx HyperkalemiaMx HypokalemiaMx HyponatremiaMx IVFluidMx ABGAnalysis Insulin IVFluids","Siervo M, Bunn D, Prado CM, Hooper L.$$Accuracy of prediction equations for serum osmolarity in frail older people with and without diabetes 2014$$https://pmc.ncbi.nlm.nih.gov/articles/PMC4135495/££Glasser L, Sternglanz PD, Combie J, Robinson A.$$Serum osmolality and its applicability to drug overdose 1973$$https://academic.oup.com/ajcp/article-abstract/60/5/695/1770734££Rasouli M.$$Basic concepts and practical equations on osmolality: biochemical approach 2016$$https://www.sciencedirect.com/science/article/pii/S0009912016300972","0","Calculates the expected serum osmolality to allow comparison to measured osmolality"
"195","TRUELOVE WITTS","4","TRUELOVEWITTSinfo","Gastroenterology abdomen IBD inflammatory bowel","ATLASSCORECDIFFinfo CDAIinfo HARVEY-BRADSHAWinfo MAYOSCOREinfo MEWSinfo NEWS2info AbdoPainAx RectalBleedingAx ColitisMx AXR","Sc T, Lj W.$$Cortisone in ulcerative colitis; final report on a therapeutic trial 1955$$https://europepmc.org/articles/pmc1981500?pdf=render££Jain S, Kedia S, Bopanna S, Yadav DP, Goyal S, Sahni P, Pal S, Dash NR, Makharia G, Travis SP, Ahuja V.$$Are Truelove and Witts criteria for diagnosing acute severe colitis relevant for the Indian population? A prospective study 2018$$https://www.ncbi.nlm.nih.gov/pmc/articles/PMC5797274/","0","Stratifies severity of Ulcerative Colitis"
"196","TWIST","4","TWISTinfo","Emergency abdomen urology testicle scrotum","AbdoPainAx","Manohar CS, Gupta A, Keshavamurthy R, Shivalingaiah M, Sharanbasappa BR, Singh VK$$Evaluation of Testicular Workup for Ischemia and Suspected Torsion score in patients presenting with acute scrotum.  2018$$https://journals.lww.com/urol/fulltext/2018/10010/evaluation_of_testicular_workup_for_ischemia_and.4.aspx££Pan P$$Validation of the testicular workup for ischemia and suspected torsion (TWIST) score in the diagnosis of testicular torsion in children with acute scrotum 2020$$https://link.springer.com/article/10.1007/s13312-020-1992-6££Barbosa JA, de Freitas PF, Carvalho SA, Coelho AQ, Yorioka MA, Pereira MW, Borges LL, Srougi M, Nahas WC, Arap MA$$Validation of the TWIST score for testicular torsion in adults 2021$$https://link.springer.com/article/10.1007/s11255-020-02618-4££Barbosa JA, Tiseo BC, Barayan GA, Rosman BM, Torricelli FC, Passerotti CC, Srougi M, Retik AB, Nguyen HT$$Development and initial validation of a scoring system to diagnose testicular torsion in children 2013$$https://www.auajournals.org/doi/abs/10.1016/j.juro.2012.10.056","0","Testicular workup for ischaemia and suspected torsion: Diagnosis of testicular torsion / indication for ultrasound"
"197","UKELD","4","UKELDinfo","Gastroenterology liver hepatic hepatology","APRIinfo AUDIT-Cinfo CAGEQUESTIONNAIREinfo CHILD-PUGHinfo MELD-NAinfo SAAGinfo WESTHAVENinfo HaematemesisAx AlcoholMx DecompensatedCirrhosisMx UpperGIBleedMx AsciticFluidAnalysis","Barber K, Madden S, Allen J, Collett D, Neuberger J, Gimson A.$$Elective liver transplant list mortality: development of a United Kingdom end-stage liver disease score 2011$$https://journals.lww.com/transplantjournal/fulltext/2011/08270/Elective_Liver_Transplant_List_Mortality_.14.aspx££Barber K, Madden S, Allen J, Collett D, Neuberger J, Gimson A.$$Elective liver transplant list mortality: development of a United Kingdom end-stage liver disease score 2011$$https://journals.lww.com/transplantjournal/fulltext/2011/08270/Elective_Liver_Transplant_List_Mortality_.14.aspx","0","Predicts mortality in end-stage liver disease patients for transplant planning (UK)"
"198","URINE ANION GAP","4","URINEANIONGAPinfo","Critical Care ITU Intensive Care Endocrinology Renal Nephrology medicine","AKINCLASSIFICATIONinfo ANIONinfo ANIONCorrectedinfo BUNinfo HYPONATRAEMIANADEFICIT-ADULTinfo SERUMOSMOLALITYinfo LowUrineOutputAx HypercalcaemiaMx HyperglycaemiaMx HyperkalemiaMx HypoglycaemiaMx IVFluidMx ABGAnalysis","Goldstein MB, Bear R, Richardson RM, Marsden PA, Halperin ML$$The urine anion gap: a clinically useful index of ammonium excretion 1986$$https://www.sciencedirect.com/science/article/pii/S0002962915368865££Kim GH, Han JS, Kim YS, Joo KW, Kim S, Lee JS$$Evaluation of urine acidification by urine anion gap and urine osmolal gap in chronic metabolic acidosis 1996$$https://www.sciencedirect.com/science/article/pii/S0272638696900293","0","Detects urine acidosis for evaluation of non-gap metabolic acidosis"
"199","VANCOUVER CHEST PAIN","4","VANCOUVERinfo","Cardiology Emergency GP ACS ECG chest heart","SGARBOSSAMODIFIEDinfo ChestPainAx ACSMx ECG","Cullen L, Greenslade JH, Than M, Brown AF, Hammett CJ, Lamanna A, Flaws DF, Chu K, Fowles LF, Parsonage WA$$The new Vancouver Chest Pain Rule using troponin as the only biomarker: an external validation study 2014$$https://www.sciencedirect.com/science/article/pii/S073567571300692X££Scheuermeyer FX, Wong H, Yu E, Boychuk B, Innes G, Grafstein E, Gin K, Christenson J$$Development and validation of a prediction rule for early discharge of low-risk emergency department patients with potential ischemic chest pain 2015$$https://www.cambridge.org/core/journals/canadian-journal-of-emergency-medicine/article/development-and-validation-of-a-prediction-rule-for-early-discharge-of-lowrisk-emergency-department-patients-with-potential-ischemic-chest-pain/5971456B5FBEF93E8B1813C3E6CDF490","0","Identifies chest pain patients who are low risk and safe to discharge"
"200","WELLS DVT","4","WELLSDVTinfo","Emergency GP Haematology Orthopaedics SOB leg swelling","CHA2DS2-VAScScoreinfo WELLSPEinfo LegSwellingAx PainfulLimbAx DVTPEMx INRMx VascularAnatomy","Wells P, Hirsh J, Anderson D, Lensing AA, Foster G, Kearon C, Weitz J, D'Ovidio R, Cogo A, Prandoni P, Girolami A.$$Accuracy of clinical assessment of deep-vein thrombosis 1995$$https://www.sciencedirect.com/science/article/pii/S014067369592535X££Wells PS, Anderson DR, Bormanis J, Guy F, Mitchell M, Gray L, Clement C, Robinson KS, Lewandowski B.$$Value of assessment of pretest probability of deep-vein thrombosis in clinical management 1997$$https://www.sciencedirect.com/science/article/pii/S0140673697081403££Wells PS, Anderson DR, Rodger M, Forgie M, Kearon C, Dreyer J, Kovacs G, Mitchell M, Lewandowski B, Kovacs MJ.$$Evaluation of D-dimer in the diagnosis of suspected deep-vein thrombosis 2003$$https://www.nejm.org/doi/full/10.1056/NEJMoa023153££Scarvelis D, Wells PS.$$Diagnosis and treatment of deep-vein thrombosis 2006$$https://www.cmaj.ca/content/175/9/1087.short","0","Calculates risk of DVT based on clinical criteria"
"201","WELLS PE","4","WELLSPEinfo","Emergency GP Haematology Respiratory SOB chest haemoptysis","AGE-ADJUSTEDD-DIMERinfo CHA2DS2-VAScScoreinfo WELLSDVTinfo ChestPainAx HaemoptysisAx LegSwellingAx PainfulLimbAx DVTPEMx INRMx TachycardiaMx CXR ECG OxygenDelivery","Wells PS, Anderson DR, Rodger M, Stiell I, Dreyer JF, Barnes D, Forgie M, Kovacs G, Ward J, Kovacs MJ.$$Excluding pulmonary embolism at the bedside without diagnostic imaging: management of patients with suspected pulmonary embolism presenting to the emergency department by using a simple clinical model and d-dimer 2001$$https://www.acpjournals.org/doi/abs/10.7326/0003-4819-135-2-200107170-00010££Wolf SJ, McCubbin TR, Feldhaus KM, Faragher JP, Adcock DM.$$Prospective validation of Wells Criteria in the evaluation of patients with suspected pulmonary embolism 2004$$https://www.sciencedirect.com/science/article/pii/S0196064404003385","0","Calculates risk of PE based on clinical criteria"
"202","WEST HAVEN CRITERIA","4","WESTHAVENinfo","Critical Care ITU Intensive Care Emergency Gastroenterology liver hepatology","APRIinfo AUDIT-Cinfo CAGEQUESTIONNAIREinfo CHILD-PUGHinfo CIWA-Arinfo KINGSCRITERIAinfo LILLEMODELinfo MADDREY'Sinfo MELD-NAinfo ConfusionAx LowGCSAx StrokeAx AlcoholMx DecompensatedCirrhosisMx ParacetamolOverdoseMx UpperGIBleedMx","Hern Jr HG, Ortega RL, Sacchetti A, Strayer R.$$Hepatic Failure: An Evidence-Based Approach In The Emergency Department 2010$$https://emninja.org/wp-content/uploads/2021/03/Hepatic-Failure-EBM.pdf","0","Defines criteria for the grades / stages of hepatic encephalopathy"
"203","MSOFA","4","mSOFAinfo","Critical Care ITU Intensive Care sepsis","APACHEIISCOREinfo CLIF-CACLFinfo ISTHCRITERIAinfo MEWSinfo NEWS2info DeterioratingPatientAx FeverAx LowUrineOutputAx EndOfLifeMedications Sepsis6 ABGAnalysis OxygenDelivery","Rahmatinejad Z, Reihani H, Tohidinezhad F, Rahmatinejad F, Peyravi S, Pourmand A, Abu-Hanna A, Eslami S$$Predictive performance of the SOFA and mSOFA scoring systems for predicting in-hospital mortality in the emergency department 2019$$https://www.sciencedirect.com/science/article/pii/S073567571830740X££Grissom CK, Brown SM, Kuttler KG, Boltax JP, Jones J, Jephson AR, Orme JF$$A modified sequential organ failure assessment score for critical care triage 2013$$https://www.cambridge.org/core/journals/disaster-medicine-and-public-health-preparedness/article/modified-sequential-organ-failure-assessment-score-for-critical-care-triage/F210423E92C5B23D6AD203AB25D6EB0D","0","Modified Sequential Organ Failure Assessment: predicts ICU mortality similar to SOFA but less variables"
"204","QSOFA","4","QSOFAinfo","Critical Care ITU Intensive Care Emergency sepsis","APACHEIISCOREinfo CLIF-CACLFinfo ISTHCRITERIAinfo MEWSinfo NEWS2info mSOFAinfo ConfirmingDeath DeterioratingPatientAx FeverAx LowUrineOutputAx EndOfLifeMedications Sepsis6 ABGAnalysis OxygenDelivery","Seymour CW, Liu VX, Iwashyna TJ, Brunkhorst FM, Rea TD, Scherag A, Rubenfeld G, Kahn JM, Shankar-Hari M, Singer M, Deutschman CS.$$Assessment of clinical criteria for sepsis: for the Third International Consensus Definitions for Sepsis and Septic Shock (Sepsis-3) 2016$$https://jamanetwork.com/journals/jama/article-abstract/2492875££Shankar-Hari M, Phillips GS, Levy ML, Seymour CW, Liu VX, Deutschman CS, Angus DC, Rubenfeld GD, Singer M.$$Developing a new definition and assessing new clinical criteria for septic shock: for the Third International Consensus Definitions for Sepsis and Septic Shock (Sepsis-3) 2016 $$https://jamanetwork.com/journals/jama/article-abstract/2492876££Freund Y, Lemachatti N, Krastinova E, Van Laer M, Claessens YE, Avondo A, Occelli C, Feral-Pierssens AL, Truchot J, Ortega M, Carneiro B.$$Prognostic accuracy of sepsis-3 criteria for in-hospital mortality among patients with suspected infection presenting to the emergency department 2017$$https://jamanetwork.com/journals/jama/article-abstract/2598268££Raith EP, Udy AA, Bailey M, McGloughlin S, MacIsaac C, Bellomo R, Pilcher DV.$$Prognostic accuracy of the SOFA score, SIRS criteria, and qSOFA score for in-hospital mortality among adults with suspected infection admitted to the intensive care unit 2017$$https://jamanetwork.com/journals/jama/article-abstract/2598267","0","Identifies high-risk patients for in-hospital mortality with suspected infection"